"Live Graph Properties",
"Device","Status","Serial Number",
"1","Enabled","354044",
"2","Disabled","",
"3","Disabled","",
"4","Disabled","",
"5","Disabled","",
"6","Disabled","",
"7","Disabled","",
"8","Disabled","",
"9","Disabled","",
"10","Disabled","",
"11","Disabled","",
"12","Disabled","",
"13","Disabled","",
"14","Disabled","",
"15","Disabled","",
"16","Disabled","",
"Sum","Disabled","",
"Math","Disabled","",

"Device 1",
"Live Graph Table",
"Sample Number","Tracking Value","Date","Time",
"0","18.59978","8/28/2026 2:35:03 PM","8/28/2026 2:35:03 PM",
"1","18.59978","8/28/2026 2:35:03 PM","8/28/2026 2:35:03 PM",
"2","18.59975","8/28/2026 2:35:03 PM","8/28/2026 2:35:03 PM",
"3","18.59975","8/28/2026 2:35:03 PM","8/28/2026 2:35:03 PM",
"4","18.59952","8/28/2026 2:35:03 PM","8/28/2026 2:35:03 PM",
"5","18.59952","8/28/2026 2:35:03 PM","8/28/2026 2:35:03 PM",
"6","18.59966","8/28/2026 2:35:03 PM","8/28/2026 2:35:03 PM",
"7","18.59966","8/28/2026 2:35:03 PM","8/28/2026 2:35:03 PM",
"8","18.59956","8/28/2026 2:35:03 PM","8/28/2026 2:35:03 PM",
"9","18.59956","8/28/2026 2:35:03 PM","8/28/2026 2:35:03 PM",
"10","18.6006","8/28/2026 2:35:03 PM","8/28/2026 2:35:03 PM",
"11","18.6006","8/28/2026 2:35:03 PM","8/28/2026 2:35:03 PM",
"12","18.60015","8/28/2026 2:35:03 PM","8/28/2026 2:35:03 PM",
"13","18.60015","8/28/2026 2:35:03 PM","8/28/2026 2:35:03 PM",
"14","18.60023","8/28/2026 2:35:03 PM","8/28/2026 2:35:03 PM",
"15","18.60023","8/28/2026 2:35:03 PM","8/28/2026 2:35:03 PM",
"16","18.59981","8/28/2026 2:35:03 PM","8/28/2026 2:35:03 PM",
"17","18.59981","8/28/2026 2:35:03 PM","8/28/2026 2:35:03 PM",
"18","18.59969","8/28/2026 2:35:03 PM","8/28/2026 2:35:03 PM",
"19","18.59969","8/28/2026 2:35:03 PM","8/28/2026 2:35:03 PM",
"20","18.59966","8/28/2026 2:35:03 PM","8/28/2026 2:35:03 PM",
"21","18.59966","8/28/2026 2:35:03 PM","8/28/2026 2:35:03 PM",
"22","18.59976","8/28/2026 2:35:03 PM","8/28/2026 2:35:03 PM",
"23","18.59976","8/28/2026 2:35:03 PM","8/28/2026 2:35:03 PM",
"24","18.59962","8/28/2026 2:35:03 PM","8/28/2026 2:35:03 PM",
"25","18.59962","8/28/2026 2:35:03 PM","8/28/2026 2:35:03 PM",
"26","18.59986","8/28/2026 2:35:03 PM","8/28/2026 2:35:03 PM",
"27","18.59986","8/28/2026 2:35:03 PM","8/28/2026 2:35:03 PM",
"28","18.59998","8/28/2026 2:35:03 PM","8/28/2026 2:35:03 PM",
"29","18.59998","8/28/2026 2:35:03 PM","8/28/2026 2:35:03 PM",
"30","18.60009","8/28/2026 2:35:03 PM","8/28/2026 2:35:03 PM",
"31","18.60009","8/28/2026 2:35:03 PM","8/28/2026 2:35:03 PM",
"32","18.60009","8/28/2026 2:35:03 PM","8/28/2026 2:35:03 PM",
"33","18.60009","8/28/2026 2:35:03 PM","8/28/2026 2:35:03 PM",
"34","18.59945","8/28/2026 2:35:03 PM","8/28/2026 2:35:03 PM",
"35","18.59945","8/28/2026 2:35:03 PM","8/28/2026 2:35:03 PM",
"36","18.59966","8/28/2026 2:35:03 PM","8/28/2026 2:35:03 PM",
"37","18.59966","8/28/2026 2:35:03 PM","8/28/2026 2:35:03 PM",
"38","18.59994","8/28/2026 2:35:03 PM","8/28/2026 2:35:03 PM",
"39","18.59994","8/28/2026 2:35:03 PM","8/28/2026 2:35:03 PM",
"40","18.59995","8/28/2026 2:35:03 PM","8/28/2026 2:35:03 PM",
"41","18.59995","8/28/2026 2:35:03 PM","8/28/2026 2:35:03 PM",
"42","18.59974","8/28/2026 2:35:03 PM","8/28/2026 2:35:03 PM",
"43","18.59974","8/28/2026 2:35:03 PM","8/28/2026 2:35:03 PM",
"44","18.60007","8/28/2026 2:35:03 PM","8/28/2026 2:35:03 PM",
"45","18.60007","8/28/2026 2:35:03 PM","8/28/2026 2:35:03 PM",
"46","18.59985","8/28/2026 2:35:03 PM","8/28/2026 2:35:03 PM",
"47","18.59985","8/28/2026 2:35:03 PM","8/28/2026 2:35:03 PM",
"48","18.5998","8/28/2026 2:35:03 PM","8/28/2026 2:35:03 PM",
"49","18.5998","8/28/2026 2:35:03 PM","8/28/2026 2:35:03 PM",
"50","18.60017","8/28/2026 2:35:03 PM","8/28/2026 2:35:03 PM",
"51","18.60017","8/28/2026 2:35:03 PM","8/28/2026 2:35:03 PM",
"52","18.60012","8/28/2026 2:35:03 PM","8/28/2026 2:35:03 PM",
"53","18.60012","8/28/2026 2:35:03 PM","8/28/2026 2:35:03 PM",
"54","18.59927","8/28/2026 2:35:03 PM","8/28/2026 2:35:03 PM",
"55","18.59927","8/28/2026 2:35:03 PM","8/28/2026 2:35:03 PM",
"56","18.59933","8/28/2026 2:35:03 PM","8/28/2026 2:35:03 PM",
"57","18.59933","8/28/2026 2:35:03 PM","8/28/2026 2:35:03 PM",
"58","18.59991","8/28/2026 2:35:03 PM","8/28/2026 2:35:03 PM",
"59","18.59991","8/28/2026 2:35:03 PM","8/28/2026 2:35:03 PM",
"60","18.59944","8/28/2026 2:35:03 PM","8/28/2026 2:35:03 PM",
"61","18.59944","8/28/2026 2:35:03 PM","8/28/2026 2:35:03 PM",
"62","18.60023","8/28/2026 2:35:03 PM","8/28/2026 2:35:03 PM",
"63","18.60023","8/28/2026 2:35:03 PM","8/28/2026 2:35:03 PM",
"64","18.59952","8/28/2026 2:35:03 PM","8/28/2026 2:35:03 PM",
"65","18.59952","8/28/2026 2:35:03 PM","8/28/2026 2:35:03 PM",
"66","18.6007","8/28/2026 2:35:03 PM","8/28/2026 2:35:03 PM",
"67","18.6007","8/28/2026 2:35:03 PM","8/28/2026 2:35:03 PM",
"68","18.59968","8/28/2026 2:35:03 PM","8/28/2026 2:35:03 PM",
"69","18.59968","8/28/2026 2:35:03 PM","8/28/2026 2:35:03 PM",
"70","18.5999","8/28/2026 2:35:03 PM","8/28/2026 2:35:03 PM",
"71","18.5999","8/28/2026 2:35:03 PM","8/28/2026 2:35:03 PM",
"72","18.59923","8/28/2026 2:35:03 PM","8/28/2026 2:35:03 PM",
"73","18.59923","8/28/2026 2:35:03 PM","8/28/2026 2:35:03 PM",
"74","18.59975","8/28/2026 2:35:03 PM","8/28/2026 2:35:03 PM",
"75","18.59975","8/28/2026 2:35:03 PM","8/28/2026 2:35:03 PM",
"76","18.59918","8/28/2026 2:35:03 PM","8/28/2026 2:35:03 PM",
"77","18.59918","8/28/2026 2:35:03 PM","8/28/2026 2:35:03 PM",
"78","18.60007","8/28/2026 2:35:03 PM","8/28/2026 2:35:03 PM",
"79","18.60007","8/28/2026 2:35:03 PM","8/28/2026 2:35:03 PM",
"80","18.59976","8/28/2026 2:35:03 PM","8/28/2026 2:35:03 PM",
"81","18.59976","8/28/2026 2:35:03 PM","8/28/2026 2:35:03 PM",
"82","18.60004","8/28/2026 2:35:03 PM","8/28/2026 2:35:03 PM",
"83","18.60004","8/28/2026 2:35:03 PM","8/28/2026 2:35:03 PM",
"84","18.59972","8/28/2026 2:35:03 PM","8/28/2026 2:35:03 PM",
"85","18.59972","8/28/2026 2:35:04 PM","8/28/2026 2:35:04 PM",
"86","18.59939","8/28/2026 2:35:04 PM","8/28/2026 2:35:04 PM",
"87","18.59939","8/28/2026 2:35:04 PM","8/28/2026 2:35:04 PM",
"88","18.59996","8/28/2026 2:35:04 PM","8/28/2026 2:35:04 PM",
"89","18.59996","8/28/2026 2:35:04 PM","8/28/2026 2:35:04 PM",
"90","18.59899","8/28/2026 2:35:04 PM","8/28/2026 2:35:04 PM",
"91","18.59899","8/28/2026 2:35:04 PM","8/28/2026 2:35:04 PM",
"92","18.60035","8/28/2026 2:35:04 PM","8/28/2026 2:35:04 PM",
"93","18.60035","8/28/2026 2:35:04 PM","8/28/2026 2:35:04 PM",
"94","18.5998","8/28/2026 2:35:04 PM","8/28/2026 2:35:04 PM",
"95","18.5998","8/28/2026 2:35:04 PM","8/28/2026 2:35:04 PM",
"96","18.59912","8/28/2026 2:35:04 PM","8/28/2026 2:35:04 PM",
"97","18.59912","8/28/2026 2:35:04 PM","8/28/2026 2:35:04 PM",
"98","18.59868","8/28/2026 2:35:04 PM","8/28/2026 2:35:04 PM",
"99","18.59868","8/28/2026 2:35:04 PM","8/28/2026 2:35:04 PM",
"100","18.60009","8/28/2026 2:35:04 PM","8/28/2026 2:35:04 PM",
"101","18.60009","8/28/2026 2:35:04 PM","8/28/2026 2:35:04 PM",
"102","18.59942","8/28/2026 2:35:04 PM","8/28/2026 2:35:04 PM",
"103","18.59942","8/28/2026 2:35:04 PM","8/28/2026 2:35:04 PM",
"104","18.60129","8/28/2026 2:35:04 PM","8/28/2026 2:35:04 PM",
"105","18.60129","8/28/2026 2:35:04 PM","8/28/2026 2:35:04 PM",
"106","18.59955","8/28/2026 2:35:04 PM","8/28/2026 2:35:04 PM",
"107","18.59955","8/28/2026 2:35:04 PM","8/28/2026 2:35:04 PM",
"108","18.5999","8/28/2026 2:35:04 PM","8/28/2026 2:35:04 PM",
"109","18.5999","8/28/2026 2:35:04 PM","8/28/2026 2:35:04 PM",
"110","18.59925","8/28/2026 2:35:04 PM","8/28/2026 2:35:04 PM",
"111","18.59925","8/28/2026 2:35:04 PM","8/28/2026 2:35:04 PM",
"112","18.6002","8/28/2026 2:35:04 PM","8/28/2026 2:35:04 PM",
"113","18.6002","8/28/2026 2:35:04 PM","8/28/2026 2:35:04 PM",
"114","18.59945","8/28/2026 2:35:04 PM","8/28/2026 2:35:04 PM",
"115","18.59945","8/28/2026 2:35:04 PM","8/28/2026 2:35:04 PM",
"116","18.59945","8/28/2026 2:35:04 PM","8/28/2026 2:35:04 PM",
"117","18.60065","8/28/2026 2:35:04 PM","8/28/2026 2:35:04 PM",
"118","18.60065","8/28/2026 2:35:04 PM","8/28/2026 2:35:04 PM",
"119","18.59953","8/28/2026 2:35:04 PM","8/28/2026 2:35:04 PM",
"120","18.59953","8/28/2026 2:35:04 PM","8/28/2026 2:35:04 PM",
"121","18.59894","8/28/2026 2:35:04 PM","8/28/2026 2:35:04 PM",
"122","18.59894","8/28/2026 2:35:04 PM","8/28/2026 2:35:04 PM",
"123","18.59965","8/28/2026 2:35:04 PM","8/28/2026 2:35:04 PM",
"124","18.59965","8/28/2026 2:35:04 PM","8/28/2026 2:35:04 PM",
"125","18.60148","8/28/2026 2:35:04 PM","8/28/2026 2:35:04 PM",
"126","18.60148","8/28/2026 2:35:04 PM","8/28/2026 2:35:04 PM",
"127","18.5998","8/28/2026 2:35:04 PM","8/28/2026 2:35:04 PM",
"128","18.5998","8/28/2026 2:35:04 PM","8/28/2026 2:35:04 PM",
"129","18.6001","8/28/2026 2:35:04 PM","8/28/2026 2:35:04 PM",
"130","18.6001","8/28/2026 2:35:04 PM","8/28/2026 2:35:04 PM",
"131","18.59931","8/28/2026 2:35:04 PM","8/28/2026 2:35:04 PM",
"132","18.59931","8/28/2026 2:35:04 PM","8/28/2026 2:35:04 PM",
"133","18.6006","8/28/2026 2:35:04 PM","8/28/2026 2:35:04 PM",
"134","18.6006","8/28/2026 2:35:04 PM","8/28/2026 2:35:04 PM",
"135","18.59974","8/28/2026 2:35:04 PM","8/28/2026 2:35:04 PM",
"136","18.59974","8/28/2026 2:35:04 PM","8/28/2026 2:35:04 PM",
"137","18.59964","8/28/2026 2:35:04 PM","8/28/2026 2:35:04 PM",
"138","18.59964","8/28/2026 2:35:04 PM","8/28/2026 2:35:04 PM",
"139","18.59904","8/28/2026 2:35:04 PM","8/28/2026 2:35:04 PM",
"140","18.59904","8/28/2026 2:35:04 PM","8/28/2026 2:35:04 PM",
"141","18.60016","8/28/2026 2:35:04 PM","8/28/2026 2:35:04 PM",
"142","18.60139","8/28/2026 2:35:04 PM","8/28/2026 2:35:04 PM",
"143","18.60139","8/28/2026 2:35:04 PM","8/28/2026 2:35:04 PM",
"144","18.59812","8/28/2026 2:35:04 PM","8/28/2026 2:35:04 PM",
"145","18.59812","8/28/2026 2:35:04 PM","8/28/2026 2:35:04 PM",
"146","18.59883","8/28/2026 2:35:04 PM","8/28/2026 2:35:04 PM",
"147","18.59883","8/28/2026 2:35:04 PM","8/28/2026 2:35:04 PM",
"148","18.59887","8/28/2026 2:35:04 PM","8/28/2026 2:35:04 PM",
"149","18.59887","8/28/2026 2:35:04 PM","8/28/2026 2:35:04 PM",
"150","18.60078","8/28/2026 2:35:04 PM","8/28/2026 2:35:04 PM",
"151","18.60078","8/28/2026 2:35:04 PM","8/28/2026 2:35:04 PM",
"152","18.60089","8/28/2026 2:35:04 PM","8/28/2026 2:35:04 PM",
"153","18.60089","8/28/2026 2:35:04 PM","8/28/2026 2:35:04 PM",
"154","18.6006","8/28/2026 2:35:04 PM","8/28/2026 2:35:04 PM",
"155","18.6006","8/28/2026 2:35:04 PM","8/28/2026 2:35:04 PM",
"156","18.59922","8/28/2026 2:35:04 PM","8/28/2026 2:35:04 PM",
"157","18.59922","8/28/2026 2:35:04 PM","8/28/2026 2:35:04 PM",
"158","18.60082","8/28/2026 2:35:04 PM","8/28/2026 2:35:04 PM",
"159","18.60082","8/28/2026 2:35:04 PM","8/28/2026 2:35:04 PM",
"160","18.59913","8/28/2026 2:35:04 PM","8/28/2026 2:35:04 PM",
"161","18.59913","8/28/2026 2:35:04 PM","8/28/2026 2:35:04 PM",
"162","18.59809","8/28/2026 2:35:04 PM","8/28/2026 2:35:04 PM",
"163","18.59809","8/28/2026 2:35:04 PM","8/28/2026 2:35:04 PM",
"164","18.59915","8/28/2026 2:35:04 PM","8/28/2026 2:35:04 PM",
"165","18.59915","8/28/2026 2:35:04 PM","8/28/2026 2:35:04 PM",
"166","18.60143","8/28/2026 2:35:04 PM","8/28/2026 2:35:04 PM",
"167","18.60143","8/28/2026 2:35:04 PM","8/28/2026 2:35:04 PM",
"168","18.5991","8/28/2026 2:35:04 PM","8/28/2026 2:35:04 PM",
"169","18.5991","8/28/2026 2:35:04 PM","8/28/2026 2:35:04 PM",
"170","18.59844","8/28/2026 2:35:04 PM","8/28/2026 2:35:04 PM",
"171","18.59844","8/28/2026 2:35:04 PM","8/28/2026 2:35:04 PM",
"172","18.60001","8/28/2026 2:35:04 PM","8/28/2026 2:35:04 PM",
"173","18.60001","8/28/2026 2:35:04 PM","8/28/2026 2:35:04 PM",
"174","18.59967","8/28/2026 2:35:04 PM","8/28/2026 2:35:04 PM",
"175","18.59967","8/28/2026 2:35:04 PM","8/28/2026 2:35:04 PM",
"176","18.59777","8/28/2026 2:35:04 PM","8/28/2026 2:35:04 PM",
"177","18.59777","8/28/2026 2:35:04 PM","8/28/2026 2:35:04 PM",
"178","18.59813","8/28/2026 2:35:04 PM","8/28/2026 2:35:04 PM",
"179","18.59813","8/28/2026 2:35:04 PM","8/28/2026 2:35:04 PM",
"180","18.59896","8/28/2026 2:35:04 PM","8/28/2026 2:35:04 PM",
"181","18.59896","8/28/2026 2:35:04 PM","8/28/2026 2:35:04 PM",
"182","18.5982","8/28/2026 2:35:04 PM","8/28/2026 2:35:04 PM",
"183","18.5982","8/28/2026 2:35:04 PM","8/28/2026 2:35:04 PM",
"184","18.59977","8/28/2026 2:35:05 PM","8/28/2026 2:35:05 PM",
"185","18.59977","8/28/2026 2:35:05 PM","8/28/2026 2:35:05 PM",
"186","18.60071","8/28/2026 2:35:05 PM","8/28/2026 2:35:05 PM",
"187","18.60071","8/28/2026 2:35:05 PM","8/28/2026 2:35:05 PM",
"188","18.59971","8/28/2026 2:35:05 PM","8/28/2026 2:35:05 PM",
"189","18.59971","8/28/2026 2:35:05 PM","8/28/2026 2:35:05 PM",
"190","18.59921","8/28/2026 2:35:05 PM","8/28/2026 2:35:05 PM",
"191","18.59921","8/28/2026 2:35:05 PM","8/28/2026 2:35:05 PM",
"192","18.59976","8/28/2026 2:35:05 PM","8/28/2026 2:35:05 PM",
"193","18.59976","8/28/2026 2:35:05 PM","8/28/2026 2:35:05 PM",
"194","18.59893","8/28/2026 2:35:05 PM","8/28/2026 2:35:05 PM",
"195","18.59893","8/28/2026 2:35:05 PM","8/28/2026 2:35:05 PM",
"196","18.60163","8/28/2026 2:35:05 PM","8/28/2026 2:35:05 PM",
"197","18.60163","8/28/2026 2:35:05 PM","8/28/2026 2:35:05 PM",
"198","18.60043","8/28/2026 2:35:05 PM","8/28/2026 2:35:05 PM",
"199","18.60043","8/28/2026 2:35:05 PM","8/28/2026 2:35:05 PM",
"200","18.60095","8/28/2026 2:35:05 PM","8/28/2026 2:35:05 PM",
"201","18.60095","8/28/2026 2:35:05 PM","8/28/2026 2:35:05 PM",
"202","18.60073","8/28/2026 2:35:05 PM","8/28/2026 2:35:05 PM",
"203","18.60073","8/28/2026 2:35:05 PM","8/28/2026 2:35:05 PM",
"204","18.59851","8/28/2026 2:35:05 PM","8/28/2026 2:35:05 PM",
"205","18.59851","8/28/2026 2:35:05 PM","8/28/2026 2:35:05 PM",
"206","18.59915","8/28/2026 2:35:05 PM","8/28/2026 2:35:05 PM",
"207","18.59915","8/28/2026 2:35:05 PM","8/28/2026 2:35:05 PM",
"208","18.59915","8/28/2026 2:35:05 PM","8/28/2026 2:35:05 PM",
"209","18.59915","8/28/2026 2:35:05 PM","8/28/2026 2:35:05 PM",
"210","18.59915","8/28/2026 2:35:05 PM","8/28/2026 2:35:05 PM",
"211","18.59991","8/28/2026 2:35:05 PM","8/28/2026 2:35:05 PM",
"212","18.59991","8/28/2026 2:35:05 PM","8/28/2026 2:35:05 PM",
"213","18.60002","8/28/2026 2:35:05 PM","8/28/2026 2:35:05 PM",
"214","18.60002","8/28/2026 2:35:05 PM","8/28/2026 2:35:05 PM",
"215","18.59977","8/28/2026 2:35:05 PM","8/28/2026 2:35:05 PM",
"216","18.59977","8/28/2026 2:35:05 PM","8/28/2026 2:35:05 PM",
"217","18.59913","8/28/2026 2:35:05 PM","8/28/2026 2:35:05 PM",
"218","18.59913","8/28/2026 2:35:05 PM","8/28/2026 2:35:05 PM",
"219","18.60016","8/28/2026 2:35:05 PM","8/28/2026 2:35:05 PM",
"220","18.60016","8/28/2026 2:35:05 PM","8/28/2026 2:35:05 PM",
"221","18.59947","8/28/2026 2:35:05 PM","8/28/2026 2:35:05 PM",
"222","18.59947","8/28/2026 2:35:05 PM","8/28/2026 2:35:05 PM",
"223","18.59918","8/28/2026 2:35:05 PM","8/28/2026 2:35:05 PM",
"224","18.59918","8/28/2026 2:35:05 PM","8/28/2026 2:35:05 PM",
"225","18.6003","8/28/2026 2:35:05 PM","8/28/2026 2:35:05 PM",
"226","18.6003","8/28/2026 2:35:05 PM","8/28/2026 2:35:05 PM",
"227","18.60017","8/28/2026 2:35:05 PM","8/28/2026 2:35:05 PM",
"228","18.60017","8/28/2026 2:35:05 PM","8/28/2026 2:35:05 PM",
"229","18.60072","8/28/2026 2:35:05 PM","8/28/2026 2:35:05 PM",
"230","18.60072","8/28/2026 2:35:05 PM","8/28/2026 2:35:05 PM",
"231","18.59913","8/28/2026 2:35:05 PM","8/28/2026 2:35:05 PM",
"232","18.59913","8/28/2026 2:35:05 PM","8/28/2026 2:35:05 PM",
"233","18.60022","8/28/2026 2:35:05 PM","8/28/2026 2:35:05 PM",
"234","18.60022","8/28/2026 2:35:05 PM","8/28/2026 2:35:05 PM",
"235","18.59991","8/28/2026 2:35:05 PM","8/28/2026 2:35:05 PM",
"236","18.59991","8/28/2026 2:35:05 PM","8/28/2026 2:35:05 PM",
"237","18.59874","8/28/2026 2:35:05 PM","8/28/2026 2:35:05 PM",
"238","18.59874","8/28/2026 2:35:05 PM","8/28/2026 2:35:05 PM",
"239","18.60039","8/28/2026 2:35:05 PM","8/28/2026 2:35:05 PM",
"240","18.60039","8/28/2026 2:35:05 PM","8/28/2026 2:35:05 PM",
"241","18.59935","8/28/2026 2:35:05 PM","8/28/2026 2:35:05 PM",
"242","18.59935","8/28/2026 2:35:05 PM","8/28/2026 2:35:05 PM",
"243","18.60011","8/28/2026 2:35:05 PM","8/28/2026 2:35:05 PM",
"244","18.60011","8/28/2026 2:35:05 PM","8/28/2026 2:35:05 PM",
"245","18.60028","8/28/2026 2:35:05 PM","8/28/2026 2:35:05 PM",
"246","18.60028","8/28/2026 2:35:05 PM","8/28/2026 2:35:05 PM",
"247","18.60035","8/28/2026 2:35:05 PM","8/28/2026 2:35:05 PM",
"248","18.60035","8/28/2026 2:35:05 PM","8/28/2026 2:35:05 PM",
"249","18.60027","8/28/2026 2:35:05 PM","8/28/2026 2:35:05 PM",
"250","18.60027","8/28/2026 2:35:05 PM","8/28/2026 2:35:05 PM",
"251","18.59894","8/28/2026 2:35:05 PM","8/28/2026 2:35:05 PM",
"252","18.59894","8/28/2026 2:35:05 PM","8/28/2026 2:35:05 PM",
"253","18.59989","8/28/2026 2:35:05 PM","8/28/2026 2:35:05 PM",
"254","18.59989","8/28/2026 2:35:05 PM","8/28/2026 2:35:05 PM",
"255","18.60032","8/28/2026 2:35:05 PM","8/28/2026 2:35:05 PM",
"256","18.60032","8/28/2026 2:35:05 PM","8/28/2026 2:35:05 PM",
"257","18.59917","8/28/2026 2:35:05 PM","8/28/2026 2:35:05 PM",
"258","18.59917","8/28/2026 2:35:05 PM","8/28/2026 2:35:05 PM",
"259","18.59802","8/28/2026 2:35:05 PM","8/28/2026 2:35:05 PM",
"260","18.59802","8/28/2026 2:35:05 PM","8/28/2026 2:35:05 PM",
"261","18.59978","8/28/2026 2:35:05 PM","8/28/2026 2:35:05 PM",
"262","18.59978","8/28/2026 2:35:05 PM","8/28/2026 2:35:05 PM",
"263","18.59855","8/28/2026 2:35:05 PM","8/28/2026 2:35:05 PM",
"264","18.59855","8/28/2026 2:35:05 PM","8/28/2026 2:35:05 PM",
"265","18.59793","8/28/2026 2:35:05 PM","8/28/2026 2:35:05 PM",
"266","18.59793","8/28/2026 2:35:05 PM","8/28/2026 2:35:05 PM",
"267","18.59815","8/28/2026 2:35:05 PM","8/28/2026 2:35:05 PM",
"268","18.59815","8/28/2026 2:35:05 PM","8/28/2026 2:35:05 PM",
"269","18.59858","8/28/2026 2:35:05 PM","8/28/2026 2:35:05 PM",
"270","18.59858","8/28/2026 2:35:05 PM","8/28/2026 2:35:05 PM",
"271","18.5983","8/28/2026 2:35:05 PM","8/28/2026 2:35:05 PM",
"272","18.5983","8/28/2026 2:35:05 PM","8/28/2026 2:35:05 PM",
"273","18.59812","8/28/2026 2:35:05 PM","8/28/2026 2:35:05 PM",
"274","18.59812","8/28/2026 2:35:05 PM","8/28/2026 2:35:05 PM",
"275","18.59799","8/28/2026 2:35:05 PM","8/28/2026 2:35:05 PM",
"276","18.59799","8/28/2026 2:35:05 PM","8/28/2026 2:35:05 PM",
"277","18.59822","8/28/2026 2:35:05 PM","8/28/2026 2:35:05 PM",
"278","18.59822","8/28/2026 2:35:05 PM","8/28/2026 2:35:05 PM",
"279","18.59792","8/28/2026 2:35:05 PM","8/28/2026 2:35:05 PM",
"280","18.59792","8/28/2026 2:35:05 PM","8/28/2026 2:35:05 PM",
"281","18.59784","8/28/2026 2:35:05 PM","8/28/2026 2:35:05 PM",
"282","18.59784","8/28/2026 2:35:05 PM","8/28/2026 2:35:05 PM",
"283","18.59797","8/28/2026 2:35:05 PM","8/28/2026 2:35:05 PM",
"284","18.59797","8/28/2026 2:35:06 PM","8/28/2026 2:35:06 PM",
"285","18.59813","8/28/2026 2:35:06 PM","8/28/2026 2:35:06 PM",
"286","18.59813","8/28/2026 2:35:06 PM","8/28/2026 2:35:06 PM",
"287","18.59624","8/28/2026 2:35:06 PM","8/28/2026 2:35:06 PM",
"288","18.59624","8/28/2026 2:35:06 PM","8/28/2026 2:35:06 PM",
"289","18.59695","8/28/2026 2:35:06 PM","8/28/2026 2:35:06 PM",
"290","18.59695","8/28/2026 2:35:06 PM","8/28/2026 2:35:06 PM",
"291","18.59575","8/28/2026 2:35:06 PM","8/28/2026 2:35:06 PM",
"292","18.59575","8/28/2026 2:35:06 PM","8/28/2026 2:35:06 PM",
"293","18.59623","8/28/2026 2:35:06 PM","8/28/2026 2:35:06 PM",
"294","18.59623","8/28/2026 2:35:06 PM","8/28/2026 2:35:06 PM",
"295","18.59446","8/28/2026 2:35:06 PM","8/28/2026 2:35:06 PM",
"296","18.59446","8/28/2026 2:35:06 PM","8/28/2026 2:35:06 PM",
"297","18.59515","8/28/2026 2:35:06 PM","8/28/2026 2:35:06 PM",
"298","18.59515","8/28/2026 2:35:06 PM","8/28/2026 2:35:06 PM",
"299","18.59647","8/28/2026 2:35:06 PM","8/28/2026 2:35:06 PM",
"300","18.59647","8/28/2026 2:35:06 PM","8/28/2026 2:35:06 PM",
"301","18.59571","8/28/2026 2:35:06 PM","8/28/2026 2:35:06 PM",
"302","18.59571","8/28/2026 2:35:06 PM","8/28/2026 2:35:06 PM",
"303","18.59381","8/28/2026 2:35:06 PM","8/28/2026 2:35:06 PM",
"304","18.59381","8/28/2026 2:35:06 PM","8/28/2026 2:35:06 PM",
"305","18.59215","8/28/2026 2:35:06 PM","8/28/2026 2:35:06 PM",
"306","18.59215","8/28/2026 2:35:06 PM","8/28/2026 2:35:06 PM",
"307","18.59494","8/28/2026 2:35:06 PM","8/28/2026 2:35:06 PM",
"308","18.59494","8/28/2026 2:35:06 PM","8/28/2026 2:35:06 PM",
"309","18.59474","8/28/2026 2:35:06 PM","8/28/2026 2:35:06 PM",
"310","18.59474","8/28/2026 2:35:06 PM","8/28/2026 2:35:06 PM",
"311","18.59402","8/28/2026 2:35:06 PM","8/28/2026 2:35:06 PM",
"312","18.59402","8/28/2026 2:35:06 PM","8/28/2026 2:35:06 PM",
"313","18.59196","8/28/2026 2:35:06 PM","8/28/2026 2:35:06 PM",
"314","18.59196","8/28/2026 2:35:06 PM","8/28/2026 2:35:06 PM",
"315","18.59201","8/28/2026 2:35:06 PM","8/28/2026 2:35:06 PM",
"316","18.59201","8/28/2026 2:35:06 PM","8/28/2026 2:35:06 PM",
"317","18.59163","8/28/2026 2:35:06 PM","8/28/2026 2:35:06 PM",
"318","18.59163","8/28/2026 2:35:06 PM","8/28/2026 2:35:06 PM",
"319","18.59405","8/28/2026 2:35:06 PM","8/28/2026 2:35:06 PM",
"320","18.59405","8/28/2026 2:35:06 PM","8/28/2026 2:35:06 PM",
"321","18.59193","8/28/2026 2:35:06 PM","8/28/2026 2:35:06 PM",
"322","18.59193","8/28/2026 2:35:06 PM","8/28/2026 2:35:06 PM",
"323","18.59311","8/28/2026 2:35:06 PM","8/28/2026 2:35:06 PM",
"324","18.59311","8/28/2026 2:35:06 PM","8/28/2026 2:35:06 PM",
"325","18.59095","8/28/2026 2:35:06 PM","8/28/2026 2:35:06 PM",
"326","18.59095","8/28/2026 2:35:06 PM","8/28/2026 2:35:06 PM",
"327","18.59155","8/28/2026 2:35:06 PM","8/28/2026 2:35:06 PM",
"328","18.59155","8/28/2026 2:35:06 PM","8/28/2026 2:35:06 PM",
"329","18.5904","8/28/2026 2:35:06 PM","8/28/2026 2:35:06 PM",
"330","18.5904","8/28/2026 2:35:06 PM","8/28/2026 2:35:06 PM",
"331","18.59188","8/28/2026 2:35:06 PM","8/28/2026 2:35:06 PM",
"332","18.59188","8/28/2026 2:35:06 PM","8/28/2026 2:35:06 PM",
"333","18.58979","8/28/2026 2:35:06 PM","8/28/2026 2:35:06 PM",
"334","18.58979","8/28/2026 2:35:06 PM","8/28/2026 2:35:06 PM",
"335","18.59009","8/28/2026 2:35:06 PM","8/28/2026 2:35:06 PM",
"336","18.59009","8/28/2026 2:35:06 PM","8/28/2026 2:35:06 PM",
"337","18.58953","8/28/2026 2:35:06 PM","8/28/2026 2:35:06 PM",
"338","18.58953","8/28/2026 2:35:06 PM","8/28/2026 2:35:06 PM",
"339","18.58942","8/28/2026 2:35:06 PM","8/28/2026 2:35:06 PM",
"340","18.58942","8/28/2026 2:35:06 PM","8/28/2026 2:35:06 PM",
"341","18.58877","8/28/2026 2:35:06 PM","8/28/2026 2:35:06 PM",
"342","18.58877","8/28/2026 2:35:06 PM","8/28/2026 2:35:06 PM",
"343","18.59002","8/28/2026 2:35:06 PM","8/28/2026 2:35:06 PM",
"344","18.59002","8/28/2026 2:35:06 PM","8/28/2026 2:35:06 PM",
"345","18.58836","8/28/2026 2:35:06 PM","8/28/2026 2:35:06 PM",
"346","18.58836","8/28/2026 2:35:06 PM","8/28/2026 2:35:06 PM",
"347","18.58977","8/28/2026 2:35:06 PM","8/28/2026 2:35:06 PM",
"348","18.58977","8/28/2026 2:35:06 PM","8/28/2026 2:35:06 PM",
"349","18.58841","8/28/2026 2:35:06 PM","8/28/2026 2:35:06 PM",
"350","18.58841","8/28/2026 2:35:06 PM","8/28/2026 2:35:06 PM",
"351","18.58806","8/28/2026 2:35:06 PM","8/28/2026 2:35:06 PM",
"352","18.58806","8/28/2026 2:35:06 PM","8/28/2026 2:35:06 PM",
"353","18.58775","8/28/2026 2:35:06 PM","8/28/2026 2:35:06 PM",
"354","18.58775","8/28/2026 2:35:06 PM","8/28/2026 2:35:06 PM",
"355","18.58835","8/28/2026 2:35:06 PM","8/28/2026 2:35:06 PM",
"356","18.58835","8/28/2026 2:35:06 PM","8/28/2026 2:35:06 PM",
"357","18.58624","8/28/2026 2:35:06 PM","8/28/2026 2:35:06 PM",
"358","18.58624","8/28/2026 2:35:06 PM","8/28/2026 2:35:06 PM",
"359","18.58646","8/28/2026 2:35:06 PM","8/28/2026 2:35:06 PM",
"360","18.58646","8/28/2026 2:35:06 PM","8/28/2026 2:35:06 PM",
"361","18.58674","8/28/2026 2:35:06 PM","8/28/2026 2:35:06 PM",
"362","18.58674","8/28/2026 2:35:06 PM","8/28/2026 2:35:06 PM",
"363","18.58587","8/28/2026 2:35:06 PM","8/28/2026 2:35:06 PM",
"364","18.58587","8/28/2026 2:35:06 PM","8/28/2026 2:35:06 PM",
"365","18.58558","8/28/2026 2:35:06 PM","8/28/2026 2:35:06 PM",
"366","18.58558","8/28/2026 2:35:06 PM","8/28/2026 2:35:06 PM",
"367","18.5851","8/28/2026 2:35:06 PM","8/28/2026 2:35:06 PM",
"368","18.5851","8/28/2026 2:35:06 PM","8/28/2026 2:35:06 PM",
"369","18.58518","8/28/2026 2:35:06 PM","8/28/2026 2:35:06 PM",
"370","18.58518","8/28/2026 2:35:06 PM","8/28/2026 2:35:06 PM",
"371","18.5848","8/28/2026 2:35:06 PM","8/28/2026 2:35:06 PM",
"372","18.5848","8/28/2026 2:35:06 PM","8/28/2026 2:35:06 PM",
"373","18.58478","8/28/2026 2:35:06 PM","8/28/2026 2:35:06 PM",
"374","18.58478","8/28/2026 2:35:06 PM","8/28/2026 2:35:06 PM",
"375","18.58435","8/28/2026 2:35:06 PM","8/28/2026 2:35:06 PM",
"376","18.58435","8/28/2026 2:35:06 PM","8/28/2026 2:35:06 PM",
"377","18.58384","8/28/2026 2:35:06 PM","8/28/2026 2:35:06 PM",
"378","18.58384","8/28/2026 2:35:06 PM","8/28/2026 2:35:06 PM",
"379","18.58379","8/28/2026 2:35:06 PM","8/28/2026 2:35:06 PM",
"380","18.58379","8/28/2026 2:35:06 PM","8/28/2026 2:35:06 PM",
"381","18.58311","8/28/2026 2:35:06 PM","8/28/2026 2:35:06 PM",
"382","18.58311","8/28/2026 2:35:06 PM","8/28/2026 2:35:06 PM",
"383","18.5826","8/28/2026 2:35:06 PM","8/28/2026 2:35:06 PM",
"384","18.5826","8/28/2026 2:35:07 PM","8/28/2026 2:35:07 PM",
"385","18.5816","8/28/2026 2:35:07 PM","8/28/2026 2:35:07 PM",
"386","18.5816","8/28/2026 2:35:07 PM","8/28/2026 2:35:07 PM",
"387","18.58345","8/28/2026 2:35:07 PM","8/28/2026 2:35:07 PM",
"388","18.58345","8/28/2026 2:35:07 PM","8/28/2026 2:35:07 PM",
"389","18.58226","8/28/2026 2:35:07 PM","8/28/2026 2:35:07 PM",
"390","18.58226","8/28/2026 2:35:07 PM","8/28/2026 2:35:07 PM",
"391","18.58358","8/28/2026 2:35:07 PM","8/28/2026 2:35:07 PM",
"392","18.58358","8/28/2026 2:35:07 PM","8/28/2026 2:35:07 PM",
"393","18.57871","8/28/2026 2:35:07 PM","8/28/2026 2:35:07 PM",
"394","18.57871","8/28/2026 2:35:07 PM","8/28/2026 2:35:07 PM",
"395","18.58055","8/28/2026 2:35:07 PM","8/28/2026 2:35:07 PM",
"396","18.58055","8/28/2026 2:35:07 PM","8/28/2026 2:35:07 PM",
"397","18.5793","8/28/2026 2:35:07 PM","8/28/2026 2:35:07 PM",
"398","18.5793","8/28/2026 2:35:07 PM","8/28/2026 2:35:07 PM",
"399","18.57961","8/28/2026 2:35:07 PM","8/28/2026 2:35:07 PM",
"400","18.57961","8/28/2026 2:35:07 PM","8/28/2026 2:35:07 PM",
"401","18.57994","8/28/2026 2:35:07 PM","8/28/2026 2:35:07 PM",
"402","18.57994","8/28/2026 2:35:07 PM","8/28/2026 2:35:07 PM",
"403","18.58096","8/28/2026 2:35:07 PM","8/28/2026 2:35:07 PM",
"404","18.58096","8/28/2026 2:35:07 PM","8/28/2026 2:35:07 PM",
"405","18.57894","8/28/2026 2:35:07 PM","8/28/2026 2:35:07 PM",
"406","18.57894","8/28/2026 2:35:07 PM","8/28/2026 2:35:07 PM",
"407","18.57894","8/28/2026 2:35:07 PM","8/28/2026 2:35:07 PM",
"408","18.57837","8/28/2026 2:35:07 PM","8/28/2026 2:35:07 PM",
"409","18.57837","8/28/2026 2:35:07 PM","8/28/2026 2:35:07 PM",
"410","18.57635","8/28/2026 2:35:07 PM","8/28/2026 2:35:07 PM",
"411","18.57635","8/28/2026 2:35:07 PM","8/28/2026 2:35:07 PM",
"412","18.5782","8/28/2026 2:35:07 PM","8/28/2026 2:35:07 PM",
"413","18.5782","8/28/2026 2:35:07 PM","8/28/2026 2:35:07 PM",
"414","18.57719","8/28/2026 2:35:07 PM","8/28/2026 2:35:07 PM",
"415","18.57719","8/28/2026 2:35:07 PM","8/28/2026 2:35:07 PM",
"416","18.5769","8/28/2026 2:35:07 PM","8/28/2026 2:35:07 PM",
"417","18.5769","8/28/2026 2:35:07 PM","8/28/2026 2:35:07 PM",
"418","18.57739","8/28/2026 2:35:07 PM","8/28/2026 2:35:07 PM",
"419","18.57739","8/28/2026 2:35:07 PM","8/28/2026 2:35:07 PM",
"420","18.57663","8/28/2026 2:35:07 PM","8/28/2026 2:35:07 PM",
"421","18.57663","8/28/2026 2:35:07 PM","8/28/2026 2:35:07 PM",
"422","18.57596","8/28/2026 2:35:07 PM","8/28/2026 2:35:07 PM",
"423","18.57596","8/28/2026 2:35:07 PM","8/28/2026 2:35:07 PM",
"424","18.57576","8/28/2026 2:35:07 PM","8/28/2026 2:35:07 PM",
"425","18.57576","8/28/2026 2:35:07 PM","8/28/2026 2:35:07 PM",
"426","18.5751","8/28/2026 2:35:07 PM","8/28/2026 2:35:07 PM",
"427","18.5751","8/28/2026 2:35:07 PM","8/28/2026 2:35:07 PM",
"428","18.57483","8/28/2026 2:35:07 PM","8/28/2026 2:35:07 PM",
"429","18.57483","8/28/2026 2:35:07 PM","8/28/2026 2:35:07 PM",
"430","18.57402","8/28/2026 2:35:07 PM","8/28/2026 2:35:07 PM",
"431","18.57402","8/28/2026 2:35:07 PM","8/28/2026 2:35:07 PM",
"432","18.57407","8/28/2026 2:35:07 PM","8/28/2026 2:35:07 PM",
"433","18.57407","8/28/2026 2:35:07 PM","8/28/2026 2:35:07 PM",
"434","18.57277","8/28/2026 2:35:07 PM","8/28/2026 2:35:07 PM",
"435","18.57277","8/28/2026 2:35:07 PM","8/28/2026 2:35:07 PM",
"436","18.57418","8/28/2026 2:35:07 PM","8/28/2026 2:35:07 PM",
"437","18.57418","8/28/2026 2:35:07 PM","8/28/2026 2:35:07 PM",
"438","18.57193","8/28/2026 2:35:07 PM","8/28/2026 2:35:07 PM",
"439","18.57193","8/28/2026 2:35:07 PM","8/28/2026 2:35:07 PM",
"440","18.5722","8/28/2026 2:35:07 PM","8/28/2026 2:35:07 PM",
"441","18.5722","8/28/2026 2:35:07 PM","8/28/2026 2:35:07 PM",
"442","18.57127","8/28/2026 2:35:07 PM","8/28/2026 2:35:07 PM",
"443","18.57127","8/28/2026 2:35:07 PM","8/28/2026 2:35:07 PM",
"444","18.57111","8/28/2026 2:35:07 PM","8/28/2026 2:35:07 PM",
"445","18.57111","8/28/2026 2:35:07 PM","8/28/2026 2:35:07 PM",
"446","18.57166","8/28/2026 2:35:07 PM","8/28/2026 2:35:07 PM",
"447","18.57166","8/28/2026 2:35:07 PM","8/28/2026 2:35:07 PM",
"448","18.57098","8/28/2026 2:35:07 PM","8/28/2026 2:35:07 PM",
"449","18.57098","8/28/2026 2:35:07 PM","8/28/2026 2:35:07 PM",
"450","18.56984","8/28/2026 2:35:07 PM","8/28/2026 2:35:07 PM",
"451","18.56984","8/28/2026 2:35:07 PM","8/28/2026 2:35:07 PM",
"452","18.56921","8/28/2026 2:35:07 PM","8/28/2026 2:35:07 PM",
"453","18.56921","8/28/2026 2:35:07 PM","8/28/2026 2:35:07 PM",
"454","18.56983","8/28/2026 2:35:07 PM","8/28/2026 2:35:07 PM",
"455","18.56983","8/28/2026 2:35:07 PM","8/28/2026 2:35:07 PM",
"456","18.56929","8/28/2026 2:35:07 PM","8/28/2026 2:35:07 PM",
"457","18.56929","8/28/2026 2:35:07 PM","8/28/2026 2:35:07 PM",
"458","18.5684","8/28/2026 2:35:07 PM","8/28/2026 2:35:07 PM",
"459","18.5684","8/28/2026 2:35:07 PM","8/28/2026 2:35:07 PM",
"460","18.57161","8/28/2026 2:35:07 PM","8/28/2026 2:35:07 PM",
"461","18.57161","8/28/2026 2:35:07 PM","8/28/2026 2:35:07 PM",
"462","18.56861","8/28/2026 2:35:07 PM","8/28/2026 2:35:07 PM",
"463","18.56861","8/28/2026 2:35:07 PM","8/28/2026 2:35:07 PM",
"464","18.56612","8/28/2026 2:35:07 PM","8/28/2026 2:35:07 PM",
"465","18.56612","8/28/2026 2:35:07 PM","8/28/2026 2:35:07 PM",
"466","18.56642","8/28/2026 2:35:07 PM","8/28/2026 2:35:07 PM",
"467","18.56642","8/28/2026 2:35:07 PM","8/28/2026 2:35:07 PM",
"468","18.56814","8/28/2026 2:35:07 PM","8/28/2026 2:35:07 PM",
"469","18.56814","8/28/2026 2:35:07 PM","8/28/2026 2:35:07 PM",
"470","18.56561","8/28/2026 2:35:07 PM","8/28/2026 2:35:07 PM",
"471","18.56561","8/28/2026 2:35:07 PM","8/28/2026 2:35:07 PM",
"472","18.56548","8/28/2026 2:35:07 PM","8/28/2026 2:35:07 PM",
"473","18.56548","8/28/2026 2:35:07 PM","8/28/2026 2:35:07 PM",
"474","18.56633","8/28/2026 2:35:07 PM","8/28/2026 2:35:07 PM",
"475","18.56633","8/28/2026 2:35:07 PM","8/28/2026 2:35:07 PM",
"476","18.56646","8/28/2026 2:35:07 PM","8/28/2026 2:35:07 PM",
"477","18.56646","8/28/2026 2:35:07 PM","8/28/2026 2:35:07 PM",
"478","18.56614","8/28/2026 2:35:07 PM","8/28/2026 2:35:07 PM",
"479","18.56614","8/28/2026 2:35:07 PM","8/28/2026 2:35:07 PM",
"480","18.56629","8/28/2026 2:35:07 PM","8/28/2026 2:35:07 PM",
"481","18.56629","8/28/2026 2:35:07 PM","8/28/2026 2:35:07 PM",
"482","18.56506","8/28/2026 2:35:07 PM","8/28/2026 2:35:07 PM",
"483","18.56506","8/28/2026 2:35:07 PM","8/28/2026 2:35:07 PM",
"484","18.56434","8/28/2026 2:35:08 PM","8/28/2026 2:35:08 PM",
"485","18.56434","8/28/2026 2:35:08 PM","8/28/2026 2:35:08 PM",
"486","18.56527","8/28/2026 2:35:08 PM","8/28/2026 2:35:08 PM",
"487","18.56527","8/28/2026 2:35:08 PM","8/28/2026 2:35:08 PM",
"488","18.56369","8/28/2026 2:35:08 PM","8/28/2026 2:35:08 PM",
"489","18.56369","8/28/2026 2:35:08 PM","8/28/2026 2:35:08 PM",
"490","18.56459","8/28/2026 2:35:08 PM","8/28/2026 2:35:08 PM",
"491","18.56459","8/28/2026 2:35:08 PM","8/28/2026 2:35:08 PM",
"492","18.56553","8/28/2026 2:35:08 PM","8/28/2026 2:35:08 PM",
"493","18.56553","8/28/2026 2:35:08 PM","8/28/2026 2:35:08 PM",
"494","18.56336","8/28/2026 2:35:08 PM","8/28/2026 2:35:08 PM",
"495","18.56336","8/28/2026 2:35:08 PM","8/28/2026 2:35:08 PM",
"496","18.56307","8/28/2026 2:35:08 PM","8/28/2026 2:35:08 PM",
"497","18.56307","8/28/2026 2:35:08 PM","8/28/2026 2:35:08 PM",
"498","18.5637","8/28/2026 2:35:08 PM","8/28/2026 2:35:08 PM",
"499","18.5637","8/28/2026 2:35:08 PM","8/28/2026 2:35:08 PM",
"500","18.56315","8/28/2026 2:35:08 PM","8/28/2026 2:35:08 PM",
"501","18.56315","8/28/2026 2:35:08 PM","8/28/2026 2:35:08 PM",
"502","18.56396","8/28/2026 2:35:08 PM","8/28/2026 2:35:08 PM",
"503","18.56396","8/28/2026 2:35:08 PM","8/28/2026 2:35:08 PM",
"504","18.56317","8/28/2026 2:35:08 PM","8/28/2026 2:35:08 PM",
"505","18.56317","8/28/2026 2:35:08 PM","8/28/2026 2:35:08 PM",
"506","18.56259","8/28/2026 2:35:08 PM","8/28/2026 2:35:08 PM",
"507","18.56259","8/28/2026 2:35:08 PM","8/28/2026 2:35:08 PM",
"508","18.56257","8/28/2026 2:35:08 PM","8/28/2026 2:35:08 PM",
"509","18.56257","8/28/2026 2:35:08 PM","8/28/2026 2:35:08 PM",
"510","18.5622","8/28/2026 2:35:08 PM","8/28/2026 2:35:08 PM",
"511","18.5622","8/28/2026 2:35:08 PM","8/28/2026 2:35:08 PM",
"512","18.5618","8/28/2026 2:35:08 PM","8/28/2026 2:35:08 PM",
"513","18.5618","8/28/2026 2:35:08 PM","8/28/2026 2:35:08 PM",
"514","18.5617","8/28/2026 2:35:08 PM","8/28/2026 2:35:08 PM",
"515","18.5617","8/28/2026 2:35:08 PM","8/28/2026 2:35:08 PM",
"516","18.56137","8/28/2026 2:35:08 PM","8/28/2026 2:35:08 PM",
"517","18.56137","8/28/2026 2:35:08 PM","8/28/2026 2:35:08 PM",
"518","18.56168","8/28/2026 2:35:08 PM","8/28/2026 2:35:08 PM",
"519","18.56168","8/28/2026 2:35:08 PM","8/28/2026 2:35:08 PM",
"520","18.56215","8/28/2026 2:35:08 PM","8/28/2026 2:35:08 PM",
"521","18.56215","8/28/2026 2:35:08 PM","8/28/2026 2:35:08 PM",
"522","18.56319","8/28/2026 2:35:08 PM","8/28/2026 2:35:08 PM",
"523","18.56319","8/28/2026 2:35:08 PM","8/28/2026 2:35:08 PM",
"524","18.56109","8/28/2026 2:35:08 PM","8/28/2026 2:35:08 PM",
"525","18.56109","8/28/2026 2:35:08 PM","8/28/2026 2:35:08 PM",
"526","18.5602","8/28/2026 2:35:08 PM","8/28/2026 2:35:08 PM",
"527","18.5602","8/28/2026 2:35:08 PM","8/28/2026 2:35:08 PM",
"528","18.56033","8/28/2026 2:35:08 PM","8/28/2026 2:35:08 PM",
"529","18.56033","8/28/2026 2:35:08 PM","8/28/2026 2:35:08 PM",
"530","18.55986","8/28/2026 2:35:08 PM","8/28/2026 2:35:08 PM",
"531","18.55986","8/28/2026 2:35:08 PM","8/28/2026 2:35:08 PM",
"532","18.56142","8/28/2026 2:35:08 PM","8/28/2026 2:35:08 PM",
"533","18.56142","8/28/2026 2:35:08 PM","8/28/2026 2:35:08 PM",
"534","18.56032","8/28/2026 2:35:08 PM","8/28/2026 2:35:08 PM",
"535","18.56032","8/28/2026 2:35:08 PM","8/28/2026 2:35:08 PM",
"536","18.56033","8/28/2026 2:35:08 PM","8/28/2026 2:35:08 PM",
"537","18.56033","8/28/2026 2:35:08 PM","8/28/2026 2:35:08 PM",
"538","18.55877","8/28/2026 2:35:08 PM","8/28/2026 2:35:08 PM",
"539","18.55877","8/28/2026 2:35:08 PM","8/28/2026 2:35:08 PM",
"540","18.5603","8/28/2026 2:35:08 PM","8/28/2026 2:35:08 PM",
"541","18.5603","8/28/2026 2:35:08 PM","8/28/2026 2:35:08 PM",
"542","18.56005","8/28/2026 2:35:08 PM","8/28/2026 2:35:08 PM",
"543","18.56005","8/28/2026 2:35:08 PM","8/28/2026 2:35:08 PM",
"544","18.55927","8/28/2026 2:35:08 PM","8/28/2026 2:35:08 PM",
"545","18.55927","8/28/2026 2:35:08 PM","8/28/2026 2:35:08 PM",
"546","18.55767","8/28/2026 2:35:08 PM","8/28/2026 2:35:08 PM",
"547","18.55767","8/28/2026 2:35:08 PM","8/28/2026 2:35:08 PM",
"548","18.56012","8/28/2026 2:35:08 PM","8/28/2026 2:35:08 PM",
"549","18.56012","8/28/2026 2:35:08 PM","8/28/2026 2:35:08 PM",
"550","18.55771","8/28/2026 2:35:08 PM","8/28/2026 2:35:08 PM",
"551","18.55771","8/28/2026 2:35:08 PM","8/28/2026 2:35:08 PM",
"552","18.5582","8/28/2026 2:35:08 PM","8/28/2026 2:35:08 PM",
"553","18.5582","8/28/2026 2:35:08 PM","8/28/2026 2:35:08 PM",
"554","18.55758","8/28/2026 2:35:08 PM","8/28/2026 2:35:08 PM",
"555","18.55758","8/28/2026 2:35:08 PM","8/28/2026 2:35:08 PM",
"556","18.56097","8/28/2026 2:35:08 PM","8/28/2026 2:35:08 PM",
"557","18.56097","8/28/2026 2:35:08 PM","8/28/2026 2:35:08 PM",
"558","18.55802","8/28/2026 2:35:08 PM","8/28/2026 2:35:08 PM",
"559","18.55802","8/28/2026 2:35:08 PM","8/28/2026 2:35:08 PM",
"560","18.55784","8/28/2026 2:35:08 PM","8/28/2026 2:35:08 PM",
"561","18.55784","8/28/2026 2:35:08 PM","8/28/2026 2:35:08 PM",
"562","18.55709","8/28/2026 2:35:08 PM","8/28/2026 2:35:08 PM",
"563","18.55709","8/28/2026 2:35:08 PM","8/28/2026 2:35:08 PM",
"564","18.55811","8/28/2026 2:35:08 PM","8/28/2026 2:35:08 PM",
"565","18.55811","8/28/2026 2:35:08 PM","8/28/2026 2:35:08 PM",
"566","18.55587","8/28/2026 2:35:08 PM","8/28/2026 2:35:08 PM",
"567","18.55587","8/28/2026 2:35:08 PM","8/28/2026 2:35:08 PM",
"568","18.55644","8/28/2026 2:35:08 PM","8/28/2026 2:35:08 PM",
"569","18.55644","8/28/2026 2:35:08 PM","8/28/2026 2:35:08 PM",
"570","18.55627","8/28/2026 2:35:08 PM","8/28/2026 2:35:08 PM",
"571","18.55627","8/28/2026 2:35:08 PM","8/28/2026 2:35:08 PM",
"572","18.55637","8/28/2026 2:35:08 PM","8/28/2026 2:35:08 PM",
"573","18.55637","8/28/2026 2:35:08 PM","8/28/2026 2:35:08 PM",
"574","18.5551","8/28/2026 2:35:08 PM","8/28/2026 2:35:08 PM",
"575","18.5551","8/28/2026 2:35:08 PM","8/28/2026 2:35:08 PM",
"576","18.5573","8/28/2026 2:35:08 PM","8/28/2026 2:35:08 PM",
"577","18.5573","8/28/2026 2:35:08 PM","8/28/2026 2:35:08 PM",
"578","18.55368","8/28/2026 2:35:08 PM","8/28/2026 2:35:08 PM",
"579","18.55368","8/28/2026 2:35:08 PM","8/28/2026 2:35:08 PM",
"580","18.5549","8/28/2026 2:35:08 PM","8/28/2026 2:35:08 PM",
"581","18.5549","8/28/2026 2:35:08 PM","8/28/2026 2:35:08 PM",
"582","18.55581","8/28/2026 2:35:08 PM","8/28/2026 2:35:08 PM",
"583","18.55581","8/28/2026 2:35:08 PM","8/28/2026 2:35:08 PM",
"584","18.55355","8/28/2026 2:35:09 PM","8/28/2026 2:35:09 PM",
"585","18.55355","8/28/2026 2:35:09 PM","8/28/2026 2:35:09 PM",
"586","18.55411","8/28/2026 2:35:09 PM","8/28/2026 2:35:09 PM",
"587","18.55411","8/28/2026 2:35:09 PM","8/28/2026 2:35:09 PM",
"588","18.55398","8/28/2026 2:35:09 PM","8/28/2026 2:35:09 PM",
"589","18.55398","8/28/2026 2:35:09 PM","8/28/2026 2:35:09 PM",
"590","18.55308","8/28/2026 2:35:09 PM","8/28/2026 2:35:09 PM",
"591","18.55308","8/28/2026 2:35:09 PM","8/28/2026 2:35:09 PM",
"592","18.55222","8/28/2026 2:35:09 PM","8/28/2026 2:35:09 PM",
"593","18.55222","8/28/2026 2:35:09 PM","8/28/2026 2:35:09 PM",
"594","18.55488","8/28/2026 2:35:09 PM","8/28/2026 2:35:09 PM",
"595","18.55488","8/28/2026 2:35:09 PM","8/28/2026 2:35:09 PM",
"596","18.55243","8/28/2026 2:35:09 PM","8/28/2026 2:35:09 PM",
"597","18.55243","8/28/2026 2:35:09 PM","8/28/2026 2:35:09 PM",
"598","18.55128","8/28/2026 2:35:09 PM","8/28/2026 2:35:09 PM",
"599","18.55128","8/28/2026 2:35:09 PM","8/28/2026 2:35:09 PM",
"600","18.55153","8/28/2026 2:35:09 PM","8/28/2026 2:35:09 PM",
"601","18.55153","8/28/2026 2:35:09 PM","8/28/2026 2:35:09 PM",
"602","18.55128","8/28/2026 2:35:09 PM","8/28/2026 2:35:09 PM",
"603","18.55128","8/28/2026 2:35:09 PM","8/28/2026 2:35:09 PM",
"604","18.55118","8/28/2026 2:35:09 PM","8/28/2026 2:35:09 PM",
"605","18.55118","8/28/2026 2:35:09 PM","8/28/2026 2:35:09 PM",
"606","18.55006","8/28/2026 2:35:09 PM","8/28/2026 2:35:09 PM",
"607","18.55006","8/28/2026 2:35:09 PM","8/28/2026 2:35:09 PM",
"608","18.55006","8/28/2026 2:35:09 PM","8/28/2026 2:35:09 PM",
"609","18.54937","8/28/2026 2:35:09 PM","8/28/2026 2:35:09 PM",
"610","18.54937","8/28/2026 2:35:09 PM","8/28/2026 2:35:09 PM",
"611","18.55053","8/28/2026 2:35:09 PM","8/28/2026 2:35:09 PM",
"612","18.55053","8/28/2026 2:35:09 PM","8/28/2026 2:35:09 PM",
"613","18.55029","8/28/2026 2:35:09 PM","8/28/2026 2:35:09 PM",
"614","18.55029","8/28/2026 2:35:09 PM","8/28/2026 2:35:09 PM",
"615","18.54784","8/28/2026 2:35:09 PM","8/28/2026 2:35:09 PM",
"616","18.54784","8/28/2026 2:35:09 PM","8/28/2026 2:35:09 PM",
"617","18.54945","8/28/2026 2:35:09 PM","8/28/2026 2:35:09 PM",
"618","18.54945","8/28/2026 2:35:09 PM","8/28/2026 2:35:09 PM",
"619","18.54906","8/28/2026 2:35:09 PM","8/28/2026 2:35:09 PM",
"620","18.54906","8/28/2026 2:35:09 PM","8/28/2026 2:35:09 PM",
"621","18.54859","8/28/2026 2:35:09 PM","8/28/2026 2:35:09 PM",
"622","18.54859","8/28/2026 2:35:09 PM","8/28/2026 2:35:09 PM",
"623","18.54931","8/28/2026 2:35:09 PM","8/28/2026 2:35:09 PM",
"624","18.54931","8/28/2026 2:35:09 PM","8/28/2026 2:35:09 PM",
"625","18.5474","8/28/2026 2:35:09 PM","8/28/2026 2:35:09 PM",
"626","18.5474","8/28/2026 2:35:09 PM","8/28/2026 2:35:09 PM",
"627","18.54522","8/28/2026 2:35:09 PM","8/28/2026 2:35:09 PM",
"628","18.54522","8/28/2026 2:35:09 PM","8/28/2026 2:35:09 PM",
"629","18.54806","8/28/2026 2:35:09 PM","8/28/2026 2:35:09 PM",
"630","18.54806","8/28/2026 2:35:09 PM","8/28/2026 2:35:09 PM",
"631","18.5468","8/28/2026 2:35:09 PM","8/28/2026 2:35:09 PM",
"632","18.5468","8/28/2026 2:35:09 PM","8/28/2026 2:35:09 PM",
"633","18.54823","8/28/2026 2:35:09 PM","8/28/2026 2:35:09 PM",
"634","18.54823","8/28/2026 2:35:09 PM","8/28/2026 2:35:09 PM",
"635","18.54644","8/28/2026 2:35:09 PM","8/28/2026 2:35:09 PM",
"636","18.54644","8/28/2026 2:35:09 PM","8/28/2026 2:35:09 PM",
"637","18.54761","8/28/2026 2:35:09 PM","8/28/2026 2:35:09 PM",
"638","18.54761","8/28/2026 2:35:09 PM","8/28/2026 2:35:09 PM",
"639","18.54326","8/28/2026 2:35:09 PM","8/28/2026 2:35:09 PM",
"640","18.54326","8/28/2026 2:35:09 PM","8/28/2026 2:35:09 PM",
"641","18.54562","8/28/2026 2:35:09 PM","8/28/2026 2:35:09 PM",
"642","18.54562","8/28/2026 2:35:09 PM","8/28/2026 2:35:09 PM",
"643","18.54328","8/28/2026 2:35:09 PM","8/28/2026 2:35:09 PM",
"644","18.54328","8/28/2026 2:35:09 PM","8/28/2026 2:35:09 PM",
"645","18.54635","8/28/2026 2:35:09 PM","8/28/2026 2:35:09 PM",
"646","18.54635","8/28/2026 2:35:09 PM","8/28/2026 2:35:09 PM",
"647","18.5439","8/28/2026 2:35:09 PM","8/28/2026 2:35:09 PM",
"648","18.5439","8/28/2026 2:35:09 PM","8/28/2026 2:35:09 PM",
"649","18.54466","8/28/2026 2:35:09 PM","8/28/2026 2:35:09 PM",
"650","18.54466","8/28/2026 2:35:09 PM","8/28/2026 2:35:09 PM",
"651","18.54214","8/28/2026 2:35:09 PM","8/28/2026 2:35:09 PM",
"652","18.54214","8/28/2026 2:35:09 PM","8/28/2026 2:35:09 PM",
"653","18.54551","8/28/2026 2:35:09 PM","8/28/2026 2:35:09 PM",
"654","18.54551","8/28/2026 2:35:09 PM","8/28/2026 2:35:09 PM",
"655","18.54116","8/28/2026 2:35:09 PM","8/28/2026 2:35:09 PM",
"656","18.54116","8/28/2026 2:35:09 PM","8/28/2026 2:35:09 PM",
"657","18.54431","8/28/2026 2:35:09 PM","8/28/2026 2:35:09 PM",
"658","18.54431","8/28/2026 2:35:09 PM","8/28/2026 2:35:09 PM",
"659","18.54108","8/28/2026 2:35:09 PM","8/28/2026 2:35:09 PM",
"660","18.54108","8/28/2026 2:35:09 PM","8/28/2026 2:35:09 PM",
"661","18.54299","8/28/2026 2:35:09 PM","8/28/2026 2:35:09 PM",
"662","18.54299","8/28/2026 2:35:09 PM","8/28/2026 2:35:09 PM",
"663","18.53965","8/28/2026 2:35:09 PM","8/28/2026 2:35:09 PM",
"664","18.53965","8/28/2026 2:35:09 PM","8/28/2026 2:35:09 PM",
"665","18.54262","8/28/2026 2:35:09 PM","8/28/2026 2:35:09 PM",
"666","18.54262","8/28/2026 2:35:09 PM","8/28/2026 2:35:09 PM",
"667","18.53948","8/28/2026 2:35:09 PM","8/28/2026 2:35:09 PM",
"668","18.53948","8/28/2026 2:35:09 PM","8/28/2026 2:35:09 PM",
"669","18.54042","8/28/2026 2:35:09 PM","8/28/2026 2:35:09 PM",
"670","18.54042","8/28/2026 2:35:09 PM","8/28/2026 2:35:09 PM",
"671","18.53852","8/28/2026 2:35:09 PM","8/28/2026 2:35:09 PM",
"672","18.53852","8/28/2026 2:35:09 PM","8/28/2026 2:35:09 PM",
"673","18.53948","8/28/2026 2:35:09 PM","8/28/2026 2:35:09 PM",
"674","18.53948","8/28/2026 2:35:09 PM","8/28/2026 2:35:09 PM",
"675","18.53824","8/28/2026 2:35:09 PM","8/28/2026 2:35:09 PM",
"676","18.53824","8/28/2026 2:35:09 PM","8/28/2026 2:35:09 PM",
"677","18.53898","8/28/2026 2:35:09 PM","8/28/2026 2:35:09 PM",
"678","18.53898","8/28/2026 2:35:09 PM","8/28/2026 2:35:09 PM",
"679","18.53857","8/28/2026 2:35:09 PM","8/28/2026 2:35:09 PM",
"680","18.53857","8/28/2026 2:35:09 PM","8/28/2026 2:35:09 PM",
"681","18.53923","8/28/2026 2:35:09 PM","8/28/2026 2:35:09 PM",
"682","18.53923","8/28/2026 2:35:09 PM","8/28/2026 2:35:09 PM",
"683","18.53715","8/28/2026 2:35:09 PM","8/28/2026 2:35:09 PM",
"684","18.53715","8/28/2026 2:35:10 PM","8/28/2026 2:35:10 PM",
"685","18.53728","8/28/2026 2:35:10 PM","8/28/2026 2:35:10 PM",
"686","18.53728","8/28/2026 2:35:10 PM","8/28/2026 2:35:10 PM",
"687","18.53681","8/28/2026 2:35:10 PM","8/28/2026 2:35:10 PM",
"688","18.53681","8/28/2026 2:35:10 PM","8/28/2026 2:35:10 PM",
"689","18.53749","8/28/2026 2:35:10 PM","8/28/2026 2:35:10 PM",
"690","18.53749","8/28/2026 2:35:10 PM","8/28/2026 2:35:10 PM",
"691","18.5358","8/28/2026 2:35:10 PM","8/28/2026 2:35:10 PM",
"692","18.5358","8/28/2026 2:35:10 PM","8/28/2026 2:35:10 PM",
"693","18.53751","8/28/2026 2:35:10 PM","8/28/2026 2:35:10 PM",
"694","18.53751","8/28/2026 2:35:10 PM","8/28/2026 2:35:10 PM",
"695","18.53562","8/28/2026 2:35:10 PM","8/28/2026 2:35:10 PM",
"696","18.53562","8/28/2026 2:35:10 PM","8/28/2026 2:35:10 PM",
"697","18.53566","8/28/2026 2:35:10 PM","8/28/2026 2:35:10 PM",
"698","18.53566","8/28/2026 2:35:10 PM","8/28/2026 2:35:10 PM",
"699","18.53537","8/28/2026 2:35:10 PM","8/28/2026 2:35:10 PM",
"700","18.53537","8/28/2026 2:35:10 PM","8/28/2026 2:35:10 PM",
"701","18.53557","8/28/2026 2:35:10 PM","8/28/2026 2:35:10 PM",
"702","18.53557","8/28/2026 2:35:10 PM","8/28/2026 2:35:10 PM",
"703","18.53428","8/28/2026 2:35:10 PM","8/28/2026 2:35:10 PM",
"704","18.53428","8/28/2026 2:35:10 PM","8/28/2026 2:35:10 PM",
"705","18.53519","8/28/2026 2:35:10 PM","8/28/2026 2:35:10 PM",
"706","18.53519","8/28/2026 2:35:10 PM","8/28/2026 2:35:10 PM",
"707","18.53457","8/28/2026 2:35:10 PM","8/28/2026 2:35:10 PM",
"708","18.53457","8/28/2026 2:35:10 PM","8/28/2026 2:35:10 PM",
"709","18.53398","8/28/2026 2:35:10 PM","8/28/2026 2:35:10 PM",
"710","18.53398","8/28/2026 2:35:10 PM","8/28/2026 2:35:10 PM",
"711","18.5346","8/28/2026 2:35:10 PM","8/28/2026 2:35:10 PM",
"712","18.5346","8/28/2026 2:35:10 PM","8/28/2026 2:35:10 PM",
"713","18.53343","8/28/2026 2:35:10 PM","8/28/2026 2:35:10 PM",
"714","18.53343","8/28/2026 2:35:10 PM","8/28/2026 2:35:10 PM",
"715","18.53482","8/28/2026 2:35:10 PM","8/28/2026 2:35:10 PM",
"716","18.53482","8/28/2026 2:35:10 PM","8/28/2026 2:35:10 PM",
"717","18.53424","8/28/2026 2:35:10 PM","8/28/2026 2:35:10 PM",
"718","18.53424","8/28/2026 2:35:10 PM","8/28/2026 2:35:10 PM",
"719","18.53326","8/28/2026 2:35:10 PM","8/28/2026 2:35:10 PM",
"720","18.53326","8/28/2026 2:35:10 PM","8/28/2026 2:35:10 PM",
"721","18.53144","8/28/2026 2:35:10 PM","8/28/2026 2:35:10 PM",
"722","18.53144","8/28/2026 2:35:10 PM","8/28/2026 2:35:10 PM",
"723","18.53367","8/28/2026 2:35:10 PM","8/28/2026 2:35:10 PM",
"724","18.53367","8/28/2026 2:35:10 PM","8/28/2026 2:35:10 PM",
"725","18.53374","8/28/2026 2:35:10 PM","8/28/2026 2:35:10 PM",
"726","18.53374","8/28/2026 2:35:10 PM","8/28/2026 2:35:10 PM",
"727","18.5299","8/28/2026 2:35:10 PM","8/28/2026 2:35:10 PM",
"728","18.5299","8/28/2026 2:35:10 PM","8/28/2026 2:35:10 PM",
"729","18.53258","8/28/2026 2:35:10 PM","8/28/2026 2:35:10 PM",
"730","18.53258","8/28/2026 2:35:10 PM","8/28/2026 2:35:10 PM",
"731","18.53187","8/28/2026 2:35:10 PM","8/28/2026 2:35:10 PM",
"732","18.53187","8/28/2026 2:35:10 PM","8/28/2026 2:35:10 PM",
"733","18.53103","8/28/2026 2:35:10 PM","8/28/2026 2:35:10 PM",
"734","18.53103","8/28/2026 2:35:10 PM","8/28/2026 2:35:10 PM",
"735","18.53091","8/28/2026 2:35:10 PM","8/28/2026 2:35:10 PM",
"736","18.53091","8/28/2026 2:35:10 PM","8/28/2026 2:35:10 PM",
"737","18.53218","8/28/2026 2:35:10 PM","8/28/2026 2:35:10 PM",
"738","18.53218","8/28/2026 2:35:10 PM","8/28/2026 2:35:10 PM",
"739","18.53114","8/28/2026 2:35:10 PM","8/28/2026 2:35:10 PM",
"740","18.53114","8/28/2026 2:35:10 PM","8/28/2026 2:35:10 PM",
"741","18.53093","8/28/2026 2:35:10 PM","8/28/2026 2:35:10 PM",
"742","18.53093","8/28/2026 2:35:10 PM","8/28/2026 2:35:10 PM",
"743","18.53078","8/28/2026 2:35:10 PM","8/28/2026 2:35:10 PM",
"744","18.53078","8/28/2026 2:35:10 PM","8/28/2026 2:35:10 PM",
"745","18.52954","8/28/2026 2:35:10 PM","8/28/2026 2:35:10 PM",
"746","18.52954","8/28/2026 2:35:10 PM","8/28/2026 2:35:10 PM",
"747","18.52956","8/28/2026 2:35:10 PM","8/28/2026 2:35:10 PM",
"748","18.52956","8/28/2026 2:35:10 PM","8/28/2026 2:35:10 PM",
"749","18.52853","8/28/2026 2:35:10 PM","8/28/2026 2:35:10 PM",
"750","18.52853","8/28/2026 2:35:10 PM","8/28/2026 2:35:10 PM",
"751","18.52798","8/28/2026 2:35:10 PM","8/28/2026 2:35:10 PM",
"752","18.52798","8/28/2026 2:35:10 PM","8/28/2026 2:35:10 PM",
"753","18.52866","8/28/2026 2:35:10 PM","8/28/2026 2:35:10 PM",
"754","18.52866","8/28/2026 2:35:10 PM","8/28/2026 2:35:10 PM",
"755","18.52782","8/28/2026 2:35:10 PM","8/28/2026 2:35:10 PM",
"756","18.52782","8/28/2026 2:35:10 PM","8/28/2026 2:35:10 PM",
"757","18.52836","8/28/2026 2:35:10 PM","8/28/2026 2:35:10 PM",
"758","18.52836","8/28/2026 2:35:10 PM","8/28/2026 2:35:10 PM",
"759","18.52881","8/28/2026 2:35:10 PM","8/28/2026 2:35:10 PM",
"760","18.52881","8/28/2026 2:35:10 PM","8/28/2026 2:35:10 PM",
"761","18.5274","8/28/2026 2:35:10 PM","8/28/2026 2:35:10 PM",
"762","18.5274","8/28/2026 2:35:10 PM","8/28/2026 2:35:10 PM",
"763","18.52582","8/28/2026 2:35:10 PM","8/28/2026 2:35:10 PM",
"764","18.52582","8/28/2026 2:35:10 PM","8/28/2026 2:35:10 PM",
"765","18.52674","8/28/2026 2:35:10 PM","8/28/2026 2:35:10 PM",
"766","18.52674","8/28/2026 2:35:10 PM","8/28/2026 2:35:10 PM",
"767","18.52518","8/28/2026 2:35:10 PM","8/28/2026 2:35:10 PM",
"768","18.52518","8/28/2026 2:35:10 PM","8/28/2026 2:35:10 PM",
"769","18.52501","8/28/2026 2:35:10 PM","8/28/2026 2:35:10 PM",
"770","18.52501","8/28/2026 2:35:10 PM","8/28/2026 2:35:10 PM",
"771","18.52665","8/28/2026 2:35:10 PM","8/28/2026 2:35:10 PM",
"772","18.52665","8/28/2026 2:35:10 PM","8/28/2026 2:35:10 PM",
"773","18.52707","8/28/2026 2:35:10 PM","8/28/2026 2:35:10 PM",
"774","18.52707","8/28/2026 2:35:10 PM","8/28/2026 2:35:10 PM",
"775","18.5238","8/28/2026 2:35:10 PM","8/28/2026 2:35:10 PM",
"776","18.5238","8/28/2026 2:35:10 PM","8/28/2026 2:35:10 PM",
"777","18.52313","8/28/2026 2:35:10 PM","8/28/2026 2:35:10 PM",
"778","18.52313","8/28/2026 2:35:10 PM","8/28/2026 2:35:10 PM",
"779","18.52244","8/28/2026 2:35:10 PM","8/28/2026 2:35:10 PM",
"780","18.52244","8/28/2026 2:35:10 PM","8/28/2026 2:35:10 PM",
"781","18.5242","8/28/2026 2:35:10 PM","8/28/2026 2:35:10 PM",
"782","18.5242","8/28/2026 2:35:10 PM","8/28/2026 2:35:10 PM",
"783","18.52348","8/28/2026 2:35:10 PM","8/28/2026 2:35:10 PM",
"784","18.52348","8/28/2026 2:35:11 PM","8/28/2026 2:35:11 PM",
"785","18.52212","8/28/2026 2:35:11 PM","8/28/2026 2:35:11 PM",
"786","18.52212","8/28/2026 2:35:11 PM","8/28/2026 2:35:11 PM",
"787","18.52388","8/28/2026 2:35:11 PM","8/28/2026 2:35:11 PM",
"788","18.52388","8/28/2026 2:35:11 PM","8/28/2026 2:35:11 PM",
"789","18.52155","8/28/2026 2:35:11 PM","8/28/2026 2:35:11 PM",
"790","18.52155","8/28/2026 2:35:11 PM","8/28/2026 2:35:11 PM",
"791","18.52188","8/28/2026 2:35:11 PM","8/28/2026 2:35:11 PM",
"792","18.52188","8/28/2026 2:35:11 PM","8/28/2026 2:35:11 PM",
"793","18.52208","8/28/2026 2:35:11 PM","8/28/2026 2:35:11 PM",
"794","18.52208","8/28/2026 2:35:11 PM","8/28/2026 2:35:11 PM",
"795","18.52214","8/28/2026 2:35:11 PM","8/28/2026 2:35:11 PM",
"796","18.52214","8/28/2026 2:35:11 PM","8/28/2026 2:35:11 PM",
"797","18.52202","8/28/2026 2:35:11 PM","8/28/2026 2:35:11 PM",
"798","18.52202","8/28/2026 2:35:11 PM","8/28/2026 2:35:11 PM",
"799","18.5203","8/28/2026 2:35:11 PM","8/28/2026 2:35:11 PM",
"800","18.5203","8/28/2026 2:35:11 PM","8/28/2026 2:35:11 PM",
"801","18.52164","8/28/2026 2:35:11 PM","8/28/2026 2:35:11 PM",
"802","18.52164","8/28/2026 2:35:11 PM","8/28/2026 2:35:11 PM",
"803","18.52013","8/28/2026 2:35:11 PM","8/28/2026 2:35:11 PM",
"804","18.52013","8/28/2026 2:35:11 PM","8/28/2026 2:35:11 PM",
"805","18.51976","8/28/2026 2:35:11 PM","8/28/2026 2:35:11 PM",
"806","18.51976","8/28/2026 2:35:11 PM","8/28/2026 2:35:11 PM",
"807","18.51898","8/28/2026 2:35:11 PM","8/28/2026 2:35:11 PM",
"808","18.51898","8/28/2026 2:35:11 PM","8/28/2026 2:35:11 PM",
"809","18.51817","8/28/2026 2:35:11 PM","8/28/2026 2:35:11 PM",
"810","18.51817","8/28/2026 2:35:11 PM","8/28/2026 2:35:11 PM",
"811","18.51891","8/28/2026 2:35:11 PM","8/28/2026 2:35:11 PM",
"812","18.51891","8/28/2026 2:35:11 PM","8/28/2026 2:35:11 PM",
"813","18.5194","8/28/2026 2:35:11 PM","8/28/2026 2:35:11 PM",
"814","18.5194","8/28/2026 2:35:11 PM","8/28/2026 2:35:11 PM",
"815","18.51693","8/28/2026 2:35:11 PM","8/28/2026 2:35:11 PM",
"816","18.51693","8/28/2026 2:35:11 PM","8/28/2026 2:35:11 PM",
"817","18.5184","8/28/2026 2:35:11 PM","8/28/2026 2:35:11 PM",
"818","18.5184","8/28/2026 2:35:11 PM","8/28/2026 2:35:11 PM",
"819","18.51832","8/28/2026 2:35:11 PM","8/28/2026 2:35:11 PM",
"820","18.51832","8/28/2026 2:35:11 PM","8/28/2026 2:35:11 PM",
"821","18.51867","8/28/2026 2:35:11 PM","8/28/2026 2:35:11 PM",
"822","18.51867","8/28/2026 2:35:11 PM","8/28/2026 2:35:11 PM",
"823","18.51769","8/28/2026 2:35:11 PM","8/28/2026 2:35:11 PM",
"824","18.51769","8/28/2026 2:35:11 PM","8/28/2026 2:35:11 PM",
"825","18.51718","8/28/2026 2:35:11 PM","8/28/2026 2:35:11 PM",
"826","18.51718","8/28/2026 2:35:11 PM","8/28/2026 2:35:11 PM",
"827","18.51718","8/28/2026 2:35:11 PM","8/28/2026 2:35:11 PM",
"828","18.51655","8/28/2026 2:35:11 PM","8/28/2026 2:35:11 PM",
"829","18.51655","8/28/2026 2:35:11 PM","8/28/2026 2:35:11 PM",
"830","18.5156","8/28/2026 2:35:11 PM","8/28/2026 2:35:11 PM",
"831","18.5156","8/28/2026 2:35:11 PM","8/28/2026 2:35:11 PM",
"832","18.51595","8/28/2026 2:35:11 PM","8/28/2026 2:35:11 PM",
"833","18.51595","8/28/2026 2:35:11 PM","8/28/2026 2:35:11 PM",
"834","18.51591","8/28/2026 2:35:11 PM","8/28/2026 2:35:11 PM",
"835","18.51591","8/28/2026 2:35:11 PM","8/28/2026 2:35:11 PM",
"836","18.5156","8/28/2026 2:35:11 PM","8/28/2026 2:35:11 PM",
"837","18.5156","8/28/2026 2:35:11 PM","8/28/2026 2:35:11 PM",
"838","18.51622","8/28/2026 2:35:11 PM","8/28/2026 2:35:11 PM",
"839","18.51622","8/28/2026 2:35:11 PM","8/28/2026 2:35:11 PM",
"840","18.51462","8/28/2026 2:35:11 PM","8/28/2026 2:35:11 PM",
"841","18.51462","8/28/2026 2:35:11 PM","8/28/2026 2:35:11 PM",
"842","18.51404","8/28/2026 2:35:11 PM","8/28/2026 2:35:11 PM",
"843","18.51404","8/28/2026 2:35:11 PM","8/28/2026 2:35:11 PM",
"844","18.51427","8/28/2026 2:35:11 PM","8/28/2026 2:35:11 PM",
"845","18.51427","8/28/2026 2:35:11 PM","8/28/2026 2:35:11 PM",
"846","18.51361","8/28/2026 2:35:11 PM","8/28/2026 2:35:11 PM",
"847","18.51361","8/28/2026 2:35:11 PM","8/28/2026 2:35:11 PM",
"848","18.51482","8/28/2026 2:35:11 PM","8/28/2026 2:35:11 PM",
"849","18.51482","8/28/2026 2:35:11 PM","8/28/2026 2:35:11 PM",
"850","18.51453","8/28/2026 2:35:11 PM","8/28/2026 2:35:11 PM",
"851","18.51453","8/28/2026 2:35:11 PM","8/28/2026 2:35:11 PM",
"852","18.51336","8/28/2026 2:35:11 PM","8/28/2026 2:35:11 PM",
"853","18.51336","8/28/2026 2:35:11 PM","8/28/2026 2:35:11 PM",
"854","18.51389","8/28/2026 2:35:11 PM","8/28/2026 2:35:11 PM",
"855","18.51389","8/28/2026 2:35:11 PM","8/28/2026 2:35:11 PM",
"856","18.51171","8/28/2026 2:35:11 PM","8/28/2026 2:35:11 PM",
"857","18.51171","8/28/2026 2:35:11 PM","8/28/2026 2:35:11 PM",
"858","18.51127","8/28/2026 2:35:11 PM","8/28/2026 2:35:11 PM",
"859","18.51127","8/28/2026 2:35:11 PM","8/28/2026 2:35:11 PM",
"860","18.5129","8/28/2026 2:35:11 PM","8/28/2026 2:35:11 PM",
"861","18.5129","8/28/2026 2:35:11 PM","8/28/2026 2:35:11 PM",
"862","18.512","8/28/2026 2:35:11 PM","8/28/2026 2:35:11 PM",
"863","18.512","8/28/2026 2:35:11 PM","8/28/2026 2:35:11 PM",
"864","18.51104","8/28/2026 2:35:11 PM","8/28/2026 2:35:11 PM",
"865","18.51104","8/28/2026 2:35:11 PM","8/28/2026 2:35:11 PM",
"866","18.51022","8/28/2026 2:35:11 PM","8/28/2026 2:35:11 PM",
"867","18.51022","8/28/2026 2:35:11 PM","8/28/2026 2:35:11 PM",
"868","18.5097","8/28/2026 2:35:11 PM","8/28/2026 2:35:11 PM",
"869","18.5097","8/28/2026 2:35:11 PM","8/28/2026 2:35:11 PM",
"870","18.51003","8/28/2026 2:35:11 PM","8/28/2026 2:35:11 PM",
"871","18.51003","8/28/2026 2:35:11 PM","8/28/2026 2:35:11 PM",
"872","18.50957","8/28/2026 2:35:11 PM","8/28/2026 2:35:11 PM",
"873","18.50957","8/28/2026 2:35:11 PM","8/28/2026 2:35:11 PM",
"874","18.50801","8/28/2026 2:35:11 PM","8/28/2026 2:35:11 PM",
"875","18.50801","8/28/2026 2:35:11 PM","8/28/2026 2:35:11 PM",
"876","18.5078","8/28/2026 2:35:11 PM","8/28/2026 2:35:11 PM",
"877","18.5078","8/28/2026 2:35:11 PM","8/28/2026 2:35:11 PM",
"878","18.50791","8/28/2026 2:35:11 PM","8/28/2026 2:35:11 PM",
"879","18.50791","8/28/2026 2:35:11 PM","8/28/2026 2:35:11 PM",
"880","18.50676","8/28/2026 2:35:11 PM","8/28/2026 2:35:11 PM",
"881","18.50676","8/28/2026 2:35:11 PM","8/28/2026 2:35:11 PM",
"882","18.50562","8/28/2026 2:35:11 PM","8/28/2026 2:35:11 PM",
"883","18.50562","8/28/2026 2:35:11 PM","8/28/2026 2:35:11 PM",
"884","18.50661","8/28/2026 2:35:12 PM","8/28/2026 2:35:12 PM",
"885","18.50661","8/28/2026 2:35:12 PM","8/28/2026 2:35:12 PM",
"886","18.50599","8/28/2026 2:35:12 PM","8/28/2026 2:35:12 PM",
"887","18.50599","8/28/2026 2:35:12 PM","8/28/2026 2:35:12 PM",
"888","18.50464","8/28/2026 2:35:12 PM","8/28/2026 2:35:12 PM",
"889","18.50464","8/28/2026 2:35:12 PM","8/28/2026 2:35:12 PM",
"890","18.50526","8/28/2026 2:35:12 PM","8/28/2026 2:35:12 PM",
"891","18.50526","8/28/2026 2:35:12 PM","8/28/2026 2:35:12 PM",
"892","18.50471","8/28/2026 2:35:12 PM","8/28/2026 2:35:12 PM",
"893","18.50471","8/28/2026 2:35:12 PM","8/28/2026 2:35:12 PM",
"894","18.50405","8/28/2026 2:35:12 PM","8/28/2026 2:35:12 PM",
"895","18.50405","8/28/2026 2:35:12 PM","8/28/2026 2:35:12 PM",
"896","18.50338","8/28/2026 2:35:12 PM","8/28/2026 2:35:12 PM",
"897","18.50338","8/28/2026 2:35:12 PM","8/28/2026 2:35:12 PM",
"898","18.50286","8/28/2026 2:35:12 PM","8/28/2026 2:35:12 PM",
"899","18.50286","8/28/2026 2:35:12 PM","8/28/2026 2:35:12 PM",
"900","18.50284","8/28/2026 2:35:12 PM","8/28/2026 2:35:12 PM",
"901","18.50284","8/28/2026 2:35:12 PM","8/28/2026 2:35:12 PM",
"902","18.50341","8/28/2026 2:35:12 PM","8/28/2026 2:35:12 PM",
"903","18.50341","8/28/2026 2:35:12 PM","8/28/2026 2:35:12 PM",
"904","18.503","8/28/2026 2:35:12 PM","8/28/2026 2:35:12 PM",
"905","18.503","8/28/2026 2:35:12 PM","8/28/2026 2:35:12 PM",
"906","18.5019","8/28/2026 2:35:12 PM","8/28/2026 2:35:12 PM",
"907","18.5019","8/28/2026 2:35:12 PM","8/28/2026 2:35:12 PM",
"908","18.50123","8/28/2026 2:35:12 PM","8/28/2026 2:35:12 PM",
"909","18.50123","8/28/2026 2:35:12 PM","8/28/2026 2:35:12 PM",
"910","18.5022","8/28/2026 2:35:12 PM","8/28/2026 2:35:12 PM",
"911","18.5022","8/28/2026 2:35:12 PM","8/28/2026 2:35:12 PM",
"912","18.50332","8/28/2026 2:35:12 PM","8/28/2026 2:35:12 PM",
"913","18.50332","8/28/2026 2:35:12 PM","8/28/2026 2:35:12 PM",
"914","18.50147","8/28/2026 2:35:12 PM","8/28/2026 2:35:12 PM",
"915","18.50147","8/28/2026 2:35:12 PM","8/28/2026 2:35:12 PM",
"916","18.49997","8/28/2026 2:35:12 PM","8/28/2026 2:35:12 PM",
"917","18.49997","8/28/2026 2:35:12 PM","8/28/2026 2:35:12 PM",
"918","18.50067","8/28/2026 2:35:12 PM","8/28/2026 2:35:12 PM",
"919","18.50067","8/28/2026 2:35:12 PM","8/28/2026 2:35:12 PM",
"920","18.49969","8/28/2026 2:35:12 PM","8/28/2026 2:35:12 PM",
"921","18.49969","8/28/2026 2:35:12 PM","8/28/2026 2:35:12 PM",
"922","18.50034","8/28/2026 2:35:12 PM","8/28/2026 2:35:12 PM",
"923","18.50034","8/28/2026 2:35:12 PM","8/28/2026 2:35:12 PM",
"924","18.4998","8/28/2026 2:35:12 PM","8/28/2026 2:35:12 PM",
"925","18.4998","8/28/2026 2:35:12 PM","8/28/2026 2:35:12 PM",
"926","18.50013","8/28/2026 2:35:12 PM","8/28/2026 2:35:12 PM",
"927","18.50013","8/28/2026 2:35:12 PM","8/28/2026 2:35:12 PM",
"928","18.49874","8/28/2026 2:35:12 PM","8/28/2026 2:35:12 PM",
"929","18.49874","8/28/2026 2:35:12 PM","8/28/2026 2:35:12 PM",
"930","18.49855","8/28/2026 2:35:12 PM","8/28/2026 2:35:12 PM",
"931","18.49855","8/28/2026 2:35:12 PM","8/28/2026 2:35:12 PM",
"932","18.49882","8/28/2026 2:35:12 PM","8/28/2026 2:35:12 PM",
"933","18.49882","8/28/2026 2:35:12 PM","8/28/2026 2:35:12 PM",
"934","18.49884","8/28/2026 2:35:12 PM","8/28/2026 2:35:12 PM",
"935","18.49884","8/28/2026 2:35:12 PM","8/28/2026 2:35:12 PM",
"936","18.49792","8/28/2026 2:35:12 PM","8/28/2026 2:35:12 PM",
"937","18.49792","8/28/2026 2:35:12 PM","8/28/2026 2:35:12 PM",
"938","18.49687","8/28/2026 2:35:12 PM","8/28/2026 2:35:12 PM",
"939","18.49687","8/28/2026 2:35:12 PM","8/28/2026 2:35:12 PM",
"940","18.49669","8/28/2026 2:35:12 PM","8/28/2026 2:35:12 PM",
"941","18.49669","8/28/2026 2:35:12 PM","8/28/2026 2:35:12 PM",
"942","18.49686","8/28/2026 2:35:12 PM","8/28/2026 2:35:12 PM",
"943","18.49686","8/28/2026 2:35:12 PM","8/28/2026 2:35:12 PM",
"944","18.49615","8/28/2026 2:35:12 PM","8/28/2026 2:35:12 PM",
"945","18.49615","8/28/2026 2:35:12 PM","8/28/2026 2:35:12 PM",
"946","18.49516","8/28/2026 2:35:12 PM","8/28/2026 2:35:12 PM",
"947","18.49516","8/28/2026 2:35:12 PM","8/28/2026 2:35:12 PM",
"948","18.49603","8/28/2026 2:35:12 PM","8/28/2026 2:35:12 PM",
"949","18.49603","8/28/2026 2:35:12 PM","8/28/2026 2:35:12 PM",
"950","18.49541","8/28/2026 2:35:12 PM","8/28/2026 2:35:12 PM",
"951","18.49541","8/28/2026 2:35:12 PM","8/28/2026 2:35:12 PM",
"952","18.49438","8/28/2026 2:35:12 PM","8/28/2026 2:35:12 PM",
"953","18.49438","8/28/2026 2:35:12 PM","8/28/2026 2:35:12 PM",
"954","18.49354","8/28/2026 2:35:12 PM","8/28/2026 2:35:12 PM",
"955","18.49354","8/28/2026 2:35:12 PM","8/28/2026 2:35:12 PM",
"956","18.494","8/28/2026 2:35:12 PM","8/28/2026 2:35:12 PM",
"957","18.494","8/28/2026 2:35:12 PM","8/28/2026 2:35:12 PM",
"958","18.49414","8/28/2026 2:35:12 PM","8/28/2026 2:35:12 PM",
"959","18.49414","8/28/2026 2:35:12 PM","8/28/2026 2:35:12 PM",
"960","18.49598","8/28/2026 2:35:12 PM","8/28/2026 2:35:12 PM",
"961","18.49598","8/28/2026 2:35:12 PM","8/28/2026 2:35:12 PM",
"962","18.49272","8/28/2026 2:35:12 PM","8/28/2026 2:35:12 PM",
"963","18.49272","8/28/2026 2:35:12 PM","8/28/2026 2:35:12 PM",
"964","18.49329","8/28/2026 2:35:12 PM","8/28/2026 2:35:12 PM",
"965","18.49329","8/28/2026 2:35:12 PM","8/28/2026 2:35:12 PM",
"966","18.4922","8/28/2026 2:35:12 PM","8/28/2026 2:35:12 PM",
"967","18.4922","8/28/2026 2:35:12 PM","8/28/2026 2:35:12 PM",
"968","18.49183","8/28/2026 2:35:12 PM","8/28/2026 2:35:12 PM",
"969","18.49183","8/28/2026 2:35:12 PM","8/28/2026 2:35:12 PM",
"970","18.49117","8/28/2026 2:35:12 PM","8/28/2026 2:35:12 PM",
"971","18.49117","8/28/2026 2:35:12 PM","8/28/2026 2:35:12 PM",
"972","18.49169","8/28/2026 2:35:12 PM","8/28/2026 2:35:12 PM",
"973","18.49169","8/28/2026 2:35:12 PM","8/28/2026 2:35:12 PM",
"974","18.49056","8/28/2026 2:35:12 PM","8/28/2026 2:35:12 PM",
"975","18.49056","8/28/2026 2:35:12 PM","8/28/2026 2:35:12 PM",
"976","18.49104","8/28/2026 2:35:12 PM","8/28/2026 2:35:12 PM",
"977","18.49104","8/28/2026 2:35:12 PM","8/28/2026 2:35:12 PM",
"978","18.48905","8/28/2026 2:35:12 PM","8/28/2026 2:35:12 PM",
"979","18.48905","8/28/2026 2:35:12 PM","8/28/2026 2:35:12 PM",
"980","18.49093","8/28/2026 2:35:12 PM","8/28/2026 2:35:12 PM",
"981","18.49093","8/28/2026 2:35:12 PM","8/28/2026 2:35:12 PM",
"982","18.49063","8/28/2026 2:35:12 PM","8/28/2026 2:35:12 PM",
"983","18.49063","8/28/2026 2:35:12 PM","8/28/2026 2:35:12 PM",
"984","18.48908","8/28/2026 2:35:13 PM","8/28/2026 2:35:13 PM",
"985","18.48908","8/28/2026 2:35:13 PM","8/28/2026 2:35:13 PM",
"986","18.48838","8/28/2026 2:35:13 PM","8/28/2026 2:35:13 PM",
"987","18.48838","8/28/2026 2:35:13 PM","8/28/2026 2:35:13 PM",
"988","18.48846","8/28/2026 2:35:13 PM","8/28/2026 2:35:13 PM",
"989","18.48846","8/28/2026 2:35:13 PM","8/28/2026 2:35:13 PM",
"990","18.48711","8/28/2026 2:35:13 PM","8/28/2026 2:35:13 PM",
"991","18.48711","8/28/2026 2:35:13 PM","8/28/2026 2:35:13 PM",
"992","18.48784","8/28/2026 2:35:13 PM","8/28/2026 2:35:13 PM",
"993","18.48784","8/28/2026 2:35:13 PM","8/28/2026 2:35:13 PM",
"994","18.48765","8/28/2026 2:35:13 PM","8/28/2026 2:35:13 PM",
"995","18.48765","8/28/2026 2:35:13 PM","8/28/2026 2:35:13 PM",
"996","18.48826","8/28/2026 2:35:13 PM","8/28/2026 2:35:13 PM",
"997","18.48826","8/28/2026 2:35:13 PM","8/28/2026 2:35:13 PM",
"998","18.4865","8/28/2026 2:35:13 PM","8/28/2026 2:35:13 PM",
"999","18.4865","8/28/2026 2:35:13 PM","8/28/2026 2:35:13 PM",
"1000","18.4862","8/28/2026 2:35:13 PM","8/28/2026 2:35:13 PM",
"1001","18.4862","8/28/2026 2:35:13 PM","8/28/2026 2:35:13 PM",
"1002","18.48534","8/28/2026 2:35:13 PM","8/28/2026 2:35:13 PM",
"1003","18.48534","8/28/2026 2:35:13 PM","8/28/2026 2:35:13 PM",
"1004","18.48641","8/28/2026 2:35:13 PM","8/28/2026 2:35:13 PM",
"1005","18.48641","8/28/2026 2:35:13 PM","8/28/2026 2:35:13 PM",
"1006","18.48452","8/28/2026 2:35:13 PM","8/28/2026 2:35:13 PM",
"1007","18.48452","8/28/2026 2:35:13 PM","8/28/2026 2:35:13 PM",
"1008","18.4856","8/28/2026 2:35:13 PM","8/28/2026 2:35:13 PM",
"1009","18.4856","8/28/2026 2:35:13 PM","8/28/2026 2:35:13 PM",
"1010","18.48349","8/28/2026 2:35:13 PM","8/28/2026 2:35:13 PM",
"1011","18.48349","8/28/2026 2:35:13 PM","8/28/2026 2:35:13 PM",
"1012","18.48447","8/28/2026 2:35:13 PM","8/28/2026 2:35:13 PM",
"1013","18.48447","8/28/2026 2:35:13 PM","8/28/2026 2:35:13 PM",
"1014","18.48378","8/28/2026 2:35:13 PM","8/28/2026 2:35:13 PM",
"1015","18.48378","8/28/2026 2:35:13 PM","8/28/2026 2:35:13 PM",
"1016","18.48377","8/28/2026 2:35:13 PM","8/28/2026 2:35:13 PM",
"1017","18.48377","8/28/2026 2:35:13 PM","8/28/2026 2:35:13 PM",
"1018","18.48232","8/28/2026 2:35:13 PM","8/28/2026 2:35:13 PM",
"1019","18.48232","8/28/2026 2:35:13 PM","8/28/2026 2:35:13 PM",
"1020","18.48233","8/28/2026 2:35:13 PM","8/28/2026 2:35:13 PM",
"1021","18.48233","8/28/2026 2:35:13 PM","8/28/2026 2:35:13 PM",
"1022","18.48198","8/28/2026 2:35:13 PM","8/28/2026 2:35:13 PM",
"1023","18.48198","8/28/2026 2:35:13 PM","8/28/2026 2:35:13 PM",
"1024","18.48187","8/28/2026 2:35:13 PM","8/28/2026 2:35:13 PM",
"1025","18.48187","8/28/2026 2:35:13 PM","8/28/2026 2:35:13 PM",
"1026","18.48125","8/28/2026 2:35:13 PM","8/28/2026 2:35:13 PM",
"1027","18.48125","8/28/2026 2:35:13 PM","8/28/2026 2:35:13 PM",
"1028","18.48125","8/28/2026 2:35:13 PM","8/28/2026 2:35:13 PM",
"1029","18.48042","8/28/2026 2:35:13 PM","8/28/2026 2:35:13 PM",
"1030","18.48042","8/28/2026 2:35:13 PM","8/28/2026 2:35:13 PM",
"1031","18.47919","8/28/2026 2:35:13 PM","8/28/2026 2:35:13 PM",
"1032","18.47919","8/28/2026 2:35:13 PM","8/28/2026 2:35:13 PM",
"1033","18.48055","8/28/2026 2:35:13 PM","8/28/2026 2:35:13 PM",
"1034","18.48055","8/28/2026 2:35:13 PM","8/28/2026 2:35:13 PM",
"1035","18.47921","8/28/2026 2:35:13 PM","8/28/2026 2:35:13 PM",
"1036","18.47921","8/28/2026 2:35:13 PM","8/28/2026 2:35:13 PM",
"1037","18.47882","8/28/2026 2:35:13 PM","8/28/2026 2:35:13 PM",
"1038","18.47882","8/28/2026 2:35:13 PM","8/28/2026 2:35:13 PM",
"1039","18.47926","8/28/2026 2:35:13 PM","8/28/2026 2:35:13 PM",
"1040","18.47926","8/28/2026 2:35:13 PM","8/28/2026 2:35:13 PM",
"1041","18.47792","8/28/2026 2:35:13 PM","8/28/2026 2:35:13 PM",
"1042","18.47792","8/28/2026 2:35:13 PM","8/28/2026 2:35:13 PM",
"1043","18.47733","8/28/2026 2:35:13 PM","8/28/2026 2:35:13 PM",
"1044","18.47733","8/28/2026 2:35:13 PM","8/28/2026 2:35:13 PM",
"1045","18.47803","8/28/2026 2:35:13 PM","8/28/2026 2:35:13 PM",
"1046","18.47803","8/28/2026 2:35:13 PM","8/28/2026 2:35:13 PM",
"1047","18.47913","8/28/2026 2:35:13 PM","8/28/2026 2:35:13 PM",
"1048","18.47913","8/28/2026 2:35:13 PM","8/28/2026 2:35:13 PM",
"1049","18.47906","8/28/2026 2:35:13 PM","8/28/2026 2:35:13 PM",
"1050","18.47906","8/28/2026 2:35:13 PM","8/28/2026 2:35:13 PM",
"1051","18.47813","8/28/2026 2:35:13 PM","8/28/2026 2:35:13 PM",
"1052","18.47813","8/28/2026 2:35:13 PM","8/28/2026 2:35:13 PM",
"1053","18.47704","8/28/2026 2:35:13 PM","8/28/2026 2:35:13 PM",
"1054","18.47704","8/28/2026 2:35:13 PM","8/28/2026 2:35:13 PM",
"1055","18.4777","8/28/2026 2:35:13 PM","8/28/2026 2:35:13 PM",
"1056","18.4777","8/28/2026 2:35:13 PM","8/28/2026 2:35:13 PM",
"1057","18.47807","8/28/2026 2:35:13 PM","8/28/2026 2:35:13 PM",
"1058","18.47807","8/28/2026 2:35:13 PM","8/28/2026 2:35:13 PM",
"1059","18.47469","8/28/2026 2:35:13 PM","8/28/2026 2:35:13 PM",
"1060","18.47469","8/28/2026 2:35:13 PM","8/28/2026 2:35:13 PM",
"1061","18.47803","8/28/2026 2:35:13 PM","8/28/2026 2:35:13 PM",
"1062","18.47803","8/28/2026 2:35:13 PM","8/28/2026 2:35:13 PM",
"1063","18.47565","8/28/2026 2:35:13 PM","8/28/2026 2:35:13 PM",
"1064","18.47565","8/28/2026 2:35:13 PM","8/28/2026 2:35:13 PM",
"1065","18.4747","8/28/2026 2:35:13 PM","8/28/2026 2:35:13 PM",
"1066","18.4747","8/28/2026 2:35:13 PM","8/28/2026 2:35:13 PM",
"1067","18.47546","8/28/2026 2:35:13 PM","8/28/2026 2:35:13 PM",
"1068","18.47546","8/28/2026 2:35:13 PM","8/28/2026 2:35:13 PM",
"1069","18.47558","8/28/2026 2:35:13 PM","8/28/2026 2:35:13 PM",
"1070","18.47558","8/28/2026 2:35:13 PM","8/28/2026 2:35:13 PM",
"1071","18.4753","8/28/2026 2:35:13 PM","8/28/2026 2:35:13 PM",
"1072","18.4753","8/28/2026 2:35:13 PM","8/28/2026 2:35:13 PM",
"1073","18.47432","8/28/2026 2:35:13 PM","8/28/2026 2:35:13 PM",
"1074","18.47432","8/28/2026 2:35:13 PM","8/28/2026 2:35:13 PM",
"1075","18.4756","8/28/2026 2:35:13 PM","8/28/2026 2:35:13 PM",
"1076","18.4756","8/28/2026 2:35:13 PM","8/28/2026 2:35:13 PM",
"1077","18.47413","8/28/2026 2:35:13 PM","8/28/2026 2:35:13 PM",
"1078","18.47413","8/28/2026 2:35:13 PM","8/28/2026 2:35:13 PM",
"1079","18.47399","8/28/2026 2:35:13 PM","8/28/2026 2:35:13 PM",
"1080","18.47399","8/28/2026 2:35:13 PM","8/28/2026 2:35:13 PM",
"1081","18.47249","8/28/2026 2:35:13 PM","8/28/2026 2:35:13 PM",
"1082","18.47249","8/28/2026 2:35:13 PM","8/28/2026 2:35:13 PM",
"1083","18.4725","8/28/2026 2:35:13 PM","8/28/2026 2:35:13 PM",
"1084","18.4725","8/28/2026 2:35:14 PM","8/28/2026 2:35:14 PM",
"1085","18.47261","8/28/2026 2:35:14 PM","8/28/2026 2:35:14 PM",
"1086","18.47261","8/28/2026 2:35:14 PM","8/28/2026 2:35:14 PM",
"1087","18.4716","8/28/2026 2:35:14 PM","8/28/2026 2:35:14 PM",
"1088","18.4716","8/28/2026 2:35:14 PM","8/28/2026 2:35:14 PM",
"1089","18.47153","8/28/2026 2:35:14 PM","8/28/2026 2:35:14 PM",
"1090","18.47153","8/28/2026 2:35:14 PM","8/28/2026 2:35:14 PM",
"1091","18.47103","8/28/2026 2:35:14 PM","8/28/2026 2:35:14 PM",
"1092","18.47103","8/28/2026 2:35:14 PM","8/28/2026 2:35:14 PM",
"1093","18.471","8/28/2026 2:35:14 PM","8/28/2026 2:35:14 PM",
"1094","18.471","8/28/2026 2:35:14 PM","8/28/2026 2:35:14 PM",
"1095","18.4699","8/28/2026 2:35:14 PM","8/28/2026 2:35:14 PM",
"1096","18.4699","8/28/2026 2:35:14 PM","8/28/2026 2:35:14 PM",
"1097","18.47042","8/28/2026 2:35:14 PM","8/28/2026 2:35:14 PM",
"1098","18.47042","8/28/2026 2:35:14 PM","8/28/2026 2:35:14 PM",
"1099","18.46841","8/28/2026 2:35:14 PM","8/28/2026 2:35:14 PM",
"1100","18.46841","8/28/2026 2:35:14 PM","8/28/2026 2:35:14 PM",
"1101","18.46963","8/28/2026 2:35:14 PM","8/28/2026 2:35:14 PM",
"1102","18.46963","8/28/2026 2:35:14 PM","8/28/2026 2:35:14 PM",
"1103","18.46897","8/28/2026 2:35:14 PM","8/28/2026 2:35:14 PM",
"1104","18.46897","8/28/2026 2:35:14 PM","8/28/2026 2:35:14 PM",
"1105","18.46725","8/28/2026 2:35:14 PM","8/28/2026 2:35:14 PM",
"1106","18.46725","8/28/2026 2:35:14 PM","8/28/2026 2:35:14 PM",
"1107","18.46681","8/28/2026 2:35:14 PM","8/28/2026 2:35:14 PM",
"1108","18.46681","8/28/2026 2:35:14 PM","8/28/2026 2:35:14 PM",
"1109","18.46797","8/28/2026 2:35:14 PM","8/28/2026 2:35:14 PM",
"1110","18.46797","8/28/2026 2:35:14 PM","8/28/2026 2:35:14 PM",
"1111","18.46597","8/28/2026 2:35:14 PM","8/28/2026 2:35:14 PM",
"1112","18.46597","8/28/2026 2:35:14 PM","8/28/2026 2:35:14 PM",
"1113","18.46688","8/28/2026 2:35:14 PM","8/28/2026 2:35:14 PM",
"1114","18.46688","8/28/2026 2:35:14 PM","8/28/2026 2:35:14 PM",
"1115","18.46583","8/28/2026 2:35:14 PM","8/28/2026 2:35:14 PM",
"1116","18.46583","8/28/2026 2:35:14 PM","8/28/2026 2:35:14 PM",
"1117","18.46514","8/28/2026 2:35:14 PM","8/28/2026 2:35:14 PM",
"1118","18.46514","8/28/2026 2:35:14 PM","8/28/2026 2:35:14 PM",
"1119","18.46479","8/28/2026 2:35:14 PM","8/28/2026 2:35:14 PM",
"1120","18.46479","8/28/2026 2:35:14 PM","8/28/2026 2:35:14 PM",
"1121","18.46359","8/28/2026 2:35:14 PM","8/28/2026 2:35:14 PM",
"1122","18.46359","8/28/2026 2:35:14 PM","8/28/2026 2:35:14 PM",
"1123","18.46375","8/28/2026 2:35:14 PM","8/28/2026 2:35:14 PM",
"1124","18.46375","8/28/2026 2:35:14 PM","8/28/2026 2:35:14 PM",
"1125","18.46379","8/28/2026 2:35:14 PM","8/28/2026 2:35:14 PM",
"1126","18.46379","8/28/2026 2:35:14 PM","8/28/2026 2:35:14 PM",
"1127","18.4625","8/28/2026 2:35:14 PM","8/28/2026 2:35:14 PM",
"1128","18.4625","8/28/2026 2:35:14 PM","8/28/2026 2:35:14 PM",
"1129","18.46173","8/28/2026 2:35:14 PM","8/28/2026 2:35:14 PM",
"1130","18.46173","8/28/2026 2:35:14 PM","8/28/2026 2:35:14 PM",
"1131","18.46142","8/28/2026 2:35:14 PM","8/28/2026 2:35:14 PM",
"1132","18.46142","8/28/2026 2:35:14 PM","8/28/2026 2:35:14 PM",
"1133","18.46076","8/28/2026 2:35:14 PM","8/28/2026 2:35:14 PM",
"1134","18.46076","8/28/2026 2:35:14 PM","8/28/2026 2:35:14 PM",
"1135","18.46205","8/28/2026 2:35:14 PM","8/28/2026 2:35:14 PM",
"1136","18.46205","8/28/2026 2:35:14 PM","8/28/2026 2:35:14 PM",
"1137","18.46201","8/28/2026 2:35:14 PM","8/28/2026 2:35:14 PM",
"1138","18.46201","8/28/2026 2:35:14 PM","8/28/2026 2:35:14 PM",
"1139","18.45927","8/28/2026 2:35:14 PM","8/28/2026 2:35:14 PM",
"1140","18.45927","8/28/2026 2:35:14 PM","8/28/2026 2:35:14 PM",
"1141","18.45903","8/28/2026 2:35:14 PM","8/28/2026 2:35:14 PM",
"1142","18.45903","8/28/2026 2:35:14 PM","8/28/2026 2:35:14 PM",
"1143","18.45814","8/28/2026 2:35:14 PM","8/28/2026 2:35:14 PM",
"1144","18.45814","8/28/2026 2:35:14 PM","8/28/2026 2:35:14 PM",
"1145","18.45805","8/28/2026 2:35:14 PM","8/28/2026 2:35:14 PM",
"1146","18.45805","8/28/2026 2:35:14 PM","8/28/2026 2:35:14 PM",
"1147","18.45661","8/28/2026 2:35:14 PM","8/28/2026 2:35:14 PM",
"1148","18.45661","8/28/2026 2:35:14 PM","8/28/2026 2:35:14 PM",
"1149","18.45724","8/28/2026 2:35:14 PM","8/28/2026 2:35:14 PM",
"1150","18.45724","8/28/2026 2:35:14 PM","8/28/2026 2:35:14 PM",
"1151","18.45565","8/28/2026 2:35:14 PM","8/28/2026 2:35:14 PM",
"1152","18.45565","8/28/2026 2:35:14 PM","8/28/2026 2:35:14 PM",
"1153","18.4555","8/28/2026 2:35:14 PM","8/28/2026 2:35:14 PM",
"1154","18.4555","8/28/2026 2:35:14 PM","8/28/2026 2:35:14 PM",
"1155","18.45576","8/28/2026 2:35:14 PM","8/28/2026 2:35:14 PM",
"1156","18.45576","8/28/2026 2:35:14 PM","8/28/2026 2:35:14 PM",
"1157","18.4541","8/28/2026 2:35:14 PM","8/28/2026 2:35:14 PM",
"1158","18.4541","8/28/2026 2:35:14 PM","8/28/2026 2:35:14 PM",
"1159","18.45278","8/28/2026 2:35:14 PM","8/28/2026 2:35:14 PM",
"1160","18.45278","8/28/2026 2:35:14 PM","8/28/2026 2:35:14 PM",
"1161","18.4533","8/28/2026 2:35:14 PM","8/28/2026 2:35:14 PM",
"1162","18.4533","8/28/2026 2:35:14 PM","8/28/2026 2:35:14 PM",
"1163","18.45298","8/28/2026 2:35:14 PM","8/28/2026 2:35:14 PM",
"1164","18.45298","8/28/2026 2:35:14 PM","8/28/2026 2:35:14 PM",
"1165","18.4523","8/28/2026 2:35:14 PM","8/28/2026 2:35:14 PM",
"1166","18.4523","8/28/2026 2:35:14 PM","8/28/2026 2:35:14 PM",
"1167","18.45107","8/28/2026 2:35:14 PM","8/28/2026 2:35:14 PM",
"1168","18.45107","8/28/2026 2:35:14 PM","8/28/2026 2:35:14 PM",
"1169","18.44967","8/28/2026 2:35:14 PM","8/28/2026 2:35:14 PM",
"1170","18.44967","8/28/2026 2:35:14 PM","8/28/2026 2:35:14 PM",
"1171","18.44994","8/28/2026 2:35:14 PM","8/28/2026 2:35:14 PM",
"1172","18.44994","8/28/2026 2:35:14 PM","8/28/2026 2:35:14 PM",
"1173","18.45021","8/28/2026 2:35:14 PM","8/28/2026 2:35:14 PM",
"1174","18.45021","8/28/2026 2:35:14 PM","8/28/2026 2:35:14 PM",
"1175","18.44896","8/28/2026 2:35:14 PM","8/28/2026 2:35:14 PM",
"1176","18.44896","8/28/2026 2:35:14 PM","8/28/2026 2:35:14 PM",
"1177","18.44837","8/28/2026 2:35:14 PM","8/28/2026 2:35:14 PM",
"1178","18.44837","8/28/2026 2:35:14 PM","8/28/2026 2:35:14 PM",
"1179","18.44732","8/28/2026 2:35:14 PM","8/28/2026 2:35:14 PM",
"1180","18.44732","8/28/2026 2:35:14 PM","8/28/2026 2:35:14 PM",
"1181","18.44827","8/28/2026 2:35:14 PM","8/28/2026 2:35:14 PM",
"1182","18.44827","8/28/2026 2:35:14 PM","8/28/2026 2:35:14 PM",
"1183","18.4478","8/28/2026 2:35:14 PM","8/28/2026 2:35:14 PM",
"1184","18.4478","8/28/2026 2:35:15 PM","8/28/2026 2:35:15 PM",
"1185","18.44704","8/28/2026 2:35:15 PM","8/28/2026 2:35:15 PM",
"1186","18.44704","8/28/2026 2:35:15 PM","8/28/2026 2:35:15 PM",
"1187","18.44731","8/28/2026 2:35:15 PM","8/28/2026 2:35:15 PM",
"1188","18.44731","8/28/2026 2:35:15 PM","8/28/2026 2:35:15 PM",
"1189","18.44738","8/28/2026 2:35:15 PM","8/28/2026 2:35:15 PM",
"1190","18.44738","8/28/2026 2:35:15 PM","8/28/2026 2:35:15 PM",
"1191","18.44658","8/28/2026 2:35:15 PM","8/28/2026 2:35:15 PM",
"1192","18.44658","8/28/2026 2:35:15 PM","8/28/2026 2:35:15 PM",
"1193","18.4474","8/28/2026 2:35:15 PM","8/28/2026 2:35:15 PM",
"1194","18.4474","8/28/2026 2:35:15 PM","8/28/2026 2:35:15 PM",
"1195","18.44836","8/28/2026 2:35:15 PM","8/28/2026 2:35:15 PM",
"1196","18.44836","8/28/2026 2:35:15 PM","8/28/2026 2:35:15 PM",
"1197","18.44541","8/28/2026 2:35:15 PM","8/28/2026 2:35:15 PM",
"1198","18.44541","8/28/2026 2:35:15 PM","8/28/2026 2:35:15 PM",
"1199","18.44536","8/28/2026 2:35:15 PM","8/28/2026 2:35:15 PM",
"1200","18.44536","8/28/2026 2:35:15 PM","8/28/2026 2:35:15 PM",
"1201","18.44541","8/28/2026 2:35:15 PM","8/28/2026 2:35:15 PM",
"1202","18.44541","8/28/2026 2:35:15 PM","8/28/2026 2:35:15 PM",
"1203","18.44402","8/28/2026 2:35:15 PM","8/28/2026 2:35:15 PM",
"1204","18.44402","8/28/2026 2:35:15 PM","8/28/2026 2:35:15 PM",
"1205","18.44416","8/28/2026 2:35:15 PM","8/28/2026 2:35:15 PM",
"1206","18.44416","8/28/2026 2:35:15 PM","8/28/2026 2:35:15 PM",
"1207","18.44531","8/28/2026 2:35:15 PM","8/28/2026 2:35:15 PM",
"1208","18.44531","8/28/2026 2:35:15 PM","8/28/2026 2:35:15 PM",
"1209","18.44531","8/28/2026 2:35:15 PM","8/28/2026 2:35:15 PM",
"1210","18.44329","8/28/2026 2:35:15 PM","8/28/2026 2:35:15 PM",
"1211","18.44329","8/28/2026 2:35:15 PM","8/28/2026 2:35:15 PM",
"1212","18.44454","8/28/2026 2:35:15 PM","8/28/2026 2:35:15 PM",
"1213","18.44454","8/28/2026 2:35:15 PM","8/28/2026 2:35:15 PM",
"1214","18.44332","8/28/2026 2:35:15 PM","8/28/2026 2:35:15 PM",
"1215","18.44332","8/28/2026 2:35:15 PM","8/28/2026 2:35:15 PM",
"1216","18.44426","8/28/2026 2:35:15 PM","8/28/2026 2:35:15 PM",
"1217","18.44426","8/28/2026 2:35:15 PM","8/28/2026 2:35:15 PM",
"1218","18.44358","8/28/2026 2:35:15 PM","8/28/2026 2:35:15 PM",
"1219","18.44358","8/28/2026 2:35:15 PM","8/28/2026 2:35:15 PM",
"1220","18.44279","8/28/2026 2:35:15 PM","8/28/2026 2:35:15 PM",
"1221","18.44074","8/28/2026 2:35:15 PM","8/28/2026 2:35:15 PM",
"1222","18.44074","8/28/2026 2:35:15 PM","8/28/2026 2:35:15 PM",
"1223","18.44234","8/28/2026 2:35:15 PM","8/28/2026 2:35:15 PM",
"1224","18.44234","8/28/2026 2:35:15 PM","8/28/2026 2:35:15 PM",
"1225","18.44113","8/28/2026 2:35:15 PM","8/28/2026 2:35:15 PM",
"1226","18.44113","8/28/2026 2:35:15 PM","8/28/2026 2:35:15 PM",
"1227","18.44113","8/28/2026 2:35:15 PM","8/28/2026 2:35:15 PM",
"1228","18.44046","8/28/2026 2:35:15 PM","8/28/2026 2:35:15 PM",
"1229","18.44046","8/28/2026 2:35:15 PM","8/28/2026 2:35:15 PM",
"1230","18.43951","8/28/2026 2:35:15 PM","8/28/2026 2:35:15 PM",
"1231","18.43951","8/28/2026 2:35:15 PM","8/28/2026 2:35:15 PM",
"1232","18.44152","8/28/2026 2:35:15 PM","8/28/2026 2:35:15 PM",
"1233","18.44152","8/28/2026 2:35:15 PM","8/28/2026 2:35:15 PM",
"1234","18.4396","8/28/2026 2:35:15 PM","8/28/2026 2:35:15 PM",
"1235","18.4396","8/28/2026 2:35:15 PM","8/28/2026 2:35:15 PM",
"1236","18.4401","8/28/2026 2:35:15 PM","8/28/2026 2:35:15 PM",
"1237","18.4401","8/28/2026 2:35:15 PM","8/28/2026 2:35:15 PM",
"1238","18.43852","8/28/2026 2:35:15 PM","8/28/2026 2:35:15 PM",
"1239","18.43852","8/28/2026 2:35:15 PM","8/28/2026 2:35:15 PM",
"1240","18.43862","8/28/2026 2:35:15 PM","8/28/2026 2:35:15 PM",
"1241","18.43862","8/28/2026 2:35:15 PM","8/28/2026 2:35:15 PM",
"1242","18.43916","8/28/2026 2:35:15 PM","8/28/2026 2:35:15 PM",
"1243","18.43916","8/28/2026 2:35:15 PM","8/28/2026 2:35:15 PM",
"1244","18.43737","8/28/2026 2:35:15 PM","8/28/2026 2:35:15 PM",
"1245","18.43737","8/28/2026 2:35:15 PM","8/28/2026 2:35:15 PM",
"1246","18.43723","8/28/2026 2:35:15 PM","8/28/2026 2:35:15 PM",
"1247","18.43723","8/28/2026 2:35:15 PM","8/28/2026 2:35:15 PM",
"1248","18.43714","8/28/2026 2:35:15 PM","8/28/2026 2:35:15 PM",
"1249","18.43714","8/28/2026 2:35:15 PM","8/28/2026 2:35:15 PM",
"1250","18.43598","8/28/2026 2:35:15 PM","8/28/2026 2:35:15 PM",
"1251","18.43598","8/28/2026 2:35:15 PM","8/28/2026 2:35:15 PM",
"1252","18.43465","8/28/2026 2:35:15 PM","8/28/2026 2:35:15 PM",
"1253","18.43465","8/28/2026 2:35:15 PM","8/28/2026 2:35:15 PM",
"1254","18.43552","8/28/2026 2:35:15 PM","8/28/2026 2:35:15 PM",
"1255","18.43552","8/28/2026 2:35:15 PM","8/28/2026 2:35:15 PM",
"1256","18.43716","8/28/2026 2:35:15 PM","8/28/2026 2:35:15 PM",
"1257","18.43716","8/28/2026 2:35:15 PM","8/28/2026 2:35:15 PM",
"1258","18.43628","8/28/2026 2:35:15 PM","8/28/2026 2:35:15 PM",
"1259","18.43628","8/28/2026 2:35:15 PM","8/28/2026 2:35:15 PM",
"1260","18.43427","8/28/2026 2:35:15 PM","8/28/2026 2:35:15 PM",
"1261","18.43427","8/28/2026 2:35:15 PM","8/28/2026 2:35:15 PM",
"1262","18.43493","8/28/2026 2:35:15 PM","8/28/2026 2:35:15 PM",
"1263","18.43493","8/28/2026 2:35:15 PM","8/28/2026 2:35:15 PM",
"1264","18.43645","8/28/2026 2:35:15 PM","8/28/2026 2:35:15 PM",
"1265","18.43645","8/28/2026 2:35:15 PM","8/28/2026 2:35:15 PM",
"1266","18.43115","8/28/2026 2:35:15 PM","8/28/2026 2:35:15 PM",
"1267","18.43115","8/28/2026 2:35:15 PM","8/28/2026 2:35:15 PM",
"1268","18.4322","8/28/2026 2:35:15 PM","8/28/2026 2:35:15 PM",
"1269","18.4322","8/28/2026 2:35:15 PM","8/28/2026 2:35:15 PM",
"1270","18.43504","8/28/2026 2:35:15 PM","8/28/2026 2:35:15 PM",
"1271","18.43504","8/28/2026 2:35:15 PM","8/28/2026 2:35:15 PM",
"1272","18.43278","8/28/2026 2:35:15 PM","8/28/2026 2:35:15 PM",
"1273","18.43278","8/28/2026 2:35:15 PM","8/28/2026 2:35:15 PM",
"1274","18.43226","8/28/2026 2:35:15 PM","8/28/2026 2:35:15 PM",
"1275","18.43226","8/28/2026 2:35:15 PM","8/28/2026 2:35:15 PM",
"1276","18.43288","8/28/2026 2:35:15 PM","8/28/2026 2:35:15 PM",
"1277","18.43288","8/28/2026 2:35:15 PM","8/28/2026 2:35:15 PM",
"1278","18.43071","8/28/2026 2:35:15 PM","8/28/2026 2:35:15 PM",
"1279","18.43071","8/28/2026 2:35:15 PM","8/28/2026 2:35:15 PM",
"1280","18.4317","8/28/2026 2:35:15 PM","8/28/2026 2:35:15 PM",
"1281","18.4317","8/28/2026 2:35:15 PM","8/28/2026 2:35:15 PM",
"1282","18.43203","8/28/2026 2:35:15 PM","8/28/2026 2:35:15 PM",
"1283","18.43203","8/28/2026 2:35:15 PM","8/28/2026 2:35:15 PM",
"1284","18.43047","8/28/2026 2:35:16 PM","8/28/2026 2:35:16 PM",
"1285","18.43047","8/28/2026 2:35:16 PM","8/28/2026 2:35:16 PM",
"1286","18.42984","8/28/2026 2:35:16 PM","8/28/2026 2:35:16 PM",
"1287","18.42984","8/28/2026 2:35:16 PM","8/28/2026 2:35:16 PM",
"1288","18.43156","8/28/2026 2:35:16 PM","8/28/2026 2:35:16 PM",
"1289","18.43156","8/28/2026 2:35:16 PM","8/28/2026 2:35:16 PM",
"1290","18.42979","8/28/2026 2:35:16 PM","8/28/2026 2:35:16 PM",
"1291","18.42979","8/28/2026 2:35:16 PM","8/28/2026 2:35:16 PM",
"1292","18.42939","8/28/2026 2:35:16 PM","8/28/2026 2:35:16 PM",
"1293","18.42939","8/28/2026 2:35:16 PM","8/28/2026 2:35:16 PM",
"1294","18.42956","8/28/2026 2:35:16 PM","8/28/2026 2:35:16 PM",
"1295","18.42956","8/28/2026 2:35:16 PM","8/28/2026 2:35:16 PM",
"1296","18.42821","8/28/2026 2:35:16 PM","8/28/2026 2:35:16 PM",
"1297","18.42821","8/28/2026 2:35:16 PM","8/28/2026 2:35:16 PM",
"1298","18.42679","8/28/2026 2:35:16 PM","8/28/2026 2:35:16 PM",
"1299","18.42679","8/28/2026 2:35:16 PM","8/28/2026 2:35:16 PM",
"1300","18.42795","8/28/2026 2:35:16 PM","8/28/2026 2:35:16 PM",
"1301","18.42795","8/28/2026 2:35:16 PM","8/28/2026 2:35:16 PM",
"1302","18.42709","8/28/2026 2:35:16 PM","8/28/2026 2:35:16 PM",
"1303","18.42709","8/28/2026 2:35:16 PM","8/28/2026 2:35:16 PM",
"1304","18.42745","8/28/2026 2:35:16 PM","8/28/2026 2:35:16 PM",
"1305","18.42745","8/28/2026 2:35:16 PM","8/28/2026 2:35:16 PM",
"1306","18.42688","8/28/2026 2:35:16 PM","8/28/2026 2:35:16 PM",
"1307","18.42688","8/28/2026 2:35:16 PM","8/28/2026 2:35:16 PM",
"1308","18.42732","8/28/2026 2:35:16 PM","8/28/2026 2:35:16 PM",
"1309","18.42732","8/28/2026 2:35:16 PM","8/28/2026 2:35:16 PM",
"1310","18.42773","8/28/2026 2:35:16 PM","8/28/2026 2:35:16 PM",
"1311","18.42773","8/28/2026 2:35:16 PM","8/28/2026 2:35:16 PM",
"1312","18.42714","8/28/2026 2:35:16 PM","8/28/2026 2:35:16 PM",
"1313","18.42714","8/28/2026 2:35:16 PM","8/28/2026 2:35:16 PM",
"1314","18.42535","8/28/2026 2:35:16 PM","8/28/2026 2:35:16 PM",
"1315","18.42535","8/28/2026 2:35:16 PM","8/28/2026 2:35:16 PM",
"1316","18.4257","8/28/2026 2:35:16 PM","8/28/2026 2:35:16 PM",
"1317","18.4257","8/28/2026 2:35:16 PM","8/28/2026 2:35:16 PM",
"1318","18.42624","8/28/2026 2:35:16 PM","8/28/2026 2:35:16 PM",
"1319","18.42624","8/28/2026 2:35:16 PM","8/28/2026 2:35:16 PM",
"1320","18.42526","8/28/2026 2:35:16 PM","8/28/2026 2:35:16 PM",
"1321","18.42526","8/28/2026 2:35:16 PM","8/28/2026 2:35:16 PM",
"1322","18.42714","8/28/2026 2:35:16 PM","8/28/2026 2:35:16 PM",
"1323","18.42714","8/28/2026 2:35:16 PM","8/28/2026 2:35:16 PM",
"1324","18.42645","8/28/2026 2:35:16 PM","8/28/2026 2:35:16 PM",
"1325","18.42645","8/28/2026 2:35:16 PM","8/28/2026 2:35:16 PM",
"1326","18.4254","8/28/2026 2:35:16 PM","8/28/2026 2:35:16 PM",
"1327","18.4254","8/28/2026 2:35:16 PM","8/28/2026 2:35:16 PM",
"1328","18.42373","8/28/2026 2:35:16 PM","8/28/2026 2:35:16 PM",
"1329","18.42373","8/28/2026 2:35:16 PM","8/28/2026 2:35:16 PM",
"1330","18.42417","8/28/2026 2:35:16 PM","8/28/2026 2:35:16 PM",
"1331","18.42417","8/28/2026 2:35:16 PM","8/28/2026 2:35:16 PM",
"1332","18.4249","8/28/2026 2:35:16 PM","8/28/2026 2:35:16 PM",
"1333","18.4249","8/28/2026 2:35:16 PM","8/28/2026 2:35:16 PM",
"1334","18.42373","8/28/2026 2:35:16 PM","8/28/2026 2:35:16 PM",
"1335","18.42373","8/28/2026 2:35:16 PM","8/28/2026 2:35:16 PM",
"1336","18.42396","8/28/2026 2:35:16 PM","8/28/2026 2:35:16 PM",
"1337","18.42396","8/28/2026 2:35:16 PM","8/28/2026 2:35:16 PM",
"1338","18.42188","8/28/2026 2:35:16 PM","8/28/2026 2:35:16 PM",
"1339","18.42188","8/28/2026 2:35:16 PM","8/28/2026 2:35:16 PM",
"1340","18.42303","8/28/2026 2:35:16 PM","8/28/2026 2:35:16 PM",
"1341","18.42303","8/28/2026 2:35:16 PM","8/28/2026 2:35:16 PM",
"1342","18.42195","8/28/2026 2:35:16 PM","8/28/2026 2:35:16 PM",
"1343","18.42195","8/28/2026 2:35:16 PM","8/28/2026 2:35:16 PM",
"1344","18.42274","8/28/2026 2:35:16 PM","8/28/2026 2:35:16 PM",
"1345","18.42274","8/28/2026 2:35:16 PM","8/28/2026 2:35:16 PM",
"1346","18.42152","8/28/2026 2:35:16 PM","8/28/2026 2:35:16 PM",
"1347","18.42152","8/28/2026 2:35:16 PM","8/28/2026 2:35:16 PM",
"1348","18.422","8/28/2026 2:35:16 PM","8/28/2026 2:35:16 PM",
"1349","18.422","8/28/2026 2:35:16 PM","8/28/2026 2:35:16 PM",
"1350","18.42034","8/28/2026 2:35:16 PM","8/28/2026 2:35:16 PM",
"1351","18.42034","8/28/2026 2:35:16 PM","8/28/2026 2:35:16 PM",
"1352","18.42105","8/28/2026 2:35:16 PM","8/28/2026 2:35:16 PM",
"1353","18.42105","8/28/2026 2:35:16 PM","8/28/2026 2:35:16 PM",
"1354","18.41971","8/28/2026 2:35:16 PM","8/28/2026 2:35:16 PM",
"1355","18.41971","8/28/2026 2:35:16 PM","8/28/2026 2:35:16 PM",
"1356","18.41986","8/28/2026 2:35:16 PM","8/28/2026 2:35:16 PM",
"1357","18.41986","8/28/2026 2:35:16 PM","8/28/2026 2:35:16 PM",
"1358","18.41892","8/28/2026 2:35:16 PM","8/28/2026 2:35:16 PM",
"1359","18.41892","8/28/2026 2:35:16 PM","8/28/2026 2:35:16 PM",
"1360","18.41959","8/28/2026 2:35:16 PM","8/28/2026 2:35:16 PM",
"1361","18.41959","8/28/2026 2:35:16 PM","8/28/2026 2:35:16 PM",
"1362","18.4173","8/28/2026 2:35:16 PM","8/28/2026 2:35:16 PM",
"1363","18.4173","8/28/2026 2:35:16 PM","8/28/2026 2:35:16 PM",
"1364","18.41868","8/28/2026 2:35:16 PM","8/28/2026 2:35:16 PM",
"1365","18.41868","8/28/2026 2:35:16 PM","8/28/2026 2:35:16 PM",
"1366","18.41718","8/28/2026 2:35:16 PM","8/28/2026 2:35:16 PM",
"1367","18.41718","8/28/2026 2:35:16 PM","8/28/2026 2:35:16 PM",
"1368","18.41684","8/28/2026 2:35:16 PM","8/28/2026 2:35:16 PM",
"1369","18.41684","8/28/2026 2:35:16 PM","8/28/2026 2:35:16 PM",
"1370","18.41669","8/28/2026 2:35:16 PM","8/28/2026 2:35:16 PM",
"1371","18.41669","8/28/2026 2:35:16 PM","8/28/2026 2:35:16 PM",
"1372","18.41736","8/28/2026 2:35:16 PM","8/28/2026 2:35:16 PM",
"1373","18.41736","8/28/2026 2:35:16 PM","8/28/2026 2:35:16 PM",
"1374","18.41763","8/28/2026 2:35:16 PM","8/28/2026 2:35:16 PM",
"1375","18.41763","8/28/2026 2:35:16 PM","8/28/2026 2:35:16 PM",
"1376","18.41798","8/28/2026 2:35:16 PM","8/28/2026 2:35:16 PM",
"1377","18.41798","8/28/2026 2:35:16 PM","8/28/2026 2:35:16 PM",
"1378","18.41826","8/28/2026 2:35:16 PM","8/28/2026 2:35:16 PM",
"1379","18.41826","8/28/2026 2:35:16 PM","8/28/2026 2:35:16 PM",
"1380","18.41979","8/28/2026 2:35:16 PM","8/28/2026 2:35:16 PM",
"1381","18.41979","8/28/2026 2:35:16 PM","8/28/2026 2:35:16 PM",
"1382","18.41844","8/28/2026 2:35:16 PM","8/28/2026 2:35:16 PM",
"1383","18.41844","8/28/2026 2:35:16 PM","8/28/2026 2:35:16 PM",
"1384","18.41687","8/28/2026 2:35:17 PM","8/28/2026 2:35:17 PM",
"1385","18.41687","8/28/2026 2:35:17 PM","8/28/2026 2:35:17 PM",
"1386","18.41774","8/28/2026 2:35:17 PM","8/28/2026 2:35:17 PM",
"1387","18.41774","8/28/2026 2:35:17 PM","8/28/2026 2:35:17 PM",
"1388","18.41839","8/28/2026 2:35:17 PM","8/28/2026 2:35:17 PM",
"1389","18.41839","8/28/2026 2:35:17 PM","8/28/2026 2:35:17 PM",
"1390","18.4167","8/28/2026 2:35:17 PM","8/28/2026 2:35:17 PM",
"1391","18.4167","8/28/2026 2:35:17 PM","8/28/2026 2:35:17 PM",
"1392","18.41605","8/28/2026 2:35:17 PM","8/28/2026 2:35:17 PM",
"1393","18.41605","8/28/2026 2:35:17 PM","8/28/2026 2:35:17 PM",
"1394","18.4166","8/28/2026 2:35:17 PM","8/28/2026 2:35:17 PM",
"1395","18.4166","8/28/2026 2:35:17 PM","8/28/2026 2:35:17 PM",
"1396","18.41703","8/28/2026 2:35:17 PM","8/28/2026 2:35:17 PM",
"1397","18.41703","8/28/2026 2:35:17 PM","8/28/2026 2:35:17 PM",
"1398","18.4142","8/28/2026 2:35:17 PM","8/28/2026 2:35:17 PM",
"1399","18.4142","8/28/2026 2:35:17 PM","8/28/2026 2:35:17 PM",
"1400","18.41613","8/28/2026 2:35:17 PM","8/28/2026 2:35:17 PM",
"1401","18.41613","8/28/2026 2:35:17 PM","8/28/2026 2:35:17 PM",
"1402","18.41415","8/28/2026 2:35:17 PM","8/28/2026 2:35:17 PM",
"1403","18.41415","8/28/2026 2:35:17 PM","8/28/2026 2:35:17 PM",
"1404","18.41419","8/28/2026 2:35:17 PM","8/28/2026 2:35:17 PM",
"1405","18.41419","8/28/2026 2:35:17 PM","8/28/2026 2:35:17 PM",
"1406","18.41369","8/28/2026 2:35:17 PM","8/28/2026 2:35:17 PM",
"1407","18.41369","8/28/2026 2:35:17 PM","8/28/2026 2:35:17 PM",
"1408","18.41369","8/28/2026 2:35:17 PM","8/28/2026 2:35:17 PM",
"1409","18.41475","8/28/2026 2:35:17 PM","8/28/2026 2:35:17 PM",
"1410","18.41476","8/28/2026 2:35:17 PM","8/28/2026 2:35:17 PM",
"1411","18.41476","8/28/2026 2:35:17 PM","8/28/2026 2:35:17 PM",
"1412","18.41355","8/28/2026 2:35:17 PM","8/28/2026 2:35:17 PM",
"1413","18.41355","8/28/2026 2:35:17 PM","8/28/2026 2:35:17 PM",
"1414","18.4122","8/28/2026 2:35:17 PM","8/28/2026 2:35:17 PM",
"1415","18.4122","8/28/2026 2:35:17 PM","8/28/2026 2:35:17 PM",
"1416","18.4138","8/28/2026 2:35:17 PM","8/28/2026 2:35:17 PM",
"1417","18.4138","8/28/2026 2:35:17 PM","8/28/2026 2:35:17 PM",
"1418","18.41374","8/28/2026 2:35:17 PM","8/28/2026 2:35:17 PM",
"1419","18.41374","8/28/2026 2:35:17 PM","8/28/2026 2:35:17 PM",
"1420","18.41488","8/28/2026 2:35:17 PM","8/28/2026 2:35:17 PM",
"1421","18.41488","8/28/2026 2:35:17 PM","8/28/2026 2:35:17 PM",
"1422","18.41302","8/28/2026 2:35:17 PM","8/28/2026 2:35:17 PM",
"1423","18.41302","8/28/2026 2:35:17 PM","8/28/2026 2:35:17 PM",
"1424","18.4119","8/28/2026 2:35:17 PM","8/28/2026 2:35:17 PM",
"1425","18.4119","8/28/2026 2:35:17 PM","8/28/2026 2:35:17 PM",
"1426","18.4119","8/28/2026 2:35:17 PM","8/28/2026 2:35:17 PM",
"1427","18.41315","8/28/2026 2:35:17 PM","8/28/2026 2:35:17 PM",
"1428","18.41315","8/28/2026 2:35:17 PM","8/28/2026 2:35:17 PM",
"1429","18.41314","8/28/2026 2:35:17 PM","8/28/2026 2:35:17 PM",
"1430","18.41314","8/28/2026 2:35:17 PM","8/28/2026 2:35:17 PM",
"1431","18.41235","8/28/2026 2:35:17 PM","8/28/2026 2:35:17 PM",
"1432","18.41235","8/28/2026 2:35:17 PM","8/28/2026 2:35:17 PM",
"1433","18.41291","8/28/2026 2:35:17 PM","8/28/2026 2:35:17 PM",
"1434","18.41291","8/28/2026 2:35:17 PM","8/28/2026 2:35:17 PM",
"1435","18.41322","8/28/2026 2:35:17 PM","8/28/2026 2:35:17 PM",
"1436","18.41322","8/28/2026 2:35:17 PM","8/28/2026 2:35:17 PM",
"1437","18.41369","8/28/2026 2:35:17 PM","8/28/2026 2:35:17 PM",
"1438","18.41369","8/28/2026 2:35:17 PM","8/28/2026 2:35:17 PM",
"1439","18.41195","8/28/2026 2:35:17 PM","8/28/2026 2:35:17 PM",
"1440","18.41195","8/28/2026 2:35:17 PM","8/28/2026 2:35:17 PM",
"1441","18.41255","8/28/2026 2:35:17 PM","8/28/2026 2:35:17 PM",
"1442","18.41255","8/28/2026 2:35:17 PM","8/28/2026 2:35:17 PM",
"1443","18.41262","8/28/2026 2:35:17 PM","8/28/2026 2:35:17 PM",
"1444","18.41262","8/28/2026 2:35:17 PM","8/28/2026 2:35:17 PM",
"1445","18.41454","8/28/2026 2:35:17 PM","8/28/2026 2:35:17 PM",
"1446","18.41454","8/28/2026 2:35:17 PM","8/28/2026 2:35:17 PM",
"1447","18.41392","8/28/2026 2:35:17 PM","8/28/2026 2:35:17 PM",
"1448","18.41392","8/28/2026 2:35:17 PM","8/28/2026 2:35:17 PM",
"1449","18.41311","8/28/2026 2:35:17 PM","8/28/2026 2:35:17 PM",
"1450","18.41311","8/28/2026 2:35:17 PM","8/28/2026 2:35:17 PM",
"1451","18.41462","8/28/2026 2:35:17 PM","8/28/2026 2:35:17 PM",
"1452","18.41462","8/28/2026 2:35:17 PM","8/28/2026 2:35:17 PM",
"1453","18.41334","8/28/2026 2:35:17 PM","8/28/2026 2:35:17 PM",
"1454","18.41334","8/28/2026 2:35:17 PM","8/28/2026 2:35:17 PM",
"1455","18.41267","8/28/2026 2:35:17 PM","8/28/2026 2:35:17 PM",
"1456","18.41267","8/28/2026 2:35:17 PM","8/28/2026 2:35:17 PM",
"1457","18.41287","8/28/2026 2:35:17 PM","8/28/2026 2:35:17 PM",
"1458","18.41287","8/28/2026 2:35:17 PM","8/28/2026 2:35:17 PM",
"1459","18.41387","8/28/2026 2:35:17 PM","8/28/2026 2:35:17 PM",
"1460","18.41387","8/28/2026 2:35:17 PM","8/28/2026 2:35:17 PM",
"1461","18.41342","8/28/2026 2:35:17 PM","8/28/2026 2:35:17 PM",
"1462","18.41342","8/28/2026 2:35:17 PM","8/28/2026 2:35:17 PM",
"1463","18.41432","8/28/2026 2:35:17 PM","8/28/2026 2:35:17 PM",
"1464","18.41432","8/28/2026 2:35:17 PM","8/28/2026 2:35:17 PM",
"1465","18.4145","8/28/2026 2:35:17 PM","8/28/2026 2:35:17 PM",
"1466","18.4145","8/28/2026 2:35:17 PM","8/28/2026 2:35:17 PM",
"1467","18.41377","8/28/2026 2:35:17 PM","8/28/2026 2:35:17 PM",
"1468","18.41377","8/28/2026 2:35:17 PM","8/28/2026 2:35:17 PM",
"1469","18.41305","8/28/2026 2:35:17 PM","8/28/2026 2:35:17 PM",
"1470","18.41305","8/28/2026 2:35:17 PM","8/28/2026 2:35:17 PM",
"1471","18.41377","8/28/2026 2:35:17 PM","8/28/2026 2:35:17 PM",
"1472","18.41377","8/28/2026 2:35:17 PM","8/28/2026 2:35:17 PM",
"1473","18.41398","8/28/2026 2:35:17 PM","8/28/2026 2:35:17 PM",
"1474","18.41398","8/28/2026 2:35:17 PM","8/28/2026 2:35:17 PM",
"1475","18.41356","8/28/2026 2:35:17 PM","8/28/2026 2:35:17 PM",
"1476","18.41356","8/28/2026 2:35:17 PM","8/28/2026 2:35:17 PM",
"1477","18.41323","8/28/2026 2:35:17 PM","8/28/2026 2:35:17 PM",
"1478","18.41323","8/28/2026 2:35:17 PM","8/28/2026 2:35:17 PM",
"1479","18.41326","8/28/2026 2:35:17 PM","8/28/2026 2:35:17 PM",
"1480","18.41326","8/28/2026 2:35:17 PM","8/28/2026 2:35:17 PM",
"1481","18.41293","8/28/2026 2:35:17 PM","8/28/2026 2:35:17 PM",
"1482","18.41293","8/28/2026 2:35:17 PM","8/28/2026 2:35:17 PM",
"1483","18.41384","8/28/2026 2:35:17 PM","8/28/2026 2:35:17 PM",
"1484","18.41384","8/28/2026 2:35:18 PM","8/28/2026 2:35:18 PM",
"1485","18.41372","8/28/2026 2:35:18 PM","8/28/2026 2:35:18 PM",
"1486","18.41372","8/28/2026 2:35:18 PM","8/28/2026 2:35:18 PM",
"1487","18.41544","8/28/2026 2:35:18 PM","8/28/2026 2:35:18 PM",
"1488","18.41544","8/28/2026 2:35:18 PM","8/28/2026 2:35:18 PM",
"1489","18.41279","8/28/2026 2:35:18 PM","8/28/2026 2:35:18 PM",
"1490","18.41279","8/28/2026 2:35:18 PM","8/28/2026 2:35:18 PM",
"1491","18.41439","8/28/2026 2:35:18 PM","8/28/2026 2:35:18 PM",
"1492","18.41439","8/28/2026 2:35:18 PM","8/28/2026 2:35:18 PM",
"1493","18.41286","8/28/2026 2:35:18 PM","8/28/2026 2:35:18 PM",
"1494","18.41286","8/28/2026 2:35:18 PM","8/28/2026 2:35:18 PM",
"1495","18.41435","8/28/2026 2:35:18 PM","8/28/2026 2:35:18 PM",
"1496","18.41435","8/28/2026 2:35:18 PM","8/28/2026 2:35:18 PM",
"1497","18.4131","8/28/2026 2:35:18 PM","8/28/2026 2:35:18 PM",
"1498","18.4131","8/28/2026 2:35:18 PM","8/28/2026 2:35:18 PM",
"1499","18.41573","8/28/2026 2:35:18 PM","8/28/2026 2:35:18 PM",
"1500","18.41573","8/28/2026 2:35:18 PM","8/28/2026 2:35:18 PM",
"1501","18.41413","8/28/2026 2:35:18 PM","8/28/2026 2:35:18 PM",
"1502","18.41413","8/28/2026 2:35:18 PM","8/28/2026 2:35:18 PM",
"1503","18.41378","8/28/2026 2:35:18 PM","8/28/2026 2:35:18 PM",
"1504","18.41378","8/28/2026 2:35:18 PM","8/28/2026 2:35:18 PM",
"1505","18.41363","8/28/2026 2:35:18 PM","8/28/2026 2:35:18 PM",
"1506","18.41363","8/28/2026 2:35:18 PM","8/28/2026 2:35:18 PM",
"1507","18.41374","8/28/2026 2:35:18 PM","8/28/2026 2:35:18 PM",
"1508","18.41374","8/28/2026 2:35:18 PM","8/28/2026 2:35:18 PM",
"1509","18.41275","8/28/2026 2:35:18 PM","8/28/2026 2:35:18 PM",
"1510","18.41275","8/28/2026 2:35:18 PM","8/28/2026 2:35:18 PM",
"1511","18.4139","8/28/2026 2:35:18 PM","8/28/2026 2:35:18 PM",
"1512","18.4139","8/28/2026 2:35:18 PM","8/28/2026 2:35:18 PM",
"1513","18.41383","8/28/2026 2:35:18 PM","8/28/2026 2:35:18 PM",
"1514","18.41383","8/28/2026 2:35:18 PM","8/28/2026 2:35:18 PM",
"1515","18.41362","8/28/2026 2:35:18 PM","8/28/2026 2:35:18 PM",
"1516","18.41362","8/28/2026 2:35:18 PM","8/28/2026 2:35:18 PM",
"1517","18.4131","8/28/2026 2:35:18 PM","8/28/2026 2:35:18 PM",
"1518","18.4131","8/28/2026 2:35:18 PM","8/28/2026 2:35:18 PM",
"1519","18.41432","8/28/2026 2:35:18 PM","8/28/2026 2:35:18 PM",
"1520","18.41432","8/28/2026 2:35:18 PM","8/28/2026 2:35:18 PM",
"1521","18.41315","8/28/2026 2:35:18 PM","8/28/2026 2:35:18 PM",
"1522","18.41315","8/28/2026 2:35:18 PM","8/28/2026 2:35:18 PM",
"1523","18.41344","8/28/2026 2:35:18 PM","8/28/2026 2:35:18 PM",
"1524","18.41344","8/28/2026 2:35:18 PM","8/28/2026 2:35:18 PM",
"1525","18.41464","8/28/2026 2:35:18 PM","8/28/2026 2:35:18 PM",
"1526","18.41464","8/28/2026 2:35:18 PM","8/28/2026 2:35:18 PM",
"1527","18.41498","8/28/2026 2:35:18 PM","8/28/2026 2:35:18 PM",
"1528","18.41498","8/28/2026 2:35:18 PM","8/28/2026 2:35:18 PM",
"1529","18.41506","8/28/2026 2:35:18 PM","8/28/2026 2:35:18 PM",
"1530","18.41506","8/28/2026 2:35:18 PM","8/28/2026 2:35:18 PM",
"1531","18.4144","8/28/2026 2:35:18 PM","8/28/2026 2:35:18 PM",
"1532","18.4144","8/28/2026 2:35:18 PM","8/28/2026 2:35:18 PM",
"1533","18.41449","8/28/2026 2:35:18 PM","8/28/2026 2:35:18 PM",
"1534","18.41449","8/28/2026 2:35:18 PM","8/28/2026 2:35:18 PM",
"1535","18.41395","8/28/2026 2:35:18 PM","8/28/2026 2:35:18 PM",
"1536","18.41395","8/28/2026 2:35:18 PM","8/28/2026 2:35:18 PM",
"1537","18.41373","8/28/2026 2:35:18 PM","8/28/2026 2:35:18 PM",
"1538","18.41373","8/28/2026 2:35:18 PM","8/28/2026 2:35:18 PM",
"1539","18.41385","8/28/2026 2:35:18 PM","8/28/2026 2:35:18 PM",
"1540","18.41385","8/28/2026 2:35:18 PM","8/28/2026 2:35:18 PM",
"1541","18.41351","8/28/2026 2:35:18 PM","8/28/2026 2:35:18 PM",
"1542","18.41351","8/28/2026 2:35:18 PM","8/28/2026 2:35:18 PM",
"1543","18.41387","8/28/2026 2:35:18 PM","8/28/2026 2:35:18 PM",
"1544","18.41387","8/28/2026 2:35:18 PM","8/28/2026 2:35:18 PM",
"1545","18.41385","8/28/2026 2:35:18 PM","8/28/2026 2:35:18 PM",
"1546","18.41385","8/28/2026 2:35:18 PM","8/28/2026 2:35:18 PM",
"1547","18.41453","8/28/2026 2:35:18 PM","8/28/2026 2:35:18 PM",
"1548","18.41453","8/28/2026 2:35:18 PM","8/28/2026 2:35:18 PM",
"1549","18.41486","8/28/2026 2:35:18 PM","8/28/2026 2:35:18 PM",
"1550","18.41486","8/28/2026 2:35:18 PM","8/28/2026 2:35:18 PM",
"1551","18.41546","8/28/2026 2:35:18 PM","8/28/2026 2:35:18 PM",
"1552","18.41546","8/28/2026 2:35:18 PM","8/28/2026 2:35:18 PM",
"1553","18.41408","8/28/2026 2:35:18 PM","8/28/2026 2:35:18 PM",
"1554","18.41408","8/28/2026 2:35:18 PM","8/28/2026 2:35:18 PM",
"1555","18.4144","8/28/2026 2:35:18 PM","8/28/2026 2:35:18 PM",
"1556","18.4144","8/28/2026 2:35:18 PM","8/28/2026 2:35:18 PM",
"1557","18.41384","8/28/2026 2:35:18 PM","8/28/2026 2:35:18 PM",
"1558","18.41384","8/28/2026 2:35:18 PM","8/28/2026 2:35:18 PM",
"1559","18.41313","8/28/2026 2:35:18 PM","8/28/2026 2:35:18 PM",
"1560","18.41313","8/28/2026 2:35:18 PM","8/28/2026 2:35:18 PM",
"1561","18.41377","8/28/2026 2:35:18 PM","8/28/2026 2:35:18 PM",
"1562","18.41377","8/28/2026 2:35:18 PM","8/28/2026 2:35:18 PM",
"1563","18.41413","8/28/2026 2:35:18 PM","8/28/2026 2:35:18 PM",
"1564","18.41413","8/28/2026 2:35:18 PM","8/28/2026 2:35:18 PM",
"1565","18.41444","8/28/2026 2:35:18 PM","8/28/2026 2:35:18 PM",
"1566","18.41444","8/28/2026 2:35:18 PM","8/28/2026 2:35:18 PM",
"1567","18.41457","8/28/2026 2:35:18 PM","8/28/2026 2:35:18 PM",
"1568","18.41457","8/28/2026 2:35:18 PM","8/28/2026 2:35:18 PM",
"1569","18.41412","8/28/2026 2:35:18 PM","8/28/2026 2:35:18 PM",
"1570","18.41412","8/28/2026 2:35:18 PM","8/28/2026 2:35:18 PM",
"1571","18.41458","8/28/2026 2:35:18 PM","8/28/2026 2:35:18 PM",
"1572","18.41458","8/28/2026 2:35:18 PM","8/28/2026 2:35:18 PM",
"1573","18.41366","8/28/2026 2:35:18 PM","8/28/2026 2:35:18 PM",
"1574","18.41366","8/28/2026 2:35:18 PM","8/28/2026 2:35:18 PM",
"1575","18.41342","8/28/2026 2:35:18 PM","8/28/2026 2:35:18 PM",
"1576","18.41342","8/28/2026 2:35:18 PM","8/28/2026 2:35:18 PM",
"1577","18.41388","8/28/2026 2:35:18 PM","8/28/2026 2:35:18 PM",
"1578","18.41388","8/28/2026 2:35:18 PM","8/28/2026 2:35:18 PM",
"1579","18.41374","8/28/2026 2:35:18 PM","8/28/2026 2:35:18 PM",
"1580","18.41374","8/28/2026 2:35:18 PM","8/28/2026 2:35:18 PM",
"1581","18.41525","8/28/2026 2:35:18 PM","8/28/2026 2:35:18 PM",
"1582","18.41525","8/28/2026 2:35:18 PM","8/28/2026 2:35:18 PM",
"1583","18.41426","8/28/2026 2:35:18 PM","8/28/2026 2:35:18 PM",
"1584","18.41426","8/28/2026 2:35:19 PM","8/28/2026 2:35:19 PM",
"1585","18.41415","8/28/2026 2:35:19 PM","8/28/2026 2:35:19 PM",
"1586","18.41415","8/28/2026 2:35:19 PM","8/28/2026 2:35:19 PM",
"1587","18.4153","8/28/2026 2:35:19 PM","8/28/2026 2:35:19 PM",
"1588","18.4153","8/28/2026 2:35:19 PM","8/28/2026 2:35:19 PM",
"1589","18.41522","8/28/2026 2:35:19 PM","8/28/2026 2:35:19 PM",
"1590","18.41522","8/28/2026 2:35:19 PM","8/28/2026 2:35:19 PM",
"1591","18.41447","8/28/2026 2:35:19 PM","8/28/2026 2:35:19 PM",
"1592","18.41447","8/28/2026 2:35:19 PM","8/28/2026 2:35:19 PM",
"1593","18.41436","8/28/2026 2:35:19 PM","8/28/2026 2:35:19 PM",
"1594","18.41436","8/28/2026 2:35:19 PM","8/28/2026 2:35:19 PM",
"1595","18.41383","8/28/2026 2:35:19 PM","8/28/2026 2:35:19 PM",
"1596","18.41383","8/28/2026 2:35:19 PM","8/28/2026 2:35:19 PM",
"1597","18.41412","8/28/2026 2:35:19 PM","8/28/2026 2:35:19 PM",
"1598","18.41412","8/28/2026 2:35:19 PM","8/28/2026 2:35:19 PM",
"1599","18.41453","8/28/2026 2:35:19 PM","8/28/2026 2:35:19 PM",
"1600","18.41453","8/28/2026 2:35:19 PM","8/28/2026 2:35:19 PM",
"1601","18.41394","8/28/2026 2:35:19 PM","8/28/2026 2:35:19 PM",
"1602","18.41394","8/28/2026 2:35:19 PM","8/28/2026 2:35:19 PM",
"1603","18.41394","8/28/2026 2:35:19 PM","8/28/2026 2:35:19 PM",
"1604","18.41394","8/28/2026 2:35:19 PM","8/28/2026 2:35:19 PM",
"1605","18.41394","8/28/2026 2:35:19 PM","8/28/2026 2:35:19 PM",
"1606","18.41381","8/28/2026 2:35:19 PM","8/28/2026 2:35:19 PM",
"1607","18.41381","8/28/2026 2:35:19 PM","8/28/2026 2:35:19 PM",
"1608","18.414","8/28/2026 2:35:19 PM","8/28/2026 2:35:19 PM",
"1609","18.414","8/28/2026 2:35:19 PM","8/28/2026 2:35:19 PM",
"1610","18.41453","8/28/2026 2:35:19 PM","8/28/2026 2:35:19 PM",
"1611","18.41453","8/28/2026 2:35:19 PM","8/28/2026 2:35:19 PM",
"1612","18.41452","8/28/2026 2:35:19 PM","8/28/2026 2:35:19 PM",
"1613","18.41452","8/28/2026 2:35:19 PM","8/28/2026 2:35:19 PM",
"1614","18.41394","8/28/2026 2:35:19 PM","8/28/2026 2:35:19 PM",
"1615","18.41315","8/28/2026 2:35:19 PM","8/28/2026 2:35:19 PM",
"1616","18.41315","8/28/2026 2:35:19 PM","8/28/2026 2:35:19 PM",
"1617","18.41345","8/28/2026 2:35:19 PM","8/28/2026 2:35:19 PM",
"1618","18.41345","8/28/2026 2:35:19 PM","8/28/2026 2:35:19 PM",
"1619","18.41476","8/28/2026 2:35:19 PM","8/28/2026 2:35:19 PM",
"1620","18.41476","8/28/2026 2:35:19 PM","8/28/2026 2:35:19 PM",
"1621","18.41427","8/28/2026 2:35:19 PM","8/28/2026 2:35:19 PM",
"1622","18.41427","8/28/2026 2:35:19 PM","8/28/2026 2:35:19 PM",
"1623","18.415","8/28/2026 2:35:19 PM","8/28/2026 2:35:19 PM",
"1624","18.415","8/28/2026 2:35:19 PM","8/28/2026 2:35:19 PM",
"1625","18.415","8/28/2026 2:35:19 PM","8/28/2026 2:35:19 PM",
"1626","18.41501","8/28/2026 2:35:19 PM","8/28/2026 2:35:19 PM",
"1627","18.41501","8/28/2026 2:35:19 PM","8/28/2026 2:35:19 PM",
"1628","18.41438","8/28/2026 2:35:19 PM","8/28/2026 2:35:19 PM",
"1629","18.41438","8/28/2026 2:35:19 PM","8/28/2026 2:35:19 PM",
"1630","18.41492","8/28/2026 2:35:19 PM","8/28/2026 2:35:19 PM",
"1631","18.41492","8/28/2026 2:35:19 PM","8/28/2026 2:35:19 PM",
"1632","18.41407","8/28/2026 2:35:19 PM","8/28/2026 2:35:19 PM",
"1633","18.41407","8/28/2026 2:35:19 PM","8/28/2026 2:35:19 PM",
"1634","18.41372","8/28/2026 2:35:19 PM","8/28/2026 2:35:19 PM",
"1635","18.41372","8/28/2026 2:35:19 PM","8/28/2026 2:35:19 PM",
"1636","18.41438","8/28/2026 2:35:19 PM","8/28/2026 2:35:19 PM",
"1637","18.41438","8/28/2026 2:35:19 PM","8/28/2026 2:35:19 PM",
"1638","18.41458","8/28/2026 2:35:19 PM","8/28/2026 2:35:19 PM",
"1639","18.41458","8/28/2026 2:35:19 PM","8/28/2026 2:35:19 PM",
"1640","18.41487","8/28/2026 2:35:19 PM","8/28/2026 2:35:19 PM",
"1641","18.41487","8/28/2026 2:35:19 PM","8/28/2026 2:35:19 PM",
"1642","18.41459","8/28/2026 2:35:19 PM","8/28/2026 2:35:19 PM",
"1643","18.41459","8/28/2026 2:35:19 PM","8/28/2026 2:35:19 PM",
"1644","18.4138","8/28/2026 2:35:19 PM","8/28/2026 2:35:19 PM",
"1645","18.4138","8/28/2026 2:35:19 PM","8/28/2026 2:35:19 PM",
"1646","18.41355","8/28/2026 2:35:19 PM","8/28/2026 2:35:19 PM",
"1647","18.41355","8/28/2026 2:35:19 PM","8/28/2026 2:35:19 PM",
"1648","18.41488","8/28/2026 2:35:19 PM","8/28/2026 2:35:19 PM",
"1649","18.41488","8/28/2026 2:35:19 PM","8/28/2026 2:35:19 PM",
"1650","18.41472","8/28/2026 2:35:19 PM","8/28/2026 2:35:19 PM",
"1651","18.41472","8/28/2026 2:35:19 PM","8/28/2026 2:35:19 PM",
"1652","18.41446","8/28/2026 2:35:19 PM","8/28/2026 2:35:19 PM",
"1653","18.41446","8/28/2026 2:35:19 PM","8/28/2026 2:35:19 PM",
"1654","18.41394","8/28/2026 2:35:19 PM","8/28/2026 2:35:19 PM",
"1655","18.41394","8/28/2026 2:35:19 PM","8/28/2026 2:35:19 PM",
"1656","18.41515","8/28/2026 2:35:19 PM","8/28/2026 2:35:19 PM",
"1657","18.41515","8/28/2026 2:35:19 PM","8/28/2026 2:35:19 PM",
"1658","18.41545","8/28/2026 2:35:19 PM","8/28/2026 2:35:19 PM",
"1659","18.41545","8/28/2026 2:35:19 PM","8/28/2026 2:35:19 PM",
"1660","18.41474","8/28/2026 2:35:19 PM","8/28/2026 2:35:19 PM",
"1661","18.41474","8/28/2026 2:35:19 PM","8/28/2026 2:35:19 PM",
"1662","18.4141","8/28/2026 2:35:19 PM","8/28/2026 2:35:19 PM",
"1663","18.4141","8/28/2026 2:35:19 PM","8/28/2026 2:35:19 PM",
"1664","18.41471","8/28/2026 2:35:19 PM","8/28/2026 2:35:19 PM",
"1665","18.41471","8/28/2026 2:35:19 PM","8/28/2026 2:35:19 PM",
"1666","18.41458","8/28/2026 2:35:19 PM","8/28/2026 2:35:19 PM",
"1667","18.41458","8/28/2026 2:35:19 PM","8/28/2026 2:35:19 PM",
"1668","18.41525","8/28/2026 2:35:19 PM","8/28/2026 2:35:19 PM",
"1669","18.41525","8/28/2026 2:35:19 PM","8/28/2026 2:35:19 PM",
"1670","18.41464","8/28/2026 2:35:19 PM","8/28/2026 2:35:19 PM",
"1671","18.41464","8/28/2026 2:35:19 PM","8/28/2026 2:35:19 PM",
"1672","18.41385","8/28/2026 2:35:19 PM","8/28/2026 2:35:19 PM",
"1673","18.41385","8/28/2026 2:35:19 PM","8/28/2026 2:35:19 PM",
"1674","18.41439","8/28/2026 2:35:19 PM","8/28/2026 2:35:19 PM",
"1675","18.41439","8/28/2026 2:35:19 PM","8/28/2026 2:35:19 PM",
"1676","18.41384","8/28/2026 2:35:19 PM","8/28/2026 2:35:19 PM",
"1677","18.41384","8/28/2026 2:35:19 PM","8/28/2026 2:35:19 PM",
"1678","18.41468","8/28/2026 2:35:19 PM","8/28/2026 2:35:19 PM",
"1679","18.41468","8/28/2026 2:35:19 PM","8/28/2026 2:35:19 PM",
"1680","18.41457","8/28/2026 2:35:19 PM","8/28/2026 2:35:19 PM",
"1681","18.41457","8/28/2026 2:35:19 PM","8/28/2026 2:35:19 PM",
"1682","18.41369","8/28/2026 2:35:19 PM","8/28/2026 2:35:19 PM",
"1683","18.41369","8/28/2026 2:35:19 PM","8/28/2026 2:35:19 PM",
"1684","18.4137","8/28/2026 2:35:20 PM","8/28/2026 2:35:20 PM",
"1685","18.4137","8/28/2026 2:35:20 PM","8/28/2026 2:35:20 PM",
"1686","18.41476","8/28/2026 2:35:20 PM","8/28/2026 2:35:20 PM",
"1687","18.41476","8/28/2026 2:35:20 PM","8/28/2026 2:35:20 PM",
"1688","18.41436","8/28/2026 2:35:20 PM","8/28/2026 2:35:20 PM",
"1689","18.41436","8/28/2026 2:35:20 PM","8/28/2026 2:35:20 PM",
"1690","18.41447","8/28/2026 2:35:20 PM","8/28/2026 2:35:20 PM",
"1691","18.41447","8/28/2026 2:35:20 PM","8/28/2026 2:35:20 PM",
"1692","18.41417","8/28/2026 2:35:20 PM","8/28/2026 2:35:20 PM",
"1693","18.41417","8/28/2026 2:35:20 PM","8/28/2026 2:35:20 PM",
"1694","18.41482","8/28/2026 2:35:20 PM","8/28/2026 2:35:20 PM",
"1695","18.41482","8/28/2026 2:35:20 PM","8/28/2026 2:35:20 PM",
"1696","18.41393","8/28/2026 2:35:20 PM","8/28/2026 2:35:20 PM",
"1697","18.41393","8/28/2026 2:35:20 PM","8/28/2026 2:35:20 PM",
"1698","18.41525","8/28/2026 2:35:20 PM","8/28/2026 2:35:20 PM",
"1699","18.41525","8/28/2026 2:35:20 PM","8/28/2026 2:35:20 PM",
"1700","18.41393","8/28/2026 2:35:20 PM","8/28/2026 2:35:20 PM",
"1701","18.41393","8/28/2026 2:35:20 PM","8/28/2026 2:35:20 PM",
"1702","18.41475","8/28/2026 2:35:20 PM","8/28/2026 2:35:20 PM",
"1703","18.41475","8/28/2026 2:35:20 PM","8/28/2026 2:35:20 PM",
"1704","18.4137","8/28/2026 2:35:20 PM","8/28/2026 2:35:20 PM",
"1705","18.4137","8/28/2026 2:35:20 PM","8/28/2026 2:35:20 PM",
"1706","18.41398","8/28/2026 2:35:20 PM","8/28/2026 2:35:20 PM",
"1707","18.41398","8/28/2026 2:35:20 PM","8/28/2026 2:35:20 PM",
"1708","18.41513","8/28/2026 2:35:20 PM","8/28/2026 2:35:20 PM",
"1709","18.41513","8/28/2026 2:35:20 PM","8/28/2026 2:35:20 PM",
"1710","18.41469","8/28/2026 2:35:20 PM","8/28/2026 2:35:20 PM",
"1711","18.41469","8/28/2026 2:35:20 PM","8/28/2026 2:35:20 PM",
"1712","18.41442","8/28/2026 2:35:20 PM","8/28/2026 2:35:20 PM",
"1713","18.41442","8/28/2026 2:35:20 PM","8/28/2026 2:35:20 PM",
"1714","18.41419","8/28/2026 2:35:20 PM","8/28/2026 2:35:20 PM",
"1715","18.41419","8/28/2026 2:35:20 PM","8/28/2026 2:35:20 PM",
"1716","18.41449","8/28/2026 2:35:20 PM","8/28/2026 2:35:20 PM",
"1717","18.41449","8/28/2026 2:35:20 PM","8/28/2026 2:35:20 PM",
"1718","18.41426","8/28/2026 2:35:20 PM","8/28/2026 2:35:20 PM",
"1719","18.41426","8/28/2026 2:35:20 PM","8/28/2026 2:35:20 PM",
"1720","18.41464","8/28/2026 2:35:20 PM","8/28/2026 2:35:20 PM",
"1721","18.41464","8/28/2026 2:35:20 PM","8/28/2026 2:35:20 PM",
"1722","18.41479","8/28/2026 2:35:20 PM","8/28/2026 2:35:20 PM",
"1723","18.41479","8/28/2026 2:35:20 PM","8/28/2026 2:35:20 PM",
"1724","18.41499","8/28/2026 2:35:20 PM","8/28/2026 2:35:20 PM",
"1725","18.41499","8/28/2026 2:35:20 PM","8/28/2026 2:35:20 PM",
"1726","18.41478","8/28/2026 2:35:20 PM","8/28/2026 2:35:20 PM",
"1727","18.41478","8/28/2026 2:35:20 PM","8/28/2026 2:35:20 PM",
"1728","18.41468","8/28/2026 2:35:20 PM","8/28/2026 2:35:20 PM",
"1729","18.41468","8/28/2026 2:35:20 PM","8/28/2026 2:35:20 PM",
"1730","18.41472","8/28/2026 2:35:20 PM","8/28/2026 2:35:20 PM",
"1731","18.41472","8/28/2026 2:35:20 PM","8/28/2026 2:35:20 PM",
"1732","18.41493","8/28/2026 2:35:20 PM","8/28/2026 2:35:20 PM",
"1733","18.41493","8/28/2026 2:35:20 PM","8/28/2026 2:35:20 PM",
"1734","18.41466","8/28/2026 2:35:20 PM","8/28/2026 2:35:20 PM",
"1735","18.41466","8/28/2026 2:35:20 PM","8/28/2026 2:35:20 PM",
"1736","18.41544","8/28/2026 2:35:20 PM","8/28/2026 2:35:20 PM",
"1737","18.41544","8/28/2026 2:35:20 PM","8/28/2026 2:35:20 PM",
"1738","18.41454","8/28/2026 2:35:20 PM","8/28/2026 2:35:20 PM",
"1739","18.41454","8/28/2026 2:35:20 PM","8/28/2026 2:35:20 PM",
"1740","18.41502","8/28/2026 2:35:20 PM","8/28/2026 2:35:20 PM",
"1741","18.41502","8/28/2026 2:35:20 PM","8/28/2026 2:35:20 PM",
"1742","18.41465","8/28/2026 2:35:20 PM","8/28/2026 2:35:20 PM",
"1743","18.41465","8/28/2026 2:35:20 PM","8/28/2026 2:35:20 PM",
"1744","18.41444","8/28/2026 2:35:20 PM","8/28/2026 2:35:20 PM",
"1745","18.41444","8/28/2026 2:35:20 PM","8/28/2026 2:35:20 PM",
"1746","18.41422","8/28/2026 2:35:20 PM","8/28/2026 2:35:20 PM",
"1747","18.41422","8/28/2026 2:35:20 PM","8/28/2026 2:35:20 PM",
"1748","18.4146","8/28/2026 2:35:20 PM","8/28/2026 2:35:20 PM",
"1749","18.4146","8/28/2026 2:35:20 PM","8/28/2026 2:35:20 PM",
"1750","18.414","8/28/2026 2:35:20 PM","8/28/2026 2:35:20 PM",
"1751","18.414","8/28/2026 2:35:20 PM","8/28/2026 2:35:20 PM",
"1752","18.41447","8/28/2026 2:35:20 PM","8/28/2026 2:35:20 PM",
"1753","18.41447","8/28/2026 2:35:20 PM","8/28/2026 2:35:20 PM",
"1754","18.41521","8/28/2026 2:35:20 PM","8/28/2026 2:35:20 PM",
"1755","18.41521","8/28/2026 2:35:20 PM","8/28/2026 2:35:20 PM",
"1756","18.41407","8/28/2026 2:35:20 PM","8/28/2026 2:35:20 PM",
"1757","18.41407","8/28/2026 2:35:20 PM","8/28/2026 2:35:20 PM",
"1758","18.41364","8/28/2026 2:35:20 PM","8/28/2026 2:35:20 PM",
"1759","18.41364","8/28/2026 2:35:20 PM","8/28/2026 2:35:20 PM",
"1760","18.41404","8/28/2026 2:35:20 PM","8/28/2026 2:35:20 PM",
"1761","18.41404","8/28/2026 2:35:20 PM","8/28/2026 2:35:20 PM",
"1762","18.41482","8/28/2026 2:35:20 PM","8/28/2026 2:35:20 PM",
"1763","18.41482","8/28/2026 2:35:20 PM","8/28/2026 2:35:20 PM",
"1764","18.41494","8/28/2026 2:35:20 PM","8/28/2026 2:35:20 PM",
"1765","18.41494","8/28/2026 2:35:20 PM","8/28/2026 2:35:20 PM",
"1766","18.41487","8/28/2026 2:35:20 PM","8/28/2026 2:35:20 PM",
"1767","18.41487","8/28/2026 2:35:20 PM","8/28/2026 2:35:20 PM",
"1768","18.41535","8/28/2026 2:35:20 PM","8/28/2026 2:35:20 PM",
"1769","18.41535","8/28/2026 2:35:20 PM","8/28/2026 2:35:20 PM",
"1770","18.41432","8/28/2026 2:35:20 PM","8/28/2026 2:35:20 PM",
"1771","18.41432","8/28/2026 2:35:20 PM","8/28/2026 2:35:20 PM",
"1772","18.41375","8/28/2026 2:35:20 PM","8/28/2026 2:35:20 PM",
"1773","18.41375","8/28/2026 2:35:20 PM","8/28/2026 2:35:20 PM",
"1774","18.41363","8/28/2026 2:35:20 PM","8/28/2026 2:35:20 PM",
"1775","18.41363","8/28/2026 2:35:20 PM","8/28/2026 2:35:20 PM",
"1776","18.41418","8/28/2026 2:35:20 PM","8/28/2026 2:35:20 PM",

