"Live Graph Properties",
"Device","Status","Serial Number",
"1","Enabled","354044",
"2","Disabled","",
"3","Disabled","",
"4","Disabled","",
"5","Disabled","",
"6","Disabled","",
"7","Disabled","",
"8","Disabled","",
"9","Disabled","",
"10","Disabled","",
"11","Disabled","",
"12","Disabled","",
"13","Disabled","",
"14","Disabled","",
"15","Disabled","",
"16","Disabled","",
"Sum","Disabled","",
"Math","Disabled","",

"Device 1",
"Live Graph Table",
"Sample Number","Tracking Value","Date","Time",
"0","18.28731","8/28/2026 3:39:39 PM","8/28/2026 3:39:39 PM",
"1","18.28731","8/28/2026 3:39:39 PM","8/28/2026 3:39:39 PM",
"2","18.28518","8/28/2026 3:39:39 PM","8/28/2026 3:39:39 PM",
"3","18.28518","8/28/2026 3:39:39 PM","8/28/2026 3:39:39 PM",
"4","18.28583","8/28/2026 3:39:39 PM","8/28/2026 3:39:39 PM",
"5","18.28583","8/28/2026 3:39:39 PM","8/28/2026 3:39:39 PM",
"6","18.28415","8/28/2026 3:39:39 PM","8/28/2026 3:39:39 PM",
"7","18.28415","8/28/2026 3:39:39 PM","8/28/2026 3:39:39 PM",
"8","18.28547","8/28/2026 3:39:39 PM","8/28/2026 3:39:39 PM",
"9","18.28547","8/28/2026 3:39:39 PM","8/28/2026 3:39:39 PM",
"10","18.28507","8/28/2026 3:39:39 PM","8/28/2026 3:39:39 PM",
"11","18.28507","8/28/2026 3:39:39 PM","8/28/2026 3:39:39 PM",
"12","18.28524","8/28/2026 3:39:39 PM","8/28/2026 3:39:39 PM",
"13","18.28524","8/28/2026 3:39:39 PM","8/28/2026 3:39:39 PM",
"14","18.28439","8/28/2026 3:39:39 PM","8/28/2026 3:39:39 PM",
"15","18.28439","8/28/2026 3:39:39 PM","8/28/2026 3:39:39 PM",
"16","18.28506","8/28/2026 3:39:39 PM","8/28/2026 3:39:39 PM",
"17","18.28506","8/28/2026 3:39:39 PM","8/28/2026 3:39:39 PM",
"18","18.28561","8/28/2026 3:39:39 PM","8/28/2026 3:39:39 PM",
"19","18.28561","8/28/2026 3:39:39 PM","8/28/2026 3:39:39 PM",
"20","18.28521","8/28/2026 3:39:39 PM","8/28/2026 3:39:39 PM",
"21","18.28521","8/28/2026 3:39:39 PM","8/28/2026 3:39:39 PM",
"22","18.2855","8/28/2026 3:39:39 PM","8/28/2026 3:39:39 PM",
"23","18.2855","8/28/2026 3:39:39 PM","8/28/2026 3:39:39 PM",
"24","18.28532","8/28/2026 3:39:39 PM","8/28/2026 3:39:39 PM",
"25","18.28532","8/28/2026 3:39:39 PM","8/28/2026 3:39:39 PM",
"26","18.28561","8/28/2026 3:39:39 PM","8/28/2026 3:39:39 PM",
"27","18.28561","8/28/2026 3:39:39 PM","8/28/2026 3:39:39 PM",
"28","18.28484","8/28/2026 3:39:39 PM","8/28/2026 3:39:39 PM",
"29","18.28484","8/28/2026 3:39:39 PM","8/28/2026 3:39:39 PM",
"30","18.28488","8/28/2026 3:39:39 PM","8/28/2026 3:39:39 PM",
"31","18.28488","8/28/2026 3:39:39 PM","8/28/2026 3:39:39 PM",
"32","18.28437","8/28/2026 3:39:39 PM","8/28/2026 3:39:39 PM",
"33","18.28437","8/28/2026 3:39:39 PM","8/28/2026 3:39:39 PM",
"34","18.28468","8/28/2026 3:39:39 PM","8/28/2026 3:39:39 PM",
"35","18.28468","8/28/2026 3:39:39 PM","8/28/2026 3:39:39 PM",
"36","18.28468","8/28/2026 3:39:39 PM","8/28/2026 3:39:39 PM",
"37","18.28523","8/28/2026 3:39:39 PM","8/28/2026 3:39:39 PM",
"38","18.28523","8/28/2026 3:39:39 PM","8/28/2026 3:39:39 PM",
"39","18.28378","8/28/2026 3:39:39 PM","8/28/2026 3:39:39 PM",
"40","18.28378","8/28/2026 3:39:39 PM","8/28/2026 3:39:39 PM",
"41","18.2848","8/28/2026 3:39:39 PM","8/28/2026 3:39:39 PM",
"42","18.2848","8/28/2026 3:39:39 PM","8/28/2026 3:39:39 PM",
"43","18.28475","8/28/2026 3:39:39 PM","8/28/2026 3:39:39 PM",
"44","18.28475","8/28/2026 3:39:39 PM","8/28/2026 3:39:39 PM",
"45","18.28561","8/28/2026 3:39:39 PM","8/28/2026 3:39:39 PM",
"46","18.28561","8/28/2026 3:39:39 PM","8/28/2026 3:39:39 PM",
"47","18.28479","8/28/2026 3:39:39 PM","8/28/2026 3:39:39 PM",
"48","18.28479","8/28/2026 3:39:39 PM","8/28/2026 3:39:39 PM",
"49","18.28591","8/28/2026 3:39:39 PM","8/28/2026 3:39:39 PM",
"50","18.28591","8/28/2026 3:39:39 PM","8/28/2026 3:39:39 PM",
"51","18.28459","8/28/2026 3:39:39 PM","8/28/2026 3:39:39 PM",
"52","18.28459","8/28/2026 3:39:39 PM","8/28/2026 3:39:39 PM",
"53","18.28589","8/28/2026 3:39:39 PM","8/28/2026 3:39:39 PM",
"54","18.28589","8/28/2026 3:39:39 PM","8/28/2026 3:39:39 PM",
"55","18.2853","8/28/2026 3:39:39 PM","8/28/2026 3:39:39 PM",
"56","18.2853","8/28/2026 3:39:39 PM","8/28/2026 3:39:39 PM",
"57","18.28563","8/28/2026 3:39:39 PM","8/28/2026 3:39:39 PM",
"58","18.28563","8/28/2026 3:39:39 PM","8/28/2026 3:39:39 PM",
"59","18.28521","8/28/2026 3:39:39 PM","8/28/2026 3:39:39 PM",
"60","18.28521","8/28/2026 3:39:39 PM","8/28/2026 3:39:39 PM",
"61","18.28567","8/28/2026 3:39:39 PM","8/28/2026 3:39:39 PM",
"62","18.28567","8/28/2026 3:39:39 PM","8/28/2026 3:39:39 PM",
"63","18.28597","8/28/2026 3:39:39 PM","8/28/2026 3:39:39 PM",
"64","18.28597","8/28/2026 3:39:39 PM","8/28/2026 3:39:39 PM",
"65","18.28374","8/28/2026 3:39:39 PM","8/28/2026 3:39:39 PM",
"66","18.28374","8/28/2026 3:39:39 PM","8/28/2026 3:39:39 PM",
"67","18.28419","8/28/2026 3:39:39 PM","8/28/2026 3:39:39 PM",
"68","18.28419","8/28/2026 3:39:39 PM","8/28/2026 3:39:39 PM",
"69","18.28447","8/28/2026 3:39:40 PM","8/28/2026 3:39:40 PM",
"70","18.28447","8/28/2026 3:39:40 PM","8/28/2026 3:39:40 PM",
"71","18.28592","8/28/2026 3:39:40 PM","8/28/2026 3:39:40 PM",
"72","18.28592","8/28/2026 3:39:40 PM","8/28/2026 3:39:40 PM",
"73","18.28551","8/28/2026 3:39:40 PM","8/28/2026 3:39:40 PM",
"74","18.28551","8/28/2026 3:39:40 PM","8/28/2026 3:39:40 PM",
"75","18.28516","8/28/2026 3:39:40 PM","8/28/2026 3:39:40 PM",
"76","18.28516","8/28/2026 3:39:40 PM","8/28/2026 3:39:40 PM",
"77","18.28517","8/28/2026 3:39:40 PM","8/28/2026 3:39:40 PM",
"78","18.28517","8/28/2026 3:39:40 PM","8/28/2026 3:39:40 PM",
"79","18.28534","8/28/2026 3:39:40 PM","8/28/2026 3:39:40 PM",
"80","18.28534","8/28/2026 3:39:40 PM","8/28/2026 3:39:40 PM",
"81","18.28588","8/28/2026 3:39:40 PM","8/28/2026 3:39:40 PM",
"82","18.28588","8/28/2026 3:39:40 PM","8/28/2026 3:39:40 PM",
"83","18.28628","8/28/2026 3:39:40 PM","8/28/2026 3:39:40 PM",
"84","18.28628","8/28/2026 3:39:40 PM","8/28/2026 3:39:40 PM",
"85","18.2856","8/28/2026 3:39:40 PM","8/28/2026 3:39:40 PM",
"86","18.2856","8/28/2026 3:39:40 PM","8/28/2026 3:39:40 PM",
"87","18.28426","8/28/2026 3:39:40 PM","8/28/2026 3:39:40 PM",
"88","18.28426","8/28/2026 3:39:40 PM","8/28/2026 3:39:40 PM",
"89","18.28493","8/28/2026 3:39:40 PM","8/28/2026 3:39:40 PM",
"90","18.28493","8/28/2026 3:39:40 PM","8/28/2026 3:39:40 PM",
"91","18.2847","8/28/2026 3:39:40 PM","8/28/2026 3:39:40 PM",
"92","18.2847","8/28/2026 3:39:40 PM","8/28/2026 3:39:40 PM",
"93","18.28644","8/28/2026 3:39:40 PM","8/28/2026 3:39:40 PM",
"94","18.28644","8/28/2026 3:39:40 PM","8/28/2026 3:39:40 PM",
"95","18.28493","8/28/2026 3:39:40 PM","8/28/2026 3:39:40 PM",
"96","18.28493","8/28/2026 3:39:40 PM","8/28/2026 3:39:40 PM",
"97","18.28616","8/28/2026 3:39:40 PM","8/28/2026 3:39:40 PM",
"98","18.28616","8/28/2026 3:39:40 PM","8/28/2026 3:39:40 PM",
"99","18.28502","8/28/2026 3:39:40 PM","8/28/2026 3:39:40 PM",
"100","18.28502","8/28/2026 3:39:40 PM","8/28/2026 3:39:40 PM",
"101","18.28766","8/28/2026 3:39:40 PM","8/28/2026 3:39:40 PM",
"102","18.28766","8/28/2026 3:39:40 PM","8/28/2026 3:39:40 PM",
"103","18.28438","8/28/2026 3:39:40 PM","8/28/2026 3:39:40 PM",
"104","18.28438","8/28/2026 3:39:40 PM","8/28/2026 3:39:40 PM",
"105","18.28395","8/28/2026 3:39:40 PM","8/28/2026 3:39:40 PM",
"106","18.28395","8/28/2026 3:39:40 PM","8/28/2026 3:39:40 PM",
"107","18.28554","8/28/2026 3:39:40 PM","8/28/2026 3:39:40 PM",
"108","18.28554","8/28/2026 3:39:40 PM","8/28/2026 3:39:40 PM",
"109","18.28479","8/28/2026 3:39:40 PM","8/28/2026 3:39:40 PM",
"110","18.28479","8/28/2026 3:39:40 PM","8/28/2026 3:39:40 PM",
"111","18.2852","8/28/2026 3:39:40 PM","8/28/2026 3:39:40 PM",
"112","18.2852","8/28/2026 3:39:40 PM","8/28/2026 3:39:40 PM",
"113","18.28435","8/28/2026 3:39:40 PM","8/28/2026 3:39:40 PM",
"114","18.28435","8/28/2026 3:39:40 PM","8/28/2026 3:39:40 PM",
"115","18.28518","8/28/2026 3:39:40 PM","8/28/2026 3:39:40 PM",
"116","18.28518","8/28/2026 3:39:40 PM","8/28/2026 3:39:40 PM",
"117","18.28493","8/28/2026 3:39:40 PM","8/28/2026 3:39:40 PM",
"118","18.28493","8/28/2026 3:39:40 PM","8/28/2026 3:39:40 PM",
"119","18.28507","8/28/2026 3:39:40 PM","8/28/2026 3:39:40 PM",
"120","18.28507","8/28/2026 3:39:40 PM","8/28/2026 3:39:40 PM",
"121","18.28524","8/28/2026 3:39:40 PM","8/28/2026 3:39:40 PM",
"122","18.28524","8/28/2026 3:39:40 PM","8/28/2026 3:39:40 PM",
"123","18.28516","8/28/2026 3:39:40 PM","8/28/2026 3:39:40 PM",
"124","18.28516","8/28/2026 3:39:40 PM","8/28/2026 3:39:40 PM",
"125","18.28529","8/28/2026 3:39:40 PM","8/28/2026 3:39:40 PM",
"126","18.28529","8/28/2026 3:39:40 PM","8/28/2026 3:39:40 PM",
"127","18.28383","8/28/2026 3:39:40 PM","8/28/2026 3:39:40 PM",
"128","18.28383","8/28/2026 3:39:40 PM","8/28/2026 3:39:40 PM",
"129","18.2837","8/28/2026 3:39:40 PM","8/28/2026 3:39:40 PM",
"130","18.2837","8/28/2026 3:39:40 PM","8/28/2026 3:39:40 PM",
"131","18.28273","8/28/2026 3:39:40 PM","8/28/2026 3:39:40 PM",
"132","18.28273","8/28/2026 3:39:40 PM","8/28/2026 3:39:40 PM",
"133","18.28306","8/28/2026 3:39:40 PM","8/28/2026 3:39:40 PM",
"134","18.28306","8/28/2026 3:39:40 PM","8/28/2026 3:39:40 PM",
"135","18.28367","8/28/2026 3:39:40 PM","8/28/2026 3:39:40 PM",
"136","18.28367","8/28/2026 3:39:40 PM","8/28/2026 3:39:40 PM",
"137","18.28416","8/28/2026 3:39:40 PM","8/28/2026 3:39:40 PM",
"138","18.28416","8/28/2026 3:39:40 PM","8/28/2026 3:39:40 PM",
"139","18.28522","8/28/2026 3:39:40 PM","8/28/2026 3:39:40 PM",
"140","18.28522","8/28/2026 3:39:40 PM","8/28/2026 3:39:40 PM",
"141","18.28262","8/28/2026 3:39:40 PM","8/28/2026 3:39:40 PM",
"142","18.28262","8/28/2026 3:39:40 PM","8/28/2026 3:39:40 PM",
"143","18.28283","8/28/2026 3:39:40 PM","8/28/2026 3:39:40 PM",
"144","18.28283","8/28/2026 3:39:40 PM","8/28/2026 3:39:40 PM",
"145","18.28295","8/28/2026 3:39:40 PM","8/28/2026 3:39:40 PM",
"146","18.28295","8/28/2026 3:39:40 PM","8/28/2026 3:39:40 PM",
"147","18.28322","8/28/2026 3:39:40 PM","8/28/2026 3:39:40 PM",
"148","18.28322","8/28/2026 3:39:40 PM","8/28/2026 3:39:40 PM",
"149","18.28224","8/28/2026 3:39:40 PM","8/28/2026 3:39:40 PM",
"150","18.28224","8/28/2026 3:39:40 PM","8/28/2026 3:39:40 PM",
"151","18.28195","8/28/2026 3:39:40 PM","8/28/2026 3:39:40 PM",
"152","18.28195","8/28/2026 3:39:40 PM","8/28/2026 3:39:40 PM",
"153","18.28231","8/28/2026 3:39:40 PM","8/28/2026 3:39:40 PM",
"154","18.28231","8/28/2026 3:39:40 PM","8/28/2026 3:39:40 PM",
"155","18.28143","8/28/2026 3:39:40 PM","8/28/2026 3:39:40 PM",
"156","18.28143","8/28/2026 3:39:40 PM","8/28/2026 3:39:40 PM",
"157","18.27964","8/28/2026 3:39:40 PM","8/28/2026 3:39:40 PM",
"158","18.27964","8/28/2026 3:39:40 PM","8/28/2026 3:39:40 PM",
"159","18.27994","8/28/2026 3:39:40 PM","8/28/2026 3:39:40 PM",
"160","18.27994","8/28/2026 3:39:40 PM","8/28/2026 3:39:40 PM",
"161","18.28343","8/28/2026 3:39:40 PM","8/28/2026 3:39:40 PM",
"162","18.28343","8/28/2026 3:39:40 PM","8/28/2026 3:39:40 PM",
"163","18.28182","8/28/2026 3:39:40 PM","8/28/2026 3:39:40 PM",
"164","18.28182","8/28/2026 3:39:40 PM","8/28/2026 3:39:40 PM",
"165","18.27868","8/28/2026 3:39:40 PM","8/28/2026 3:39:40 PM",
"166","18.27868","8/28/2026 3:39:40 PM","8/28/2026 3:39:40 PM",
"167","18.27991","8/28/2026 3:39:40 PM","8/28/2026 3:39:40 PM",
"168","18.27991","8/28/2026 3:39:40 PM","8/28/2026 3:39:40 PM",
"169","18.28251","8/28/2026 3:39:41 PM","8/28/2026 3:39:41 PM",
"170","18.28251","8/28/2026 3:39:41 PM","8/28/2026 3:39:41 PM",
"171","18.28068","8/28/2026 3:39:41 PM","8/28/2026 3:39:41 PM",
"172","18.28068","8/28/2026 3:39:41 PM","8/28/2026 3:39:41 PM",
"173","18.27936","8/28/2026 3:39:41 PM","8/28/2026 3:39:41 PM",
"174","18.27936","8/28/2026 3:39:41 PM","8/28/2026 3:39:41 PM",
"175","18.28029","8/28/2026 3:39:41 PM","8/28/2026 3:39:41 PM",
"176","18.28029","8/28/2026 3:39:41 PM","8/28/2026 3:39:41 PM",
"177","18.27973","8/28/2026 3:39:41 PM","8/28/2026 3:39:41 PM",
"178","18.27973","8/28/2026 3:39:41 PM","8/28/2026 3:39:41 PM",
"179","18.27825","8/28/2026 3:39:41 PM","8/28/2026 3:39:41 PM",
"180","18.27825","8/28/2026 3:39:41 PM","8/28/2026 3:39:41 PM",
"181","18.27842","8/28/2026 3:39:41 PM","8/28/2026 3:39:41 PM",
"182","18.27842","8/28/2026 3:39:41 PM","8/28/2026 3:39:41 PM",
"183","18.27954","8/28/2026 3:39:41 PM","8/28/2026 3:39:41 PM",
"184","18.27954","8/28/2026 3:39:41 PM","8/28/2026 3:39:41 PM",
"185","18.27761","8/28/2026 3:39:41 PM","8/28/2026 3:39:41 PM",
"186","18.27761","8/28/2026 3:39:41 PM","8/28/2026 3:39:41 PM",
"187","18.27734","8/28/2026 3:39:41 PM","8/28/2026 3:39:41 PM",
"188","18.27734","8/28/2026 3:39:41 PM","8/28/2026 3:39:41 PM",
"189","18.27664","8/28/2026 3:39:41 PM","8/28/2026 3:39:41 PM",
"190","18.27664","8/28/2026 3:39:41 PM","8/28/2026 3:39:41 PM",
"191","18.278","8/28/2026 3:39:41 PM","8/28/2026 3:39:41 PM",
"192","18.278","8/28/2026 3:39:41 PM","8/28/2026 3:39:41 PM",
"193","18.27551","8/28/2026 3:39:41 PM","8/28/2026 3:39:41 PM",
"194","18.27551","8/28/2026 3:39:41 PM","8/28/2026 3:39:41 PM",
"195","18.27612","8/28/2026 3:39:41 PM","8/28/2026 3:39:41 PM",
"196","18.27612","8/28/2026 3:39:41 PM","8/28/2026 3:39:41 PM",
"197","18.27449","8/28/2026 3:39:41 PM","8/28/2026 3:39:41 PM",
"198","18.27449","8/28/2026 3:39:41 PM","8/28/2026 3:39:41 PM",
"199","18.27641","8/28/2026 3:39:41 PM","8/28/2026 3:39:41 PM",
"200","18.27641","8/28/2026 3:39:41 PM","8/28/2026 3:39:41 PM",
"201","18.27588","8/28/2026 3:39:41 PM","8/28/2026 3:39:41 PM",
"202","18.27588","8/28/2026 3:39:41 PM","8/28/2026 3:39:41 PM",
"203","18.27528","8/28/2026 3:39:41 PM","8/28/2026 3:39:41 PM",
"204","18.27528","8/28/2026 3:39:41 PM","8/28/2026 3:39:41 PM",
"205","18.27397","8/28/2026 3:39:41 PM","8/28/2026 3:39:41 PM",
"206","18.27397","8/28/2026 3:39:41 PM","8/28/2026 3:39:41 PM",
"207","18.27425","8/28/2026 3:39:41 PM","8/28/2026 3:39:41 PM",
"208","18.27425","8/28/2026 3:39:41 PM","8/28/2026 3:39:41 PM",
"209","18.27508","8/28/2026 3:39:41 PM","8/28/2026 3:39:41 PM",
"210","18.27508","8/28/2026 3:39:41 PM","8/28/2026 3:39:41 PM",
"211","18.27343","8/28/2026 3:39:41 PM","8/28/2026 3:39:41 PM",
"212","18.27343","8/28/2026 3:39:41 PM","8/28/2026 3:39:41 PM",
"213","18.27439","8/28/2026 3:39:41 PM","8/28/2026 3:39:41 PM",
"214","18.27439","8/28/2026 3:39:41 PM","8/28/2026 3:39:41 PM",
"215","18.27228","8/28/2026 3:39:41 PM","8/28/2026 3:39:41 PM",
"216","18.27228","8/28/2026 3:39:41 PM","8/28/2026 3:39:41 PM",
"217","18.27255","8/28/2026 3:39:41 PM","8/28/2026 3:39:41 PM",
"218","18.27255","8/28/2026 3:39:41 PM","8/28/2026 3:39:41 PM",
"219","18.27316","8/28/2026 3:39:41 PM","8/28/2026 3:39:41 PM",
"220","18.27316","8/28/2026 3:39:41 PM","8/28/2026 3:39:41 PM",
"221","18.27328","8/28/2026 3:39:41 PM","8/28/2026 3:39:41 PM",
"222","18.27328","8/28/2026 3:39:41 PM","8/28/2026 3:39:41 PM",
"223","18.27258","8/28/2026 3:39:41 PM","8/28/2026 3:39:41 PM",
"224","18.27258","8/28/2026 3:39:41 PM","8/28/2026 3:39:41 PM",
"225","18.27208","8/28/2026 3:39:41 PM","8/28/2026 3:39:41 PM",
"226","18.27208","8/28/2026 3:39:41 PM","8/28/2026 3:39:41 PM",
"227","18.27125","8/28/2026 3:39:41 PM","8/28/2026 3:39:41 PM",
"228","18.27125","8/28/2026 3:39:41 PM","8/28/2026 3:39:41 PM",
"229","18.27096","8/28/2026 3:39:41 PM","8/28/2026 3:39:41 PM",
"230","18.27096","8/28/2026 3:39:41 PM","8/28/2026 3:39:41 PM",
"231","18.272","8/28/2026 3:39:41 PM","8/28/2026 3:39:41 PM",
"232","18.272","8/28/2026 3:39:41 PM","8/28/2026 3:39:41 PM",
"233","18.27124","8/28/2026 3:39:41 PM","8/28/2026 3:39:41 PM",
"234","18.27124","8/28/2026 3:39:41 PM","8/28/2026 3:39:41 PM",
"235","18.27018","8/28/2026 3:39:41 PM","8/28/2026 3:39:41 PM",
"236","18.27018","8/28/2026 3:39:41 PM","8/28/2026 3:39:41 PM",
"237","18.27093","8/28/2026 3:39:41 PM","8/28/2026 3:39:41 PM",
"238","18.27093","8/28/2026 3:39:41 PM","8/28/2026 3:39:41 PM",
"239","18.27201","8/28/2026 3:39:41 PM","8/28/2026 3:39:41 PM",
"240","18.27201","8/28/2026 3:39:41 PM","8/28/2026 3:39:41 PM",
"241","18.26981","8/28/2026 3:39:41 PM","8/28/2026 3:39:41 PM",
"242","18.26981","8/28/2026 3:39:41 PM","8/28/2026 3:39:41 PM",
"243","18.26826","8/28/2026 3:39:41 PM","8/28/2026 3:39:41 PM",
"244","18.26826","8/28/2026 3:39:41 PM","8/28/2026 3:39:41 PM",
"245","18.2706","8/28/2026 3:39:41 PM","8/28/2026 3:39:41 PM",
"246","18.2706","8/28/2026 3:39:41 PM","8/28/2026 3:39:41 PM",
"247","18.26947","8/28/2026 3:39:41 PM","8/28/2026 3:39:41 PM",
"248","18.26947","8/28/2026 3:39:41 PM","8/28/2026 3:39:41 PM",
"249","18.26753","8/28/2026 3:39:41 PM","8/28/2026 3:39:41 PM",
"250","18.26753","8/28/2026 3:39:41 PM","8/28/2026 3:39:41 PM",
"251","18.26681","8/28/2026 3:39:41 PM","8/28/2026 3:39:41 PM",
"252","18.26681","8/28/2026 3:39:41 PM","8/28/2026 3:39:41 PM",
"253","18.26677","8/28/2026 3:39:41 PM","8/28/2026 3:39:41 PM",
"254","18.26677","8/28/2026 3:39:41 PM","8/28/2026 3:39:41 PM",
"255","18.26869","8/28/2026 3:39:41 PM","8/28/2026 3:39:41 PM",
"256","18.26869","8/28/2026 3:39:41 PM","8/28/2026 3:39:41 PM",
"257","18.2673","8/28/2026 3:39:41 PM","8/28/2026 3:39:41 PM",
"258","18.2673","8/28/2026 3:39:41 PM","8/28/2026 3:39:41 PM",
"259","18.26805","8/28/2026 3:39:41 PM","8/28/2026 3:39:41 PM",
"260","18.26805","8/28/2026 3:39:41 PM","8/28/2026 3:39:41 PM",
"261","18.26805","8/28/2026 3:39:41 PM","8/28/2026 3:39:41 PM",
"262","18.26678","8/28/2026 3:39:41 PM","8/28/2026 3:39:41 PM",
"263","18.26678","8/28/2026 3:39:41 PM","8/28/2026 3:39:41 PM",
"264","18.26672","8/28/2026 3:39:41 PM","8/28/2026 3:39:41 PM",
"265","18.26672","8/28/2026 3:39:41 PM","8/28/2026 3:39:41 PM",
"266","18.26605","8/28/2026 3:39:41 PM","8/28/2026 3:39:41 PM",
"267","18.26605","8/28/2026 3:39:41 PM","8/28/2026 3:39:41 PM",
"268","18.26753","8/28/2026 3:39:41 PM","8/28/2026 3:39:41 PM",
"269","18.26753","8/28/2026 3:39:42 PM","8/28/2026 3:39:42 PM",
"270","18.26514","8/28/2026 3:39:42 PM","8/28/2026 3:39:42 PM",
"271","18.26514","8/28/2026 3:39:42 PM","8/28/2026 3:39:42 PM",
"272","18.26617","8/28/2026 3:39:42 PM","8/28/2026 3:39:42 PM",
"273","18.26617","8/28/2026 3:39:42 PM","8/28/2026 3:39:42 PM",
"274","18.26498","8/28/2026 3:39:42 PM","8/28/2026 3:39:42 PM",
"275","18.26498","8/28/2026 3:39:42 PM","8/28/2026 3:39:42 PM",
"276","18.26558","8/28/2026 3:39:42 PM","8/28/2026 3:39:42 PM",
"277","18.26558","8/28/2026 3:39:42 PM","8/28/2026 3:39:42 PM",
"278","18.26392","8/28/2026 3:39:42 PM","8/28/2026 3:39:42 PM",
"279","18.26392","8/28/2026 3:39:42 PM","8/28/2026 3:39:42 PM",
"280","18.26479","8/28/2026 3:39:42 PM","8/28/2026 3:39:42 PM",
"281","18.26479","8/28/2026 3:39:42 PM","8/28/2026 3:39:42 PM",
"282","18.26364","8/28/2026 3:39:42 PM","8/28/2026 3:39:42 PM",
"283","18.26364","8/28/2026 3:39:42 PM","8/28/2026 3:39:42 PM",
"284","18.26359","8/28/2026 3:39:42 PM","8/28/2026 3:39:42 PM",
"285","18.26359","8/28/2026 3:39:42 PM","8/28/2026 3:39:42 PM",
"286","18.2634","8/28/2026 3:39:42 PM","8/28/2026 3:39:42 PM",
"287","18.2634","8/28/2026 3:39:42 PM","8/28/2026 3:39:42 PM",
"288","18.26361","8/28/2026 3:39:42 PM","8/28/2026 3:39:42 PM",
"289","18.26361","8/28/2026 3:39:42 PM","8/28/2026 3:39:42 PM",
"290","18.26202","8/28/2026 3:39:42 PM","8/28/2026 3:39:42 PM",
"291","18.26202","8/28/2026 3:39:42 PM","8/28/2026 3:39:42 PM",
"292","18.26278","8/28/2026 3:39:42 PM","8/28/2026 3:39:42 PM",
"293","18.26278","8/28/2026 3:39:42 PM","8/28/2026 3:39:42 PM",
"294","18.26158","8/28/2026 3:39:42 PM","8/28/2026 3:39:42 PM",
"295","18.26158","8/28/2026 3:39:42 PM","8/28/2026 3:39:42 PM",
"296","18.26206","8/28/2026 3:39:42 PM","8/28/2026 3:39:42 PM",
"297","18.26206","8/28/2026 3:39:42 PM","8/28/2026 3:39:42 PM",
"298","18.26152","8/28/2026 3:39:42 PM","8/28/2026 3:39:42 PM",
"299","18.26152","8/28/2026 3:39:42 PM","8/28/2026 3:39:42 PM",
"300","18.26212","8/28/2026 3:39:42 PM","8/28/2026 3:39:42 PM",
"301","18.26212","8/28/2026 3:39:42 PM","8/28/2026 3:39:42 PM",
"302","18.26106","8/28/2026 3:39:42 PM","8/28/2026 3:39:42 PM",
"303","18.26106","8/28/2026 3:39:42 PM","8/28/2026 3:39:42 PM",
"304","18.26077","8/28/2026 3:39:42 PM","8/28/2026 3:39:42 PM",
"305","18.26077","8/28/2026 3:39:42 PM","8/28/2026 3:39:42 PM",
"306","18.25933","8/28/2026 3:39:42 PM","8/28/2026 3:39:42 PM",
"307","18.25933","8/28/2026 3:39:42 PM","8/28/2026 3:39:42 PM",
"308","18.26002","8/28/2026 3:39:42 PM","8/28/2026 3:39:42 PM",
"309","18.26002","8/28/2026 3:39:42 PM","8/28/2026 3:39:42 PM",
"310","18.25971","8/28/2026 3:39:42 PM","8/28/2026 3:39:42 PM",
"311","18.25971","8/28/2026 3:39:42 PM","8/28/2026 3:39:42 PM",
"312","18.26061","8/28/2026 3:39:42 PM","8/28/2026 3:39:42 PM",
"313","18.26061","8/28/2026 3:39:42 PM","8/28/2026 3:39:42 PM",
"314","18.26004","8/28/2026 3:39:42 PM","8/28/2026 3:39:42 PM",
"315","18.26004","8/28/2026 3:39:42 PM","8/28/2026 3:39:42 PM",
"316","18.25915","8/28/2026 3:39:42 PM","8/28/2026 3:39:42 PM",
"317","18.25915","8/28/2026 3:39:42 PM","8/28/2026 3:39:42 PM",
"318","18.25854","8/28/2026 3:39:42 PM","8/28/2026 3:39:42 PM",
"319","18.25854","8/28/2026 3:39:42 PM","8/28/2026 3:39:42 PM",
"320","18.25837","8/28/2026 3:39:42 PM","8/28/2026 3:39:42 PM",
"321","18.25837","8/28/2026 3:39:42 PM","8/28/2026 3:39:42 PM",
"322","18.25902","8/28/2026 3:39:42 PM","8/28/2026 3:39:42 PM",
"323","18.25902","8/28/2026 3:39:42 PM","8/28/2026 3:39:42 PM",
"324","18.25701","8/28/2026 3:39:42 PM","8/28/2026 3:39:42 PM",
"325","18.25701","8/28/2026 3:39:42 PM","8/28/2026 3:39:42 PM",
"326","18.25833","8/28/2026 3:39:42 PM","8/28/2026 3:39:42 PM",
"327","18.25833","8/28/2026 3:39:42 PM","8/28/2026 3:39:42 PM",
"328","18.25705","8/28/2026 3:39:42 PM","8/28/2026 3:39:42 PM",
"329","18.25705","8/28/2026 3:39:42 PM","8/28/2026 3:39:42 PM",
"330","18.25816","8/28/2026 3:39:42 PM","8/28/2026 3:39:42 PM",
"331","18.25816","8/28/2026 3:39:42 PM","8/28/2026 3:39:42 PM",
"332","18.25614","8/28/2026 3:39:42 PM","8/28/2026 3:39:42 PM",
"333","18.25614","8/28/2026 3:39:42 PM","8/28/2026 3:39:42 PM",
"334","18.25666","8/28/2026 3:39:42 PM","8/28/2026 3:39:42 PM",
"335","18.25666","8/28/2026 3:39:42 PM","8/28/2026 3:39:42 PM",
"336","18.25561","8/28/2026 3:39:42 PM","8/28/2026 3:39:42 PM",
"337","18.25561","8/28/2026 3:39:42 PM","8/28/2026 3:39:42 PM",
"338","18.25666","8/28/2026 3:39:42 PM","8/28/2026 3:39:42 PM",
"339","18.25666","8/28/2026 3:39:42 PM","8/28/2026 3:39:42 PM",
"340","18.25706","8/28/2026 3:39:42 PM","8/28/2026 3:39:42 PM",
"341","18.25706","8/28/2026 3:39:42 PM","8/28/2026 3:39:42 PM",
"342","18.25673","8/28/2026 3:39:42 PM","8/28/2026 3:39:42 PM",
"343","18.25673","8/28/2026 3:39:42 PM","8/28/2026 3:39:42 PM",
"344","18.25755","8/28/2026 3:39:42 PM","8/28/2026 3:39:42 PM",
"345","18.25755","8/28/2026 3:39:42 PM","8/28/2026 3:39:42 PM",
"346","18.2559","8/28/2026 3:39:42 PM","8/28/2026 3:39:42 PM",
"347","18.2559","8/28/2026 3:39:42 PM","8/28/2026 3:39:42 PM",
"348","18.25534","8/28/2026 3:39:42 PM","8/28/2026 3:39:42 PM",
"349","18.25534","8/28/2026 3:39:42 PM","8/28/2026 3:39:42 PM",
"350","18.25557","8/28/2026 3:39:42 PM","8/28/2026 3:39:42 PM",
"351","18.25557","8/28/2026 3:39:42 PM","8/28/2026 3:39:42 PM",
"352","18.25547","8/28/2026 3:39:42 PM","8/28/2026 3:39:42 PM",
"353","18.25547","8/28/2026 3:39:42 PM","8/28/2026 3:39:42 PM",
"354","18.25358","8/28/2026 3:39:42 PM","8/28/2026 3:39:42 PM",
"355","18.25358","8/28/2026 3:39:42 PM","8/28/2026 3:39:42 PM",
"356","18.25586","8/28/2026 3:39:42 PM","8/28/2026 3:39:42 PM",
"357","18.25586","8/28/2026 3:39:42 PM","8/28/2026 3:39:42 PM",
"358","18.25737","8/28/2026 3:39:42 PM","8/28/2026 3:39:42 PM",
"359","18.25737","8/28/2026 3:39:42 PM","8/28/2026 3:39:42 PM",
"360","18.25483","8/28/2026 3:39:42 PM","8/28/2026 3:39:42 PM",
"361","18.25483","8/28/2026 3:39:42 PM","8/28/2026 3:39:42 PM",
"362","18.25208","8/28/2026 3:39:42 PM","8/28/2026 3:39:42 PM",
"363","18.25208","8/28/2026 3:39:42 PM","8/28/2026 3:39:42 PM",
"364","18.2528","8/28/2026 3:39:42 PM","8/28/2026 3:39:42 PM",
"365","18.2528","8/28/2026 3:39:42 PM","8/28/2026 3:39:42 PM",
"366","18.25171","8/28/2026 3:39:42 PM","8/28/2026 3:39:42 PM",
"367","18.25171","8/28/2026 3:39:42 PM","8/28/2026 3:39:42 PM",
"368","18.2533","8/28/2026 3:39:42 PM","8/28/2026 3:39:42 PM",
"369","18.2533","8/28/2026 3:39:43 PM","8/28/2026 3:39:43 PM",
"370","18.25372","8/28/2026 3:39:43 PM","8/28/2026 3:39:43 PM",
"371","18.25372","8/28/2026 3:39:43 PM","8/28/2026 3:39:43 PM",
"372","18.25364","8/28/2026 3:39:43 PM","8/28/2026 3:39:43 PM",
"373","18.25364","8/28/2026 3:39:43 PM","8/28/2026 3:39:43 PM",
"374","18.25193","8/28/2026 3:39:43 PM","8/28/2026 3:39:43 PM",
"375","18.25193","8/28/2026 3:39:43 PM","8/28/2026 3:39:43 PM",
"376","18.25212","8/28/2026 3:39:43 PM","8/28/2026 3:39:43 PM",
"377","18.25212","8/28/2026 3:39:43 PM","8/28/2026 3:39:43 PM",
"378","18.25178","8/28/2026 3:39:43 PM","8/28/2026 3:39:43 PM",
"379","18.25178","8/28/2026 3:39:43 PM","8/28/2026 3:39:43 PM",
"380","18.25241","8/28/2026 3:39:43 PM","8/28/2026 3:39:43 PM",
"381","18.25241","8/28/2026 3:39:43 PM","8/28/2026 3:39:43 PM",
"382","18.25077","8/28/2026 3:39:43 PM","8/28/2026 3:39:43 PM",
"383","18.25077","8/28/2026 3:39:43 PM","8/28/2026 3:39:43 PM",
"384","18.25229","8/28/2026 3:39:43 PM","8/28/2026 3:39:43 PM",
"385","18.25229","8/28/2026 3:39:43 PM","8/28/2026 3:39:43 PM",
"386","18.24948","8/28/2026 3:39:43 PM","8/28/2026 3:39:43 PM",
"387","18.24948","8/28/2026 3:39:43 PM","8/28/2026 3:39:43 PM",
"388","18.2504","8/28/2026 3:39:43 PM","8/28/2026 3:39:43 PM",
"389","18.2504","8/28/2026 3:39:43 PM","8/28/2026 3:39:43 PM",
"390","18.2485","8/28/2026 3:39:43 PM","8/28/2026 3:39:43 PM",
"391","18.2485","8/28/2026 3:39:43 PM","8/28/2026 3:39:43 PM",
"392","18.24965","8/28/2026 3:39:43 PM","8/28/2026 3:39:43 PM",
"393","18.24965","8/28/2026 3:39:43 PM","8/28/2026 3:39:43 PM",
"394","18.24835","8/28/2026 3:39:43 PM","8/28/2026 3:39:43 PM",
"395","18.24835","8/28/2026 3:39:43 PM","8/28/2026 3:39:43 PM",
"396","18.24923","8/28/2026 3:39:43 PM","8/28/2026 3:39:43 PM",
"397","18.24923","8/28/2026 3:39:43 PM","8/28/2026 3:39:43 PM",
"398","18.24855","8/28/2026 3:39:43 PM","8/28/2026 3:39:43 PM",
"399","18.24855","8/28/2026 3:39:43 PM","8/28/2026 3:39:43 PM",
"400","18.24816","8/28/2026 3:39:43 PM","8/28/2026 3:39:43 PM",
"401","18.24816","8/28/2026 3:39:43 PM","8/28/2026 3:39:43 PM",
"402","18.24825","8/28/2026 3:39:43 PM","8/28/2026 3:39:43 PM",
"403","18.24825","8/28/2026 3:39:43 PM","8/28/2026 3:39:43 PM",
"404","18.24709","8/28/2026 3:39:43 PM","8/28/2026 3:39:43 PM",
"405","18.24709","8/28/2026 3:39:43 PM","8/28/2026 3:39:43 PM",
"406","18.24601","8/28/2026 3:39:43 PM","8/28/2026 3:39:43 PM",
"407","18.24601","8/28/2026 3:39:43 PM","8/28/2026 3:39:43 PM",
"408","18.24635","8/28/2026 3:39:43 PM","8/28/2026 3:39:43 PM",
"409","18.24635","8/28/2026 3:39:43 PM","8/28/2026 3:39:43 PM",
"410","18.24696","8/28/2026 3:39:43 PM","8/28/2026 3:39:43 PM",
"411","18.24696","8/28/2026 3:39:43 PM","8/28/2026 3:39:43 PM",
"412","18.24643","8/28/2026 3:39:43 PM","8/28/2026 3:39:43 PM",
"413","18.24643","8/28/2026 3:39:43 PM","8/28/2026 3:39:43 PM",
"414","18.24621","8/28/2026 3:39:43 PM","8/28/2026 3:39:43 PM",
"415","18.24621","8/28/2026 3:39:43 PM","8/28/2026 3:39:43 PM",
"416","18.24537","8/28/2026 3:39:43 PM","8/28/2026 3:39:43 PM",
"417","18.24537","8/28/2026 3:39:43 PM","8/28/2026 3:39:43 PM",
"418","18.24511","8/28/2026 3:39:43 PM","8/28/2026 3:39:43 PM",
"419","18.24511","8/28/2026 3:39:43 PM","8/28/2026 3:39:43 PM",
"420","18.2443","8/28/2026 3:39:43 PM","8/28/2026 3:39:43 PM",
"421","18.2443","8/28/2026 3:39:43 PM","8/28/2026 3:39:43 PM",
"422","18.24492","8/28/2026 3:39:43 PM","8/28/2026 3:39:43 PM",
"423","18.24492","8/28/2026 3:39:43 PM","8/28/2026 3:39:43 PM",
"424","18.2449","8/28/2026 3:39:43 PM","8/28/2026 3:39:43 PM",
"425","18.2449","8/28/2026 3:39:43 PM","8/28/2026 3:39:43 PM",
"426","18.24539","8/28/2026 3:39:43 PM","8/28/2026 3:39:43 PM",
"427","18.24539","8/28/2026 3:39:43 PM","8/28/2026 3:39:43 PM",
"428","18.24367","8/28/2026 3:39:43 PM","8/28/2026 3:39:43 PM",
"429","18.24367","8/28/2026 3:39:43 PM","8/28/2026 3:39:43 PM",
"430","18.24478","8/28/2026 3:39:43 PM","8/28/2026 3:39:43 PM",
"431","18.24478","8/28/2026 3:39:43 PM","8/28/2026 3:39:43 PM",
"432","18.24338","8/28/2026 3:39:43 PM","8/28/2026 3:39:43 PM",
"433","18.24338","8/28/2026 3:39:43 PM","8/28/2026 3:39:43 PM",
"434","18.24281","8/28/2026 3:39:43 PM","8/28/2026 3:39:43 PM",
"435","18.24281","8/28/2026 3:39:43 PM","8/28/2026 3:39:43 PM",
"436","18.24201","8/28/2026 3:39:43 PM","8/28/2026 3:39:43 PM",
"437","18.24201","8/28/2026 3:39:43 PM","8/28/2026 3:39:43 PM",
"438","18.24273","8/28/2026 3:39:43 PM","8/28/2026 3:39:43 PM",
"439","18.24273","8/28/2026 3:39:43 PM","8/28/2026 3:39:43 PM",
"440","18.24191","8/28/2026 3:39:43 PM","8/28/2026 3:39:43 PM",
"441","18.24191","8/28/2026 3:39:43 PM","8/28/2026 3:39:43 PM",
"442","18.24341","8/28/2026 3:39:43 PM","8/28/2026 3:39:43 PM",
"443","18.24341","8/28/2026 3:39:43 PM","8/28/2026 3:39:43 PM",
"444","18.24084","8/28/2026 3:39:43 PM","8/28/2026 3:39:43 PM",
"445","18.24084","8/28/2026 3:39:43 PM","8/28/2026 3:39:43 PM",
"446","18.24146","8/28/2026 3:39:43 PM","8/28/2026 3:39:43 PM",
"447","18.24146","8/28/2026 3:39:43 PM","8/28/2026 3:39:43 PM",
"448","18.24008","8/28/2026 3:39:43 PM","8/28/2026 3:39:43 PM",
"449","18.24008","8/28/2026 3:39:43 PM","8/28/2026 3:39:43 PM",
"450","18.24081","8/28/2026 3:39:43 PM","8/28/2026 3:39:43 PM",
"451","18.24081","8/28/2026 3:39:43 PM","8/28/2026 3:39:43 PM",
"452","18.23888","8/28/2026 3:39:43 PM","8/28/2026 3:39:43 PM",
"453","18.23888","8/28/2026 3:39:43 PM","8/28/2026 3:39:43 PM",
"454","18.23869","8/28/2026 3:39:43 PM","8/28/2026 3:39:43 PM",
"455","18.23869","8/28/2026 3:39:43 PM","8/28/2026 3:39:43 PM",
"456","18.23784","8/28/2026 3:39:43 PM","8/28/2026 3:39:43 PM",
"457","18.23784","8/28/2026 3:39:43 PM","8/28/2026 3:39:43 PM",
"458","18.23837","8/28/2026 3:39:43 PM","8/28/2026 3:39:43 PM",
"459","18.23837","8/28/2026 3:39:43 PM","8/28/2026 3:39:43 PM",
"460","18.23773","8/28/2026 3:39:43 PM","8/28/2026 3:39:43 PM",
"461","18.23773","8/28/2026 3:39:43 PM","8/28/2026 3:39:43 PM",
"462","18.23784","8/28/2026 3:39:43 PM","8/28/2026 3:39:43 PM",
"463","18.23784","8/28/2026 3:39:43 PM","8/28/2026 3:39:43 PM",
"464","18.23674","8/28/2026 3:39:43 PM","8/28/2026 3:39:43 PM",
"465","18.23674","8/28/2026 3:39:43 PM","8/28/2026 3:39:43 PM",
"466","18.23712","8/28/2026 3:39:43 PM","8/28/2026 3:39:43 PM",
"467","18.23712","8/28/2026 3:39:43 PM","8/28/2026 3:39:43 PM",
"468","18.23521","8/28/2026 3:39:43 PM","8/28/2026 3:39:43 PM",
"469","18.23521","8/28/2026 3:39:44 PM","8/28/2026 3:39:44 PM",
"470","18.23629","8/28/2026 3:39:44 PM","8/28/2026 3:39:44 PM",
"471","18.23629","8/28/2026 3:39:44 PM","8/28/2026 3:39:44 PM",
"472","18.23629","8/28/2026 3:39:44 PM","8/28/2026 3:39:44 PM",
"473","18.2358","8/28/2026 3:39:44 PM","8/28/2026 3:39:44 PM",
"474","18.2358","8/28/2026 3:39:44 PM","8/28/2026 3:39:44 PM",
"475","18.2352","8/28/2026 3:39:44 PM","8/28/2026 3:39:44 PM",
"476","18.2352","8/28/2026 3:39:44 PM","8/28/2026 3:39:44 PM",
"477","18.23354","8/28/2026 3:39:44 PM","8/28/2026 3:39:44 PM",
"478","18.23354","8/28/2026 3:39:44 PM","8/28/2026 3:39:44 PM",
"479","18.23464","8/28/2026 3:39:44 PM","8/28/2026 3:39:44 PM",
"480","18.23464","8/28/2026 3:39:44 PM","8/28/2026 3:39:44 PM",
"481","18.23379","8/28/2026 3:39:44 PM","8/28/2026 3:39:44 PM",
"482","18.23379","8/28/2026 3:39:44 PM","8/28/2026 3:39:44 PM",
"483","18.2333","8/28/2026 3:39:44 PM","8/28/2026 3:39:44 PM",
"484","18.2333","8/28/2026 3:39:44 PM","8/28/2026 3:39:44 PM",
"485","18.23212","8/28/2026 3:39:44 PM","8/28/2026 3:39:44 PM",
"486","18.23316","8/28/2026 3:39:44 PM","8/28/2026 3:39:44 PM",
"487","18.23316","8/28/2026 3:39:44 PM","8/28/2026 3:39:44 PM",
"488","18.23316","8/28/2026 3:39:44 PM","8/28/2026 3:39:44 PM",
"489","18.23256","8/28/2026 3:39:44 PM","8/28/2026 3:39:44 PM",
"490","18.23256","8/28/2026 3:39:44 PM","8/28/2026 3:39:44 PM",
"491","18.23313","8/28/2026 3:39:44 PM","8/28/2026 3:39:44 PM",
"492","18.23313","8/28/2026 3:39:44 PM","8/28/2026 3:39:44 PM",
"493","18.23174","8/28/2026 3:39:44 PM","8/28/2026 3:39:44 PM",
"494","18.23174","8/28/2026 3:39:44 PM","8/28/2026 3:39:44 PM",
"495","18.22913","8/28/2026 3:39:44 PM","8/28/2026 3:39:44 PM",
"496","18.22913","8/28/2026 3:39:44 PM","8/28/2026 3:39:44 PM",
"497","18.23","8/28/2026 3:39:44 PM","8/28/2026 3:39:44 PM",
"498","18.23","8/28/2026 3:39:44 PM","8/28/2026 3:39:44 PM",
"499","18.23086","8/28/2026 3:39:44 PM","8/28/2026 3:39:44 PM",
"500","18.23086","8/28/2026 3:39:44 PM","8/28/2026 3:39:44 PM",
"501","18.23086","8/28/2026 3:39:44 PM","8/28/2026 3:39:44 PM",
"502","18.23086","8/28/2026 3:39:44 PM","8/28/2026 3:39:44 PM",
"503","18.22969","8/28/2026 3:39:44 PM","8/28/2026 3:39:44 PM",
"504","18.22969","8/28/2026 3:39:44 PM","8/28/2026 3:39:44 PM",
"505","18.23099","8/28/2026 3:39:44 PM","8/28/2026 3:39:44 PM",
"506","18.23099","8/28/2026 3:39:44 PM","8/28/2026 3:39:44 PM",
"507","18.23001","8/28/2026 3:39:44 PM","8/28/2026 3:39:44 PM",
"508","18.23001","8/28/2026 3:39:44 PM","8/28/2026 3:39:44 PM",
"509","18.22737","8/28/2026 3:39:44 PM","8/28/2026 3:39:44 PM",
"510","18.22737","8/28/2026 3:39:44 PM","8/28/2026 3:39:44 PM",
"511","18.22698","8/28/2026 3:39:44 PM","8/28/2026 3:39:44 PM",
"512","18.22698","8/28/2026 3:39:44 PM","8/28/2026 3:39:44 PM",
"513","18.22758","8/28/2026 3:39:44 PM","8/28/2026 3:39:44 PM",
"514","18.22758","8/28/2026 3:39:44 PM","8/28/2026 3:39:44 PM",
"515","18.22759","8/28/2026 3:39:44 PM","8/28/2026 3:39:44 PM",
"516","18.22759","8/28/2026 3:39:44 PM","8/28/2026 3:39:44 PM",
"517","18.22518","8/28/2026 3:39:44 PM","8/28/2026 3:39:44 PM",
"518","18.22518","8/28/2026 3:39:44 PM","8/28/2026 3:39:44 PM",
"519","18.22756","8/28/2026 3:39:44 PM","8/28/2026 3:39:44 PM",
"520","18.22756","8/28/2026 3:39:44 PM","8/28/2026 3:39:44 PM",
"521","18.22502","8/28/2026 3:39:44 PM","8/28/2026 3:39:44 PM",
"522","18.22502","8/28/2026 3:39:44 PM","8/28/2026 3:39:44 PM",
"523","18.22589","8/28/2026 3:39:44 PM","8/28/2026 3:39:44 PM",
"524","18.22589","8/28/2026 3:39:44 PM","8/28/2026 3:39:44 PM",
"525","18.22619","8/28/2026 3:39:44 PM","8/28/2026 3:39:44 PM",
"526","18.22619","8/28/2026 3:39:44 PM","8/28/2026 3:39:44 PM",
"527","18.22464","8/28/2026 3:39:44 PM","8/28/2026 3:39:44 PM",
"528","18.22464","8/28/2026 3:39:44 PM","8/28/2026 3:39:44 PM",
"529","18.22567","8/28/2026 3:39:44 PM","8/28/2026 3:39:44 PM",
"530","18.22567","8/28/2026 3:39:44 PM","8/28/2026 3:39:44 PM",
"531","18.22249","8/28/2026 3:39:44 PM","8/28/2026 3:39:44 PM",
"532","18.22249","8/28/2026 3:39:44 PM","8/28/2026 3:39:44 PM",
"533","18.22561","8/28/2026 3:39:44 PM","8/28/2026 3:39:44 PM",
"534","18.22561","8/28/2026 3:39:44 PM","8/28/2026 3:39:44 PM",
"535","18.22058","8/28/2026 3:39:44 PM","8/28/2026 3:39:44 PM",
"536","18.22058","8/28/2026 3:39:44 PM","8/28/2026 3:39:44 PM",
"537","18.22383","8/28/2026 3:39:44 PM","8/28/2026 3:39:44 PM",
"538","18.22383","8/28/2026 3:39:44 PM","8/28/2026 3:39:44 PM",
"539","18.2215","8/28/2026 3:39:44 PM","8/28/2026 3:39:44 PM",
"540","18.2215","8/28/2026 3:39:44 PM","8/28/2026 3:39:44 PM",
"541","18.22458","8/28/2026 3:39:44 PM","8/28/2026 3:39:44 PM",
"542","18.22458","8/28/2026 3:39:44 PM","8/28/2026 3:39:44 PM",
"543","18.22005","8/28/2026 3:39:44 PM","8/28/2026 3:39:44 PM",
"544","18.22005","8/28/2026 3:39:44 PM","8/28/2026 3:39:44 PM",
"545","18.22237","8/28/2026 3:39:44 PM","8/28/2026 3:39:44 PM",
"546","18.22237","8/28/2026 3:39:44 PM","8/28/2026 3:39:44 PM",
"547","18.2197","8/28/2026 3:39:44 PM","8/28/2026 3:39:44 PM",
"548","18.2197","8/28/2026 3:39:44 PM","8/28/2026 3:39:44 PM",
"549","18.22123","8/28/2026 3:39:44 PM","8/28/2026 3:39:44 PM",
"550","18.22123","8/28/2026 3:39:44 PM","8/28/2026 3:39:44 PM",
"551","18.2193","8/28/2026 3:39:44 PM","8/28/2026 3:39:44 PM",
"552","18.2193","8/28/2026 3:39:44 PM","8/28/2026 3:39:44 PM",
"553","18.22055","8/28/2026 3:39:44 PM","8/28/2026 3:39:44 PM",
"554","18.22055","8/28/2026 3:39:44 PM","8/28/2026 3:39:44 PM",
"555","18.22074","8/28/2026 3:39:44 PM","8/28/2026 3:39:44 PM",
"556","18.22074","8/28/2026 3:39:44 PM","8/28/2026 3:39:44 PM",
"557","18.22243","8/28/2026 3:39:44 PM","8/28/2026 3:39:44 PM",
"558","18.22243","8/28/2026 3:39:44 PM","8/28/2026 3:39:44 PM",
"559","18.21742","8/28/2026 3:39:44 PM","8/28/2026 3:39:44 PM",
"560","18.21742","8/28/2026 3:39:44 PM","8/28/2026 3:39:44 PM",
"561","18.21868","8/28/2026 3:39:44 PM","8/28/2026 3:39:44 PM",
"562","18.21868","8/28/2026 3:39:44 PM","8/28/2026 3:39:44 PM",
"563","18.22034","8/28/2026 3:39:44 PM","8/28/2026 3:39:44 PM",
"564","18.22034","8/28/2026 3:39:44 PM","8/28/2026 3:39:44 PM",
"565","18.21802","8/28/2026 3:39:44 PM","8/28/2026 3:39:44 PM",
"566","18.21802","8/28/2026 3:39:44 PM","8/28/2026 3:39:44 PM",
"567","18.21706","8/28/2026 3:39:44 PM","8/28/2026 3:39:44 PM",
"568","18.21706","8/28/2026 3:39:44 PM","8/28/2026 3:39:44 PM",
"569","18.21717","8/28/2026 3:39:45 PM","8/28/2026 3:39:45 PM",
"570","18.21717","8/28/2026 3:39:45 PM","8/28/2026 3:39:45 PM",
"571","18.21823","8/28/2026 3:39:45 PM","8/28/2026 3:39:45 PM",
"572","18.21823","8/28/2026 3:39:45 PM","8/28/2026 3:39:45 PM",
"573","18.21525","8/28/2026 3:39:45 PM","8/28/2026 3:39:45 PM",
"574","18.21525","8/28/2026 3:39:45 PM","8/28/2026 3:39:45 PM",
"575","18.21555","8/28/2026 3:39:45 PM","8/28/2026 3:39:45 PM",
"576","18.21555","8/28/2026 3:39:45 PM","8/28/2026 3:39:45 PM",
"577","18.21558","8/28/2026 3:39:45 PM","8/28/2026 3:39:45 PM",
"578","18.21558","8/28/2026 3:39:45 PM","8/28/2026 3:39:45 PM",
"579","18.21478","8/28/2026 3:39:45 PM","8/28/2026 3:39:45 PM",
"580","18.21478","8/28/2026 3:39:45 PM","8/28/2026 3:39:45 PM",
"581","18.21441","8/28/2026 3:39:45 PM","8/28/2026 3:39:45 PM",
"582","18.21441","8/28/2026 3:39:45 PM","8/28/2026 3:39:45 PM",
"583","18.21519","8/28/2026 3:39:45 PM","8/28/2026 3:39:45 PM",
"584","18.21519","8/28/2026 3:39:45 PM","8/28/2026 3:39:45 PM",
"585","18.21368","8/28/2026 3:39:45 PM","8/28/2026 3:39:45 PM",
"586","18.21368","8/28/2026 3:39:45 PM","8/28/2026 3:39:45 PM",
"587","18.21347","8/28/2026 3:39:45 PM","8/28/2026 3:39:45 PM",
"588","18.21347","8/28/2026 3:39:45 PM","8/28/2026 3:39:45 PM",
"589","18.21347","8/28/2026 3:39:45 PM","8/28/2026 3:39:45 PM",
"590","18.21347","8/28/2026 3:39:45 PM","8/28/2026 3:39:45 PM",
"591","18.21285","8/28/2026 3:39:45 PM","8/28/2026 3:39:45 PM",
"592","18.21285","8/28/2026 3:39:45 PM","8/28/2026 3:39:45 PM",
"593","18.21155","8/28/2026 3:39:45 PM","8/28/2026 3:39:45 PM",
"594","18.21155","8/28/2026 3:39:45 PM","8/28/2026 3:39:45 PM",
"595","18.21198","8/28/2026 3:39:45 PM","8/28/2026 3:39:45 PM",
"596","18.21198","8/28/2026 3:39:45 PM","8/28/2026 3:39:45 PM",
"597","18.21072","8/28/2026 3:39:45 PM","8/28/2026 3:39:45 PM",
"598","18.21072","8/28/2026 3:39:45 PM","8/28/2026 3:39:45 PM",
"599","18.21011","8/28/2026 3:39:45 PM","8/28/2026 3:39:45 PM",
"600","18.21011","8/28/2026 3:39:45 PM","8/28/2026 3:39:45 PM",
"601","18.20922","8/28/2026 3:39:45 PM","8/28/2026 3:39:45 PM",
"602","18.20922","8/28/2026 3:39:45 PM","8/28/2026 3:39:45 PM",
"603","18.20944","8/28/2026 3:39:45 PM","8/28/2026 3:39:45 PM",
"604","18.20944","8/28/2026 3:39:45 PM","8/28/2026 3:39:45 PM",
"605","18.20869","8/28/2026 3:39:45 PM","8/28/2026 3:39:45 PM",
"606","18.20869","8/28/2026 3:39:45 PM","8/28/2026 3:39:45 PM",
"607","18.20901","8/28/2026 3:39:45 PM","8/28/2026 3:39:45 PM",
"608","18.20901","8/28/2026 3:39:45 PM","8/28/2026 3:39:45 PM",
"609","18.20736","8/28/2026 3:39:45 PM","8/28/2026 3:39:45 PM",
"610","18.20736","8/28/2026 3:39:45 PM","8/28/2026 3:39:45 PM",
"611","18.20697","8/28/2026 3:39:45 PM","8/28/2026 3:39:45 PM",
"612","18.20697","8/28/2026 3:39:45 PM","8/28/2026 3:39:45 PM",
"613","18.20556","8/28/2026 3:39:45 PM","8/28/2026 3:39:45 PM",
"614","18.20556","8/28/2026 3:39:45 PM","8/28/2026 3:39:45 PM",
"615","18.20613","8/28/2026 3:39:45 PM","8/28/2026 3:39:45 PM",
"616","18.20613","8/28/2026 3:39:45 PM","8/28/2026 3:39:45 PM",
"617","18.20507","8/28/2026 3:39:45 PM","8/28/2026 3:39:45 PM",
"618","18.20507","8/28/2026 3:39:45 PM","8/28/2026 3:39:45 PM",
"619","18.20637","8/28/2026 3:39:45 PM","8/28/2026 3:39:45 PM",
"620","18.20637","8/28/2026 3:39:45 PM","8/28/2026 3:39:45 PM",
"621","18.20556","8/28/2026 3:39:45 PM","8/28/2026 3:39:45 PM",
"622","18.20556","8/28/2026 3:39:45 PM","8/28/2026 3:39:45 PM",
"623","18.20562","8/28/2026 3:39:45 PM","8/28/2026 3:39:45 PM",
"624","18.20562","8/28/2026 3:39:45 PM","8/28/2026 3:39:45 PM",
"625","18.20362","8/28/2026 3:39:45 PM","8/28/2026 3:39:45 PM",
"626","18.20362","8/28/2026 3:39:45 PM","8/28/2026 3:39:45 PM",
"627","18.204","8/28/2026 3:39:45 PM","8/28/2026 3:39:45 PM",
"628","18.204","8/28/2026 3:39:45 PM","8/28/2026 3:39:45 PM",
"629","18.20194","8/28/2026 3:39:45 PM","8/28/2026 3:39:45 PM",
"630","18.20194","8/28/2026 3:39:45 PM","8/28/2026 3:39:45 PM",
"631","18.20286","8/28/2026 3:39:45 PM","8/28/2026 3:39:45 PM",
"632","18.20286","8/28/2026 3:39:45 PM","8/28/2026 3:39:45 PM",
"633","18.2017","8/28/2026 3:39:45 PM","8/28/2026 3:39:45 PM",
"634","18.2017","8/28/2026 3:39:45 PM","8/28/2026 3:39:45 PM",
"635","18.20215","8/28/2026 3:39:45 PM","8/28/2026 3:39:45 PM",
"636","18.20215","8/28/2026 3:39:45 PM","8/28/2026 3:39:45 PM",
"637","18.19954","8/28/2026 3:39:45 PM","8/28/2026 3:39:45 PM",
"638","18.19954","8/28/2026 3:39:45 PM","8/28/2026 3:39:45 PM",
"639","18.20096","8/28/2026 3:39:45 PM","8/28/2026 3:39:45 PM",
"640","18.20096","8/28/2026 3:39:45 PM","8/28/2026 3:39:45 PM",
"641","18.20071","8/28/2026 3:39:45 PM","8/28/2026 3:39:45 PM",
"642","18.20071","8/28/2026 3:39:45 PM","8/28/2026 3:39:45 PM",
"643","18.2007","8/28/2026 3:39:45 PM","8/28/2026 3:39:45 PM",
"644","18.2007","8/28/2026 3:39:45 PM","8/28/2026 3:39:45 PM",
"645","18.19832","8/28/2026 3:39:45 PM","8/28/2026 3:39:45 PM",
"646","18.19832","8/28/2026 3:39:45 PM","8/28/2026 3:39:45 PM",
"647","18.2003","8/28/2026 3:39:45 PM","8/28/2026 3:39:45 PM",
"648","18.2003","8/28/2026 3:39:45 PM","8/28/2026 3:39:45 PM",
"649","18.19884","8/28/2026 3:39:45 PM","8/28/2026 3:39:45 PM",
"650","18.19884","8/28/2026 3:39:45 PM","8/28/2026 3:39:45 PM",
"651","18.19936","8/28/2026 3:39:45 PM","8/28/2026 3:39:45 PM",
"652","18.19936","8/28/2026 3:39:45 PM","8/28/2026 3:39:45 PM",
"653","18.19745","8/28/2026 3:39:45 PM","8/28/2026 3:39:45 PM",
"654","18.19745","8/28/2026 3:39:45 PM","8/28/2026 3:39:45 PM",
"655","18.19791","8/28/2026 3:39:45 PM","8/28/2026 3:39:45 PM",
"656","18.19791","8/28/2026 3:39:45 PM","8/28/2026 3:39:45 PM",
"657","18.19706","8/28/2026 3:39:45 PM","8/28/2026 3:39:45 PM",
"658","18.19706","8/28/2026 3:39:45 PM","8/28/2026 3:39:45 PM",
"659","18.19817","8/28/2026 3:39:45 PM","8/28/2026 3:39:45 PM",
"660","18.19817","8/28/2026 3:39:45 PM","8/28/2026 3:39:45 PM",
"661","18.19755","8/28/2026 3:39:45 PM","8/28/2026 3:39:45 PM",
"662","18.19755","8/28/2026 3:39:45 PM","8/28/2026 3:39:45 PM",
"663","18.19734","8/28/2026 3:39:45 PM","8/28/2026 3:39:45 PM",
"664","18.19734","8/28/2026 3:39:45 PM","8/28/2026 3:39:45 PM",
"665","18.19734","8/28/2026 3:39:45 PM","8/28/2026 3:39:45 PM",
"666","18.19597","8/28/2026 3:39:45 PM","8/28/2026 3:39:45 PM",
"667","18.19597","8/28/2026 3:39:45 PM","8/28/2026 3:39:45 PM",
"668","18.1957","8/28/2026 3:39:45 PM","8/28/2026 3:39:45 PM",
"669","18.1957","8/28/2026 3:39:46 PM","8/28/2026 3:39:46 PM",
"670","18.19471","8/28/2026 3:39:46 PM","8/28/2026 3:39:46 PM",
"671","18.19471","8/28/2026 3:39:46 PM","8/28/2026 3:39:46 PM",
"672","18.19626","8/28/2026 3:39:46 PM","8/28/2026 3:39:46 PM",
"673","18.19626","8/28/2026 3:39:46 PM","8/28/2026 3:39:46 PM",
"674","18.19457","8/28/2026 3:39:46 PM","8/28/2026 3:39:46 PM",
"675","18.19523","8/28/2026 3:39:46 PM","8/28/2026 3:39:46 PM",
"676","18.19523","8/28/2026 3:39:46 PM","8/28/2026 3:39:46 PM",
"677","18.19523","8/28/2026 3:39:46 PM","8/28/2026 3:39:46 PM",
"678","18.19388","8/28/2026 3:39:46 PM","8/28/2026 3:39:46 PM",
"679","18.19313","8/28/2026 3:39:46 PM","8/28/2026 3:39:46 PM",
"680","18.19313","8/28/2026 3:39:46 PM","8/28/2026 3:39:46 PM",
"681","18.19313","8/28/2026 3:39:46 PM","8/28/2026 3:39:46 PM",
"682","18.19197","8/28/2026 3:39:46 PM","8/28/2026 3:39:46 PM",
"683","18.19197","8/28/2026 3:39:46 PM","8/28/2026 3:39:46 PM",
"684","18.19353","8/28/2026 3:39:46 PM","8/28/2026 3:39:46 PM",
"685","18.19353","8/28/2026 3:39:46 PM","8/28/2026 3:39:46 PM",
"686","18.19358","8/28/2026 3:39:46 PM","8/28/2026 3:39:46 PM",
"687","18.19358","8/28/2026 3:39:46 PM","8/28/2026 3:39:46 PM",
"688","18.19186","8/28/2026 3:39:46 PM","8/28/2026 3:39:46 PM",
"689","18.19186","8/28/2026 3:39:46 PM","8/28/2026 3:39:46 PM",
"690","18.19208","8/28/2026 3:39:46 PM","8/28/2026 3:39:46 PM",
"691","18.19208","8/28/2026 3:39:46 PM","8/28/2026 3:39:46 PM",
"692","18.19158","8/28/2026 3:39:46 PM","8/28/2026 3:39:46 PM",
"693","18.19158","8/28/2026 3:39:46 PM","8/28/2026 3:39:46 PM",
"694","18.19218","8/28/2026 3:39:46 PM","8/28/2026 3:39:46 PM",
"695","18.19218","8/28/2026 3:39:46 PM","8/28/2026 3:39:46 PM",
"696","18.19067","8/28/2026 3:39:46 PM","8/28/2026 3:39:46 PM",
"697","18.19067","8/28/2026 3:39:46 PM","8/28/2026 3:39:46 PM",
"698","18.19208","8/28/2026 3:39:46 PM","8/28/2026 3:39:46 PM",
"699","18.19208","8/28/2026 3:39:46 PM","8/28/2026 3:39:46 PM",
"700","18.18953","8/28/2026 3:39:46 PM","8/28/2026 3:39:46 PM",
"701","18.18953","8/28/2026 3:39:46 PM","8/28/2026 3:39:46 PM",
"702","18.19018","8/28/2026 3:39:46 PM","8/28/2026 3:39:46 PM",
"703","18.19018","8/28/2026 3:39:46 PM","8/28/2026 3:39:46 PM",
"704","18.18915","8/28/2026 3:39:46 PM","8/28/2026 3:39:46 PM",
"705","18.18915","8/28/2026 3:39:46 PM","8/28/2026 3:39:46 PM",
"706","18.18973","8/28/2026 3:39:46 PM","8/28/2026 3:39:46 PM",
"707","18.18973","8/28/2026 3:39:46 PM","8/28/2026 3:39:46 PM",
"708","18.18996","8/28/2026 3:39:46 PM","8/28/2026 3:39:46 PM",
"709","18.18996","8/28/2026 3:39:46 PM","8/28/2026 3:39:46 PM",
"710","18.18928","8/28/2026 3:39:46 PM","8/28/2026 3:39:46 PM",
"711","18.18928","8/28/2026 3:39:46 PM","8/28/2026 3:39:46 PM",
"712","18.18828","8/28/2026 3:39:46 PM","8/28/2026 3:39:46 PM",
"713","18.18828","8/28/2026 3:39:46 PM","8/28/2026 3:39:46 PM",
"714","18.18695","8/28/2026 3:39:46 PM","8/28/2026 3:39:46 PM",
"715","18.18695","8/28/2026 3:39:46 PM","8/28/2026 3:39:46 PM",
"716","18.18784","8/28/2026 3:39:46 PM","8/28/2026 3:39:46 PM",
"717","18.18784","8/28/2026 3:39:46 PM","8/28/2026 3:39:46 PM",
"718","18.18746","8/28/2026 3:39:46 PM","8/28/2026 3:39:46 PM",
"719","18.18746","8/28/2026 3:39:46 PM","8/28/2026 3:39:46 PM",
"720","18.18572","8/28/2026 3:39:46 PM","8/28/2026 3:39:46 PM",
"721","18.18572","8/28/2026 3:39:46 PM","8/28/2026 3:39:46 PM",
"722","18.18607","8/28/2026 3:39:46 PM","8/28/2026 3:39:46 PM",
"723","18.18607","8/28/2026 3:39:46 PM","8/28/2026 3:39:46 PM",
"724","18.18562","8/28/2026 3:39:46 PM","8/28/2026 3:39:46 PM",
"725","18.18562","8/28/2026 3:39:46 PM","8/28/2026 3:39:46 PM",
"726","18.18485","8/28/2026 3:39:46 PM","8/28/2026 3:39:46 PM",
"727","18.18485","8/28/2026 3:39:46 PM","8/28/2026 3:39:46 PM",
"728","18.18512","8/28/2026 3:39:46 PM","8/28/2026 3:39:46 PM",
"729","18.18512","8/28/2026 3:39:46 PM","8/28/2026 3:39:46 PM",
"730","18.18496","8/28/2026 3:39:46 PM","8/28/2026 3:39:46 PM",
"731","18.18496","8/28/2026 3:39:46 PM","8/28/2026 3:39:46 PM",
"732","18.18315","8/28/2026 3:39:46 PM","8/28/2026 3:39:46 PM",
"733","18.18315","8/28/2026 3:39:46 PM","8/28/2026 3:39:46 PM",
"734","18.18357","8/28/2026 3:39:46 PM","8/28/2026 3:39:46 PM",
"735","18.18357","8/28/2026 3:39:46 PM","8/28/2026 3:39:46 PM",
"736","18.1844","8/28/2026 3:39:46 PM","8/28/2026 3:39:46 PM",
"737","18.1844","8/28/2026 3:39:46 PM","8/28/2026 3:39:46 PM",
"738","18.1837","8/28/2026 3:39:46 PM","8/28/2026 3:39:46 PM",
"739","18.1837","8/28/2026 3:39:46 PM","8/28/2026 3:39:46 PM",
"740","18.18284","8/28/2026 3:39:46 PM","8/28/2026 3:39:46 PM",
"741","18.18284","8/28/2026 3:39:46 PM","8/28/2026 3:39:46 PM",
"742","18.18238","8/28/2026 3:39:46 PM","8/28/2026 3:39:46 PM",
"743","18.18238","8/28/2026 3:39:46 PM","8/28/2026 3:39:46 PM",
"744","18.18212","8/28/2026 3:39:46 PM","8/28/2026 3:39:46 PM",
"745","18.18212","8/28/2026 3:39:46 PM","8/28/2026 3:39:46 PM",
"746","18.18182","8/28/2026 3:39:46 PM","8/28/2026 3:39:46 PM",
"747","18.18182","8/28/2026 3:39:46 PM","8/28/2026 3:39:46 PM",
"748","18.18169","8/28/2026 3:39:46 PM","8/28/2026 3:39:46 PM",
"749","18.18169","8/28/2026 3:39:46 PM","8/28/2026 3:39:46 PM",
"750","18.18036","8/28/2026 3:39:46 PM","8/28/2026 3:39:46 PM",
"751","18.18036","8/28/2026 3:39:46 PM","8/28/2026 3:39:46 PM",
"752","18.1818","8/28/2026 3:39:46 PM","8/28/2026 3:39:46 PM",
"753","18.1818","8/28/2026 3:39:46 PM","8/28/2026 3:39:46 PM",
"754","18.17945","8/28/2026 3:39:46 PM","8/28/2026 3:39:46 PM",
"755","18.17945","8/28/2026 3:39:46 PM","8/28/2026 3:39:46 PM",
"756","18.18233","8/28/2026 3:39:46 PM","8/28/2026 3:39:46 PM",
"757","18.18233","8/28/2026 3:39:46 PM","8/28/2026 3:39:46 PM",
"758","18.17707","8/28/2026 3:39:46 PM","8/28/2026 3:39:46 PM",
"759","18.17707","8/28/2026 3:39:46 PM","8/28/2026 3:39:46 PM",
"760","18.18129","8/28/2026 3:39:46 PM","8/28/2026 3:39:46 PM",
"761","18.18129","8/28/2026 3:39:46 PM","8/28/2026 3:39:46 PM",
"762","18.17656","8/28/2026 3:39:46 PM","8/28/2026 3:39:46 PM",
"763","18.17656","8/28/2026 3:39:46 PM","8/28/2026 3:39:46 PM",
"764","18.17871","8/28/2026 3:39:46 PM","8/28/2026 3:39:46 PM",
"765","18.17871","8/28/2026 3:39:46 PM","8/28/2026 3:39:46 PM",
"766","18.17607","8/28/2026 3:39:46 PM","8/28/2026 3:39:46 PM",
"767","18.17607","8/28/2026 3:39:46 PM","8/28/2026 3:39:46 PM",
"768","18.17948","8/28/2026 3:39:46 PM","8/28/2026 3:39:46 PM",
"769","18.17948","8/28/2026 3:39:47 PM","8/28/2026 3:39:47 PM",
"770","18.17607","8/28/2026 3:39:47 PM","8/28/2026 3:39:47 PM",
"771","18.17607","8/28/2026 3:39:47 PM","8/28/2026 3:39:47 PM",
"772","18.17794","8/28/2026 3:39:47 PM","8/28/2026 3:39:47 PM",
"773","18.17794","8/28/2026 3:39:47 PM","8/28/2026 3:39:47 PM",
"774","18.17681","8/28/2026 3:39:47 PM","8/28/2026 3:39:47 PM",
"775","18.17681","8/28/2026 3:39:47 PM","8/28/2026 3:39:47 PM",
"776","18.17735","8/28/2026 3:39:47 PM","8/28/2026 3:39:47 PM",
"777","18.17735","8/28/2026 3:39:47 PM","8/28/2026 3:39:47 PM",
"778","18.17438","8/28/2026 3:39:47 PM","8/28/2026 3:39:47 PM",
"779","18.17438","8/28/2026 3:39:47 PM","8/28/2026 3:39:47 PM",
"780","18.17619","8/28/2026 3:39:47 PM","8/28/2026 3:39:47 PM",
"781","18.17619","8/28/2026 3:39:47 PM","8/28/2026 3:39:47 PM",
"782","18.17354","8/28/2026 3:39:47 PM","8/28/2026 3:39:47 PM",
"783","18.17354","8/28/2026 3:39:47 PM","8/28/2026 3:39:47 PM",
"784","18.17508","8/28/2026 3:39:47 PM","8/28/2026 3:39:47 PM",
"785","18.17508","8/28/2026 3:39:47 PM","8/28/2026 3:39:47 PM",
"786","18.17094","8/28/2026 3:39:47 PM","8/28/2026 3:39:47 PM",
"787","18.17094","8/28/2026 3:39:47 PM","8/28/2026 3:39:47 PM",
"788","18.17435","8/28/2026 3:39:47 PM","8/28/2026 3:39:47 PM",
"789","18.17435","8/28/2026 3:39:47 PM","8/28/2026 3:39:47 PM",
"790","18.17469","8/28/2026 3:39:47 PM","8/28/2026 3:39:47 PM",
"791","18.17469","8/28/2026 3:39:47 PM","8/28/2026 3:39:47 PM",
"792","18.1765","8/28/2026 3:39:47 PM","8/28/2026 3:39:47 PM",
"793","18.1765","8/28/2026 3:39:47 PM","8/28/2026 3:39:47 PM",
"794","18.1735","8/28/2026 3:39:47 PM","8/28/2026 3:39:47 PM",
"795","18.1735","8/28/2026 3:39:47 PM","8/28/2026 3:39:47 PM",
"796","18.17281","8/28/2026 3:39:47 PM","8/28/2026 3:39:47 PM",
"797","18.17281","8/28/2026 3:39:47 PM","8/28/2026 3:39:47 PM",
"798","18.17205","8/28/2026 3:39:47 PM","8/28/2026 3:39:47 PM",
"799","18.17205","8/28/2026 3:39:47 PM","8/28/2026 3:39:47 PM",
"800","18.17399","8/28/2026 3:39:47 PM","8/28/2026 3:39:47 PM",
"801","18.17399","8/28/2026 3:39:47 PM","8/28/2026 3:39:47 PM",
"802","18.17265","8/28/2026 3:39:47 PM","8/28/2026 3:39:47 PM",
"803","18.17265","8/28/2026 3:39:47 PM","8/28/2026 3:39:47 PM",
"804","18.17294","8/28/2026 3:39:47 PM","8/28/2026 3:39:47 PM",
"805","18.17294","8/28/2026 3:39:47 PM","8/28/2026 3:39:47 PM",
"806","18.17028","8/28/2026 3:39:47 PM","8/28/2026 3:39:47 PM",
"807","18.17028","8/28/2026 3:39:47 PM","8/28/2026 3:39:47 PM",
"808","18.1733","8/28/2026 3:39:47 PM","8/28/2026 3:39:47 PM",
"809","18.1733","8/28/2026 3:39:47 PM","8/28/2026 3:39:47 PM",
"810","18.17222","8/28/2026 3:39:47 PM","8/28/2026 3:39:47 PM",
"811","18.17222","8/28/2026 3:39:47 PM","8/28/2026 3:39:47 PM",
"812","18.17266","8/28/2026 3:39:47 PM","8/28/2026 3:39:47 PM",
"813","18.17266","8/28/2026 3:39:47 PM","8/28/2026 3:39:47 PM",
"814","18.17002","8/28/2026 3:39:47 PM","8/28/2026 3:39:47 PM",
"815","18.17002","8/28/2026 3:39:47 PM","8/28/2026 3:39:47 PM",
"816","18.17209","8/28/2026 3:39:47 PM","8/28/2026 3:39:47 PM",
"817","18.17209","8/28/2026 3:39:47 PM","8/28/2026 3:39:47 PM",
"818","18.17209","8/28/2026 3:39:47 PM","8/28/2026 3:39:47 PM",
"819","18.17209","8/28/2026 3:39:47 PM","8/28/2026 3:39:47 PM",
"820","18.17248","8/28/2026 3:39:47 PM","8/28/2026 3:39:47 PM",
"821","18.17248","8/28/2026 3:39:47 PM","8/28/2026 3:39:47 PM",
"822","18.16977","8/28/2026 3:39:47 PM","8/28/2026 3:39:47 PM",
"823","18.16977","8/28/2026 3:39:47 PM","8/28/2026 3:39:47 PM",
"824","18.17169","8/28/2026 3:39:47 PM","8/28/2026 3:39:47 PM",
"825","18.17169","8/28/2026 3:39:47 PM","8/28/2026 3:39:47 PM",
"826","18.17021","8/28/2026 3:39:47 PM","8/28/2026 3:39:47 PM",
"827","18.17021","8/28/2026 3:39:47 PM","8/28/2026 3:39:47 PM",
"828","18.17191","8/28/2026 3:39:47 PM","8/28/2026 3:39:47 PM",
"829","18.17191","8/28/2026 3:39:47 PM","8/28/2026 3:39:47 PM",
"830","18.17135","8/28/2026 3:39:47 PM","8/28/2026 3:39:47 PM",
"831","18.17135","8/28/2026 3:39:47 PM","8/28/2026 3:39:47 PM",
"832","18.17111","8/28/2026 3:39:47 PM","8/28/2026 3:39:47 PM",
"833","18.17111","8/28/2026 3:39:47 PM","8/28/2026 3:39:47 PM",
"834","18.17225","8/28/2026 3:39:47 PM","8/28/2026 3:39:47 PM",
"835","18.17225","8/28/2026 3:39:47 PM","8/28/2026 3:39:47 PM",
"836","18.1766","8/28/2026 3:39:47 PM","8/28/2026 3:39:47 PM",
"837","18.1766","8/28/2026 3:39:47 PM","8/28/2026 3:39:47 PM",
"838","18.17442","8/28/2026 3:39:47 PM","8/28/2026 3:39:47 PM",
"839","18.17442","8/28/2026 3:39:47 PM","8/28/2026 3:39:47 PM",
"840","18.17578","8/28/2026 3:39:47 PM","8/28/2026 3:39:47 PM",
"841","18.17578","8/28/2026 3:39:47 PM","8/28/2026 3:39:47 PM",
"842","18.1748","8/28/2026 3:39:47 PM","8/28/2026 3:39:47 PM",
"843","18.1748","8/28/2026 3:39:47 PM","8/28/2026 3:39:47 PM",
"844","18.17608","8/28/2026 3:39:47 PM","8/28/2026 3:39:47 PM",
"845","18.17608","8/28/2026 3:39:47 PM","8/28/2026 3:39:47 PM",
"846","18.17594","8/28/2026 3:39:47 PM","8/28/2026 3:39:47 PM",
"847","18.17594","8/28/2026 3:39:47 PM","8/28/2026 3:39:47 PM",
"848","18.1757","8/28/2026 3:39:47 PM","8/28/2026 3:39:47 PM",
"849","18.1757","8/28/2026 3:39:47 PM","8/28/2026 3:39:47 PM",
"850","18.17603","8/28/2026 3:39:47 PM","8/28/2026 3:39:47 PM",
"851","18.17603","8/28/2026 3:39:47 PM","8/28/2026 3:39:47 PM",
"852","18.17626","8/28/2026 3:39:47 PM","8/28/2026 3:39:47 PM",
"853","18.17626","8/28/2026 3:39:47 PM","8/28/2026 3:39:47 PM",
"854","18.17688","8/28/2026 3:39:47 PM","8/28/2026 3:39:47 PM",
"855","18.17688","8/28/2026 3:39:47 PM","8/28/2026 3:39:47 PM",
"856","18.17688","8/28/2026 3:39:47 PM","8/28/2026 3:39:47 PM",
"857","18.17688","8/28/2026 3:39:47 PM","8/28/2026 3:39:47 PM",
"858","18.17688","8/28/2026 3:39:47 PM","8/28/2026 3:39:47 PM",
"859","18.17556","8/28/2026 3:39:47 PM","8/28/2026 3:39:47 PM",
"860","18.17556","8/28/2026 3:39:47 PM","8/28/2026 3:39:47 PM",
"861","18.17622","8/28/2026 3:39:47 PM","8/28/2026 3:39:47 PM",
"862","18.17622","8/28/2026 3:39:47 PM","8/28/2026 3:39:47 PM",
"863","18.17621","8/28/2026 3:39:47 PM","8/28/2026 3:39:47 PM",
"864","18.17621","8/28/2026 3:39:47 PM","8/28/2026 3:39:47 PM",
"865","18.17638","8/28/2026 3:39:47 PM","8/28/2026 3:39:47 PM",
"866","18.17638","8/28/2026 3:39:47 PM","8/28/2026 3:39:47 PM",
"867","18.17663","8/28/2026 3:39:47 PM","8/28/2026 3:39:47 PM",
"868","18.17663","8/28/2026 3:39:47 PM","8/28/2026 3:39:47 PM",
"869","18.17794","8/28/2026 3:39:48 PM","8/28/2026 3:39:48 PM",
"870","18.17794","8/28/2026 3:39:48 PM","8/28/2026 3:39:48 PM",
"871","18.17567","8/28/2026 3:39:48 PM","8/28/2026 3:39:48 PM",
"872","18.17567","8/28/2026 3:39:48 PM","8/28/2026 3:39:48 PM",
"873","18.17717","8/28/2026 3:39:48 PM","8/28/2026 3:39:48 PM",
"874","18.17717","8/28/2026 3:39:48 PM","8/28/2026 3:39:48 PM",
"875","18.17624","8/28/2026 3:39:48 PM","8/28/2026 3:39:48 PM",
"876","18.17624","8/28/2026 3:39:48 PM","8/28/2026 3:39:48 PM",
"877","18.17677","8/28/2026 3:39:48 PM","8/28/2026 3:39:48 PM",
"878","18.17677","8/28/2026 3:39:48 PM","8/28/2026 3:39:48 PM",
"879","18.17625","8/28/2026 3:39:48 PM","8/28/2026 3:39:48 PM",
"880","18.17625","8/28/2026 3:39:48 PM","8/28/2026 3:39:48 PM",
"881","18.17702","8/28/2026 3:39:48 PM","8/28/2026 3:39:48 PM",
"882","18.17702","8/28/2026 3:39:48 PM","8/28/2026 3:39:48 PM",
"883","18.17613","8/28/2026 3:39:48 PM","8/28/2026 3:39:48 PM",
"884","18.17613","8/28/2026 3:39:48 PM","8/28/2026 3:39:48 PM",
"885","18.17653","8/28/2026 3:39:48 PM","8/28/2026 3:39:48 PM",
"886","18.17653","8/28/2026 3:39:48 PM","8/28/2026 3:39:48 PM",
"887","18.17658","8/28/2026 3:39:48 PM","8/28/2026 3:39:48 PM",
"888","18.17658","8/28/2026 3:39:48 PM","8/28/2026 3:39:48 PM",
"889","18.17511","8/28/2026 3:39:48 PM","8/28/2026 3:39:48 PM",
"890","18.17511","8/28/2026 3:39:48 PM","8/28/2026 3:39:48 PM",
"891","18.17735","8/28/2026 3:39:48 PM","8/28/2026 3:39:48 PM",
"892","18.17735","8/28/2026 3:39:48 PM","8/28/2026 3:39:48 PM",
"893","18.17692","8/28/2026 3:39:48 PM","8/28/2026 3:39:48 PM",
"894","18.17692","8/28/2026 3:39:48 PM","8/28/2026 3:39:48 PM",
"895","18.17716","8/28/2026 3:39:48 PM","8/28/2026 3:39:48 PM",
"896","18.17716","8/28/2026 3:39:48 PM","8/28/2026 3:39:48 PM",
"897","18.17661","8/28/2026 3:39:48 PM","8/28/2026 3:39:48 PM",
"898","18.17661","8/28/2026 3:39:48 PM","8/28/2026 3:39:48 PM",
"899","18.17643","8/28/2026 3:39:48 PM","8/28/2026 3:39:48 PM",
"900","18.17643","8/28/2026 3:39:48 PM","8/28/2026 3:39:48 PM",
"901","18.1773","8/28/2026 3:39:48 PM","8/28/2026 3:39:48 PM",
"902","18.1773","8/28/2026 3:39:48 PM","8/28/2026 3:39:48 PM",
"903","18.17664","8/28/2026 3:39:48 PM","8/28/2026 3:39:48 PM",
"904","18.17664","8/28/2026 3:39:48 PM","8/28/2026 3:39:48 PM",
"905","18.17642","8/28/2026 3:39:48 PM","8/28/2026 3:39:48 PM",
"906","18.17642","8/28/2026 3:39:48 PM","8/28/2026 3:39:48 PM",
"907","18.1755","8/28/2026 3:39:48 PM","8/28/2026 3:39:48 PM",
"908","18.1755","8/28/2026 3:39:48 PM","8/28/2026 3:39:48 PM",
"909","18.17698","8/28/2026 3:39:48 PM","8/28/2026 3:39:48 PM",
"910","18.17698","8/28/2026 3:39:48 PM","8/28/2026 3:39:48 PM",
"911","18.1766","8/28/2026 3:39:48 PM","8/28/2026 3:39:48 PM",
"912","18.1766","8/28/2026 3:39:48 PM","8/28/2026 3:39:48 PM",
"913","18.17866","8/28/2026 3:39:48 PM","8/28/2026 3:39:48 PM",
"914","18.17866","8/28/2026 3:39:48 PM","8/28/2026 3:39:48 PM",
"915","18.1755","8/28/2026 3:39:48 PM","8/28/2026 3:39:48 PM",
"916","18.1755","8/28/2026 3:39:48 PM","8/28/2026 3:39:48 PM",
"917","18.17677","8/28/2026 3:39:48 PM","8/28/2026 3:39:48 PM",
"918","18.17677","8/28/2026 3:39:48 PM","8/28/2026 3:39:48 PM",
"919","18.17685","8/28/2026 3:39:48 PM","8/28/2026 3:39:48 PM",
"920","18.17685","8/28/2026 3:39:48 PM","8/28/2026 3:39:48 PM",
"921","18.17585","8/28/2026 3:39:48 PM","8/28/2026 3:39:48 PM",
"922","18.17585","8/28/2026 3:39:48 PM","8/28/2026 3:39:48 PM",
"923","18.17709","8/28/2026 3:39:48 PM","8/28/2026 3:39:48 PM",
"924","18.17709","8/28/2026 3:39:48 PM","8/28/2026 3:39:48 PM",
"925","18.17547","8/28/2026 3:39:48 PM","8/28/2026 3:39:48 PM",
"926","18.17547","8/28/2026 3:39:48 PM","8/28/2026 3:39:48 PM",
"927","18.17654","8/28/2026 3:39:48 PM","8/28/2026 3:39:48 PM",
"928","18.17654","8/28/2026 3:39:48 PM","8/28/2026 3:39:48 PM",
"929","18.17563","8/28/2026 3:39:48 PM","8/28/2026 3:39:48 PM",
"930","18.17563","8/28/2026 3:39:48 PM","8/28/2026 3:39:48 PM",
"931","18.17774","8/28/2026 3:39:48 PM","8/28/2026 3:39:48 PM",
"932","18.17774","8/28/2026 3:39:48 PM","8/28/2026 3:39:48 PM",
"933","18.17567","8/28/2026 3:39:48 PM","8/28/2026 3:39:48 PM",
"934","18.17567","8/28/2026 3:39:48 PM","8/28/2026 3:39:48 PM",
"935","18.1778","8/28/2026 3:39:48 PM","8/28/2026 3:39:48 PM",
"936","18.1778","8/28/2026 3:39:48 PM","8/28/2026 3:39:48 PM",
"937","18.17571","8/28/2026 3:39:48 PM","8/28/2026 3:39:48 PM",
"938","18.17571","8/28/2026 3:39:48 PM","8/28/2026 3:39:48 PM",
"939","18.17719","8/28/2026 3:39:48 PM","8/28/2026 3:39:48 PM",
"940","18.17719","8/28/2026 3:39:48 PM","8/28/2026 3:39:48 PM",
"941","18.17622","8/28/2026 3:39:48 PM","8/28/2026 3:39:48 PM",
"942","18.17622","8/28/2026 3:39:48 PM","8/28/2026 3:39:48 PM",
"943","18.17737","8/28/2026 3:39:48 PM","8/28/2026 3:39:48 PM",
"944","18.17737","8/28/2026 3:39:48 PM","8/28/2026 3:39:48 PM",
"945","18.17656","8/28/2026 3:39:48 PM","8/28/2026 3:39:48 PM",
"946","18.17656","8/28/2026 3:39:48 PM","8/28/2026 3:39:48 PM",
"947","18.17603","8/28/2026 3:39:48 PM","8/28/2026 3:39:48 PM",
"948","18.17603","8/28/2026 3:39:48 PM","8/28/2026 3:39:48 PM",
"949","18.17641","8/28/2026 3:39:48 PM","8/28/2026 3:39:48 PM",
"950","18.17641","8/28/2026 3:39:48 PM","8/28/2026 3:39:48 PM",
"951","18.17546","8/28/2026 3:39:48 PM","8/28/2026 3:39:48 PM",
"952","18.17546","8/28/2026 3:39:48 PM","8/28/2026 3:39:48 PM",
"953","18.1756","8/28/2026 3:39:48 PM","8/28/2026 3:39:48 PM",
"954","18.1756","8/28/2026 3:39:48 PM","8/28/2026 3:39:48 PM",
"955","18.17536","8/28/2026 3:39:48 PM","8/28/2026 3:39:48 PM",
"956","18.17536","8/28/2026 3:39:48 PM","8/28/2026 3:39:48 PM",
"957","18.17671","8/28/2026 3:39:48 PM","8/28/2026 3:39:48 PM",
"958","18.17671","8/28/2026 3:39:48 PM","8/28/2026 3:39:48 PM",
"959","18.17574","8/28/2026 3:39:48 PM","8/28/2026 3:39:48 PM",
"960","18.17574","8/28/2026 3:39:48 PM","8/28/2026 3:39:48 PM",
"961","18.17647","8/28/2026 3:39:48 PM","8/28/2026 3:39:48 PM",
"962","18.17647","8/28/2026 3:39:48 PM","8/28/2026 3:39:48 PM",
"963","18.17629","8/28/2026 3:39:48 PM","8/28/2026 3:39:48 PM",
"964","18.17629","8/28/2026 3:39:48 PM","8/28/2026 3:39:48 PM",
"965","18.17621","8/28/2026 3:39:48 PM","8/28/2026 3:39:48 PM",
"966","18.17621","8/28/2026 3:39:48 PM","8/28/2026 3:39:48 PM",
"967","18.17621","8/28/2026 3:39:48 PM","8/28/2026 3:39:48 PM",
"968","18.17621","8/28/2026 3:39:48 PM","8/28/2026 3:39:48 PM",
"969","18.17691","8/28/2026 3:39:49 PM","8/28/2026 3:39:49 PM",
"970","18.17691","8/28/2026 3:39:49 PM","8/28/2026 3:39:49 PM",
"971","18.17626","8/28/2026 3:39:49 PM","8/28/2026 3:39:49 PM",
"972","18.17626","8/28/2026 3:39:49 PM","8/28/2026 3:39:49 PM",
"973","18.17596","8/28/2026 3:39:49 PM","8/28/2026 3:39:49 PM",
"974","18.17596","8/28/2026 3:39:49 PM","8/28/2026 3:39:49 PM",
"975","18.17659","8/28/2026 3:39:49 PM","8/28/2026 3:39:49 PM",
"976","18.17659","8/28/2026 3:39:49 PM","8/28/2026 3:39:49 PM",
"977","18.17661","8/28/2026 3:39:49 PM","8/28/2026 3:39:49 PM",
"978","18.17661","8/28/2026 3:39:49 PM","8/28/2026 3:39:49 PM",
"979","18.17651","8/28/2026 3:39:49 PM","8/28/2026 3:39:49 PM",
"980","18.17651","8/28/2026 3:39:49 PM","8/28/2026 3:39:49 PM",
"981","18.17604","8/28/2026 3:39:49 PM","8/28/2026 3:39:49 PM",
"982","18.17604","8/28/2026 3:39:49 PM","8/28/2026 3:39:49 PM",
"983","18.17686","8/28/2026 3:39:49 PM","8/28/2026 3:39:49 PM",
"984","18.17686","8/28/2026 3:39:49 PM","8/28/2026 3:39:49 PM",
"985","18.17744","8/28/2026 3:39:49 PM","8/28/2026 3:39:49 PM",
"986","18.17744","8/28/2026 3:39:49 PM","8/28/2026 3:39:49 PM",
"987","18.17585","8/28/2026 3:39:49 PM","8/28/2026 3:39:49 PM",
"988","18.17585","8/28/2026 3:39:49 PM","8/28/2026 3:39:49 PM",
"989","18.17738","8/28/2026 3:39:49 PM","8/28/2026 3:39:49 PM",
"990","18.17738","8/28/2026 3:39:49 PM","8/28/2026 3:39:49 PM",
"991","18.1766","8/28/2026 3:39:49 PM","8/28/2026 3:39:49 PM",
"992","18.1766","8/28/2026 3:39:49 PM","8/28/2026 3:39:49 PM",
"993","18.1765","8/28/2026 3:39:49 PM","8/28/2026 3:39:49 PM",
"994","18.1765","8/28/2026 3:39:49 PM","8/28/2026 3:39:49 PM",
"995","18.17623","8/28/2026 3:39:49 PM","8/28/2026 3:39:49 PM",
"996","18.17623","8/28/2026 3:39:49 PM","8/28/2026 3:39:49 PM",
"997","18.17732","8/28/2026 3:39:49 PM","8/28/2026 3:39:49 PM",
"998","18.17732","8/28/2026 3:39:49 PM","8/28/2026 3:39:49 PM",
"999","18.1768","8/28/2026 3:39:49 PM","8/28/2026 3:39:49 PM",
"1000","18.1768","8/28/2026 3:39:49 PM","8/28/2026 3:39:49 PM",
"1001","18.17565","8/28/2026 3:39:49 PM","8/28/2026 3:39:49 PM",
"1002","18.17565","8/28/2026 3:39:49 PM","8/28/2026 3:39:49 PM",
"1003","18.17612","8/28/2026 3:39:49 PM","8/28/2026 3:39:49 PM",
"1004","18.17612","8/28/2026 3:39:49 PM","8/28/2026 3:39:49 PM",
"1005","18.17646","8/28/2026 3:39:49 PM","8/28/2026 3:39:49 PM",
"1006","18.17646","8/28/2026 3:39:49 PM","8/28/2026 3:39:49 PM",
"1007","18.17683","8/28/2026 3:39:49 PM","8/28/2026 3:39:49 PM",
"1008","18.17683","8/28/2026 3:39:49 PM","8/28/2026 3:39:49 PM",
"1009","18.17735","8/28/2026 3:39:49 PM","8/28/2026 3:39:49 PM",
"1010","18.17735","8/28/2026 3:39:49 PM","8/28/2026 3:39:49 PM",
"1011","18.17701","8/28/2026 3:39:49 PM","8/28/2026 3:39:49 PM",
"1012","18.17701","8/28/2026 3:39:49 PM","8/28/2026 3:39:49 PM",
"1013","18.17726","8/28/2026 3:39:49 PM","8/28/2026 3:39:49 PM",
"1014","18.17726","8/28/2026 3:39:49 PM","8/28/2026 3:39:49 PM",
"1015","18.1766","8/28/2026 3:39:49 PM","8/28/2026 3:39:49 PM",
"1016","18.1766","8/28/2026 3:39:49 PM","8/28/2026 3:39:49 PM",
"1017","18.17668","8/28/2026 3:39:49 PM","8/28/2026 3:39:49 PM",
"1018","18.17668","8/28/2026 3:39:49 PM","8/28/2026 3:39:49 PM",
"1019","18.17665","8/28/2026 3:39:49 PM","8/28/2026 3:39:49 PM",
"1020","18.17665","8/28/2026 3:39:49 PM","8/28/2026 3:39:49 PM",
"1021","18.17673","8/28/2026 3:39:49 PM","8/28/2026 3:39:49 PM",
"1022","18.17673","8/28/2026 3:39:49 PM","8/28/2026 3:39:49 PM",
"1023","18.17669","8/28/2026 3:39:49 PM","8/28/2026 3:39:49 PM",
"1024","18.17669","8/28/2026 3:39:49 PM","8/28/2026 3:39:49 PM",
"1025","18.17663","8/28/2026 3:39:49 PM","8/28/2026 3:39:49 PM",
"1026","18.17663","8/28/2026 3:39:49 PM","8/28/2026 3:39:49 PM",
"1027","18.17645","8/28/2026 3:39:49 PM","8/28/2026 3:39:49 PM",
"1028","18.17645","8/28/2026 3:39:49 PM","8/28/2026 3:39:49 PM",
"1029","18.1762","8/28/2026 3:39:49 PM","8/28/2026 3:39:49 PM",
"1030","18.1762","8/28/2026 3:39:49 PM","8/28/2026 3:39:49 PM",
"1031","18.17599","8/28/2026 3:39:49 PM","8/28/2026 3:39:49 PM",
"1032","18.17599","8/28/2026 3:39:49 PM","8/28/2026 3:39:49 PM",
"1033","18.17698","8/28/2026 3:39:49 PM","8/28/2026 3:39:49 PM",
"1034","18.17698","8/28/2026 3:39:49 PM","8/28/2026 3:39:49 PM",
"1035","18.17697","8/28/2026 3:39:49 PM","8/28/2026 3:39:49 PM",
"1036","18.17697","8/28/2026 3:39:49 PM","8/28/2026 3:39:49 PM",
"1037","18.17632","8/28/2026 3:39:49 PM","8/28/2026 3:39:49 PM",
"1038","18.17632","8/28/2026 3:39:49 PM","8/28/2026 3:39:49 PM",
"1039","18.17644","8/28/2026 3:39:49 PM","8/28/2026 3:39:49 PM",
"1040","18.17644","8/28/2026 3:39:49 PM","8/28/2026 3:39:49 PM",
"1041","18.17638","8/28/2026 3:39:49 PM","8/28/2026 3:39:49 PM",
"1042","18.17638","8/28/2026 3:39:49 PM","8/28/2026 3:39:49 PM",
"1043","18.17636","8/28/2026 3:39:49 PM","8/28/2026 3:39:49 PM",
"1044","18.17636","8/28/2026 3:39:49 PM","8/28/2026 3:39:49 PM",
"1045","18.17616","8/28/2026 3:39:49 PM","8/28/2026 3:39:49 PM",
"1046","18.17616","8/28/2026 3:39:49 PM","8/28/2026 3:39:49 PM",
"1047","18.17616","8/28/2026 3:39:49 PM","8/28/2026 3:39:49 PM",
"1048","18.17656","8/28/2026 3:39:49 PM","8/28/2026 3:39:49 PM",
"1049","18.17656","8/28/2026 3:39:49 PM","8/28/2026 3:39:49 PM",
"1050","18.17673","8/28/2026 3:39:49 PM","8/28/2026 3:39:49 PM",
"1051","18.17673","8/28/2026 3:39:49 PM","8/28/2026 3:39:49 PM",
"1052","18.1774","8/28/2026 3:39:49 PM","8/28/2026 3:39:49 PM",
"1053","18.1774","8/28/2026 3:39:49 PM","8/28/2026 3:39:49 PM",
"1054","18.17654","8/28/2026 3:39:49 PM","8/28/2026 3:39:49 PM",
"1055","18.17654","8/28/2026 3:39:49 PM","8/28/2026 3:39:49 PM",
"1056","18.17649","8/28/2026 3:39:49 PM","8/28/2026 3:39:49 PM",
"1057","18.17649","8/28/2026 3:39:49 PM","8/28/2026 3:39:49 PM",
"1058","18.17657","8/28/2026 3:39:49 PM","8/28/2026 3:39:49 PM",
"1059","18.17657","8/28/2026 3:39:49 PM","8/28/2026 3:39:49 PM",
"1060","18.17691","8/28/2026 3:39:49 PM","8/28/2026 3:39:49 PM",
"1061","18.17691","8/28/2026 3:39:49 PM","8/28/2026 3:39:49 PM",
"1062","18.17583","8/28/2026 3:39:49 PM","8/28/2026 3:39:49 PM",
"1063","18.17583","8/28/2026 3:39:49 PM","8/28/2026 3:39:49 PM",
"1064","18.17715","8/28/2026 3:39:49 PM","8/28/2026 3:39:49 PM",
"1065","18.17715","8/28/2026 3:39:49 PM","8/28/2026 3:39:49 PM",
"1066","18.17588","8/28/2026 3:39:49 PM","8/28/2026 3:39:49 PM",
"1067","18.17588","8/28/2026 3:39:49 PM","8/28/2026 3:39:49 PM",
"1068","18.17579","8/28/2026 3:39:49 PM","8/28/2026 3:39:49 PM",
"1069","18.17579","8/28/2026 3:39:50 PM","8/28/2026 3:39:50 PM",
"1070","18.17589","8/28/2026 3:39:50 PM","8/28/2026 3:39:50 PM",
"1071","18.17589","8/28/2026 3:39:50 PM","8/28/2026 3:39:50 PM",
"1072","18.17654","8/28/2026 3:39:50 PM","8/28/2026 3:39:50 PM",
"1073","18.17654","8/28/2026 3:39:50 PM","8/28/2026 3:39:50 PM",
"1074","18.17645","8/28/2026 3:39:50 PM","8/28/2026 3:39:50 PM",
"1075","18.17645","8/28/2026 3:39:50 PM","8/28/2026 3:39:50 PM",
"1076","18.17618","8/28/2026 3:39:50 PM","8/28/2026 3:39:50 PM",
"1077","18.17618","8/28/2026 3:39:50 PM","8/28/2026 3:39:50 PM",
"1078","18.17618","8/28/2026 3:39:50 PM","8/28/2026 3:39:50 PM",
"1079","18.17618","8/28/2026 3:39:50 PM","8/28/2026 3:39:50 PM",
"1080","18.17605","8/28/2026 3:39:50 PM","8/28/2026 3:39:50 PM",
"1081","18.17605","8/28/2026 3:39:50 PM","8/28/2026 3:39:50 PM",
"1082","18.17615","8/28/2026 3:39:50 PM","8/28/2026 3:39:50 PM",
"1083","18.17615","8/28/2026 3:39:50 PM","8/28/2026 3:39:50 PM",
"1084","18.17635","8/28/2026 3:39:50 PM","8/28/2026 3:39:50 PM",
"1085","18.17635","8/28/2026 3:39:50 PM","8/28/2026 3:39:50 PM",
"1086","18.17653","8/28/2026 3:39:50 PM","8/28/2026 3:39:50 PM",
"1087","18.17653","8/28/2026 3:39:50 PM","8/28/2026 3:39:50 PM",
"1088","18.17682","8/28/2026 3:39:50 PM","8/28/2026 3:39:50 PM",
"1089","18.17682","8/28/2026 3:39:50 PM","8/28/2026 3:39:50 PM",
"1090","18.17643","8/28/2026 3:39:50 PM","8/28/2026 3:39:50 PM",
"1091","18.17643","8/28/2026 3:39:50 PM","8/28/2026 3:39:50 PM",
"1092","18.17703","8/28/2026 3:39:50 PM","8/28/2026 3:39:50 PM",
"1093","18.17703","8/28/2026 3:39:50 PM","8/28/2026 3:39:50 PM",
"1094","18.17607","8/28/2026 3:39:50 PM","8/28/2026 3:39:50 PM",
"1095","18.17607","8/28/2026 3:39:50 PM","8/28/2026 3:39:50 PM",
"1096","18.17723","8/28/2026 3:39:50 PM","8/28/2026 3:39:50 PM",
"1097","18.17723","8/28/2026 3:39:50 PM","8/28/2026 3:39:50 PM",
"1098","18.17695","8/28/2026 3:39:50 PM","8/28/2026 3:39:50 PM",
"1099","18.17695","8/28/2026 3:39:50 PM","8/28/2026 3:39:50 PM",
"1100","18.17713","8/28/2026 3:39:50 PM","8/28/2026 3:39:50 PM",
"1101","18.17713","8/28/2026 3:39:50 PM","8/28/2026 3:39:50 PM",
"1102","18.17649","8/28/2026 3:39:50 PM","8/28/2026 3:39:50 PM",
"1103","18.17649","8/28/2026 3:39:50 PM","8/28/2026 3:39:50 PM",
"1104","18.17741","8/28/2026 3:39:50 PM","8/28/2026 3:39:50 PM",
"1105","18.17741","8/28/2026 3:39:50 PM","8/28/2026 3:39:50 PM",
"1106","18.17708","8/28/2026 3:39:50 PM","8/28/2026 3:39:50 PM",
"1107","18.17708","8/28/2026 3:39:50 PM","8/28/2026 3:39:50 PM",
"1108","18.177","8/28/2026 3:39:50 PM","8/28/2026 3:39:50 PM",
"1109","18.177","8/28/2026 3:39:50 PM","8/28/2026 3:39:50 PM",
"1110","18.17726","8/28/2026 3:39:50 PM","8/28/2026 3:39:50 PM",
"1111","18.17726","8/28/2026 3:39:50 PM","8/28/2026 3:39:50 PM",
"1112","18.17669","8/28/2026 3:39:50 PM","8/28/2026 3:39:50 PM",
"1113","18.17669","8/28/2026 3:39:50 PM","8/28/2026 3:39:50 PM",
"1114","18.17703","8/28/2026 3:39:50 PM","8/28/2026 3:39:50 PM",
"1115","18.17703","8/28/2026 3:39:50 PM","8/28/2026 3:39:50 PM",
"1116","18.17649","8/28/2026 3:39:50 PM","8/28/2026 3:39:50 PM",
"1117","18.17649","8/28/2026 3:39:50 PM","8/28/2026 3:39:50 PM",
"1118","18.17654","8/28/2026 3:39:50 PM","8/28/2026 3:39:50 PM",
"1119","18.17654","8/28/2026 3:39:50 PM","8/28/2026 3:39:50 PM",
"1120","18.17616","8/28/2026 3:39:50 PM","8/28/2026 3:39:50 PM",
"1121","18.17616","8/28/2026 3:39:50 PM","8/28/2026 3:39:50 PM",
"1122","18.17649","8/28/2026 3:39:50 PM","8/28/2026 3:39:50 PM",
"1123","18.17649","8/28/2026 3:39:50 PM","8/28/2026 3:39:50 PM",
"1124","18.17635","8/28/2026 3:39:50 PM","8/28/2026 3:39:50 PM",
"1125","18.17635","8/28/2026 3:39:50 PM","8/28/2026 3:39:50 PM",
"1126","18.17634","8/28/2026 3:39:50 PM","8/28/2026 3:39:50 PM",
"1127","18.17634","8/28/2026 3:39:50 PM","8/28/2026 3:39:50 PM",
"1128","18.17564","8/28/2026 3:39:50 PM","8/28/2026 3:39:50 PM",
"1129","18.17564","8/28/2026 3:39:50 PM","8/28/2026 3:39:50 PM",
"1130","18.17707","8/28/2026 3:39:50 PM","8/28/2026 3:39:50 PM",
"1131","18.17707","8/28/2026 3:39:50 PM","8/28/2026 3:39:50 PM",
"1132","18.17745","8/28/2026 3:39:50 PM","8/28/2026 3:39:50 PM",
"1133","18.17745","8/28/2026 3:39:50 PM","8/28/2026 3:39:50 PM",
"1134","18.17701","8/28/2026 3:39:50 PM","8/28/2026 3:39:50 PM",
"1135","18.17701","8/28/2026 3:39:50 PM","8/28/2026 3:39:50 PM",
"1136","18.17702","8/28/2026 3:39:50 PM","8/28/2026 3:39:50 PM",
"1137","18.17702","8/28/2026 3:39:50 PM","8/28/2026 3:39:50 PM",
"1138","18.17658","8/28/2026 3:39:50 PM","8/28/2026 3:39:50 PM",
"1139","18.17658","8/28/2026 3:39:50 PM","8/28/2026 3:39:50 PM",
"1140","18.17609","8/28/2026 3:39:50 PM","8/28/2026 3:39:50 PM",
"1141","18.17609","8/28/2026 3:39:50 PM","8/28/2026 3:39:50 PM",
"1142","18.17754","8/28/2026 3:39:50 PM","8/28/2026 3:39:50 PM",
"1143","18.17754","8/28/2026 3:39:50 PM","8/28/2026 3:39:50 PM",
"1144","18.17753","8/28/2026 3:39:50 PM","8/28/2026 3:39:50 PM",
"1145","18.17753","8/28/2026 3:39:50 PM","8/28/2026 3:39:50 PM",
"1146","18.17697","8/28/2026 3:39:50 PM","8/28/2026 3:39:50 PM",
"1147","18.17697","8/28/2026 3:39:50 PM","8/28/2026 3:39:50 PM",
"1148","18.1773","8/28/2026 3:39:50 PM","8/28/2026 3:39:50 PM",
"1149","18.1773","8/28/2026 3:39:50 PM","8/28/2026 3:39:50 PM",
"1150","18.17695","8/28/2026 3:39:50 PM","8/28/2026 3:39:50 PM",
"1151","18.17695","8/28/2026 3:39:50 PM","8/28/2026 3:39:50 PM",
"1152","18.17616","8/28/2026 3:39:50 PM","8/28/2026 3:39:50 PM",
"1153","18.17616","8/28/2026 3:39:50 PM","8/28/2026 3:39:50 PM",
"1154","18.17568","8/28/2026 3:39:50 PM","8/28/2026 3:39:50 PM",
"1155","18.17568","8/28/2026 3:39:50 PM","8/28/2026 3:39:50 PM",
"1156","18.17635","8/28/2026 3:39:50 PM","8/28/2026 3:39:50 PM",
"1157","18.17635","8/28/2026 3:39:50 PM","8/28/2026 3:39:50 PM",
"1158","18.17701","8/28/2026 3:39:50 PM","8/28/2026 3:39:50 PM",
"1159","18.17701","8/28/2026 3:39:50 PM","8/28/2026 3:39:50 PM",
"1160","18.17744","8/28/2026 3:39:50 PM","8/28/2026 3:39:50 PM",
"1161","18.17744","8/28/2026 3:39:50 PM","8/28/2026 3:39:50 PM",
"1162","18.17649","8/28/2026 3:39:50 PM","8/28/2026 3:39:50 PM",
"1163","18.17649","8/28/2026 3:39:50 PM","8/28/2026 3:39:50 PM",
"1164","18.17682","8/28/2026 3:39:50 PM","8/28/2026 3:39:50 PM",
"1165","18.17682","8/28/2026 3:39:50 PM","8/28/2026 3:39:50 PM",
"1166","18.17601","8/28/2026 3:39:50 PM","8/28/2026 3:39:50 PM",
"1167","18.17601","8/28/2026 3:39:50 PM","8/28/2026 3:39:50 PM",
"1168","18.1765","8/28/2026 3:39:50 PM","8/28/2026 3:39:50 PM",
"1169","18.1765","8/28/2026 3:39:51 PM","8/28/2026 3:39:51 PM",
"1170","18.17605","8/28/2026 3:39:51 PM","8/28/2026 3:39:51 PM",
"1171","18.17605","8/28/2026 3:39:51 PM","8/28/2026 3:39:51 PM",
"1172","18.17647","8/28/2026 3:39:51 PM","8/28/2026 3:39:51 PM",
"1173","18.17647","8/28/2026 3:39:51 PM","8/28/2026 3:39:51 PM",
"1174","18.17642","8/28/2026 3:39:51 PM","8/28/2026 3:39:51 PM",
"1175","18.17642","8/28/2026 3:39:51 PM","8/28/2026 3:39:51 PM",
"1176","18.17633","8/28/2026 3:39:51 PM","8/28/2026 3:39:51 PM",
"1177","18.17633","8/28/2026 3:39:51 PM","8/28/2026 3:39:51 PM",
"1178","18.17731","8/28/2026 3:39:51 PM","8/28/2026 3:39:51 PM",
"1179","18.17731","8/28/2026 3:39:51 PM","8/28/2026 3:39:51 PM",
"1180","18.1768","8/28/2026 3:39:51 PM","8/28/2026 3:39:51 PM",
"1181","18.1768","8/28/2026 3:39:51 PM","8/28/2026 3:39:51 PM",
"1182","18.17731","8/28/2026 3:39:51 PM","8/28/2026 3:39:51 PM",
"1183","18.17731","8/28/2026 3:39:51 PM","8/28/2026 3:39:51 PM",
"1184","18.17727","8/28/2026 3:39:51 PM","8/28/2026 3:39:51 PM",
"1185","18.17727","8/28/2026 3:39:51 PM","8/28/2026 3:39:51 PM",
"1186","18.17786","8/28/2026 3:39:51 PM","8/28/2026 3:39:51 PM",
"1187","18.17786","8/28/2026 3:39:51 PM","8/28/2026 3:39:51 PM",
"1188","18.17717","8/28/2026 3:39:51 PM","8/28/2026 3:39:51 PM",
"1189","18.17717","8/28/2026 3:39:51 PM","8/28/2026 3:39:51 PM",
"1190","18.17665","8/28/2026 3:39:51 PM","8/28/2026 3:39:51 PM",
"1191","18.17665","8/28/2026 3:39:51 PM","8/28/2026 3:39:51 PM",
"1192","18.1764","8/28/2026 3:39:51 PM","8/28/2026 3:39:51 PM",
"1193","18.1764","8/28/2026 3:39:51 PM","8/28/2026 3:39:51 PM",
"1194","18.1756","8/28/2026 3:39:51 PM","8/28/2026 3:39:51 PM",
"1195","18.1756","8/28/2026 3:39:51 PM","8/28/2026 3:39:51 PM",
"1196","18.17636","8/28/2026 3:39:51 PM","8/28/2026 3:39:51 PM",
"1197","18.17636","8/28/2026 3:39:51 PM","8/28/2026 3:39:51 PM",
"1198","18.17631","8/28/2026 3:39:51 PM","8/28/2026 3:39:51 PM",
"1199","18.17631","8/28/2026 3:39:51 PM","8/28/2026 3:39:51 PM",
"1200","18.17663","8/28/2026 3:39:51 PM","8/28/2026 3:39:51 PM",
"1201","18.17663","8/28/2026 3:39:51 PM","8/28/2026 3:39:51 PM",
"1202","18.17733","8/28/2026 3:39:51 PM","8/28/2026 3:39:51 PM",
"1203","18.17733","8/28/2026 3:39:51 PM","8/28/2026 3:39:51 PM",
"1204","18.17638","8/28/2026 3:39:51 PM","8/28/2026 3:39:51 PM",
"1205","18.17638","8/28/2026 3:39:51 PM","8/28/2026 3:39:51 PM",
"1206","18.17627","8/28/2026 3:39:51 PM","8/28/2026 3:39:51 PM",
"1207","18.17627","8/28/2026 3:39:51 PM","8/28/2026 3:39:51 PM",
"1208","18.17656","8/28/2026 3:39:51 PM","8/28/2026 3:39:51 PM",
"1209","18.17656","8/28/2026 3:39:51 PM","8/28/2026 3:39:51 PM",
"1210","18.1764","8/28/2026 3:39:51 PM","8/28/2026 3:39:51 PM",
"1211","18.1764","8/28/2026 3:39:51 PM","8/28/2026 3:39:51 PM",
"1212","18.17828","8/28/2026 3:39:51 PM","8/28/2026 3:39:51 PM",
"1213","18.17828","8/28/2026 3:39:51 PM","8/28/2026 3:39:51 PM",
"1214","18.17735","8/28/2026 3:39:51 PM","8/28/2026 3:39:51 PM",
"1215","18.17735","8/28/2026 3:39:51 PM","8/28/2026 3:39:51 PM",
"1216","18.177","8/28/2026 3:39:51 PM","8/28/2026 3:39:51 PM",
"1217","18.177","8/28/2026 3:39:51 PM","8/28/2026 3:39:51 PM",
"1218","18.17662","8/28/2026 3:39:51 PM","8/28/2026 3:39:51 PM",
"1219","18.17662","8/28/2026 3:39:51 PM","8/28/2026 3:39:51 PM",
"1220","18.17727","8/28/2026 3:39:51 PM","8/28/2026 3:39:51 PM",
"1221","18.17727","8/28/2026 3:39:51 PM","8/28/2026 3:39:51 PM",
"1222","18.17554","8/28/2026 3:39:51 PM","8/28/2026 3:39:51 PM",
"1223","18.17554","8/28/2026 3:39:51 PM","8/28/2026 3:39:51 PM",
"1224","18.17681","8/28/2026 3:39:51 PM","8/28/2026 3:39:51 PM",
"1225","18.17681","8/28/2026 3:39:51 PM","8/28/2026 3:39:51 PM",
"1226","18.17641","8/28/2026 3:39:51 PM","8/28/2026 3:39:51 PM",
"1227","18.17641","8/28/2026 3:39:51 PM","8/28/2026 3:39:51 PM",
"1228","18.17627","8/28/2026 3:39:51 PM","8/28/2026 3:39:51 PM",
"1229","18.17627","8/28/2026 3:39:51 PM","8/28/2026 3:39:51 PM",
"1230","18.17743","8/28/2026 3:39:51 PM","8/28/2026 3:39:51 PM",
"1231","18.17743","8/28/2026 3:39:51 PM","8/28/2026 3:39:51 PM",
"1232","18.17733","8/28/2026 3:39:51 PM","8/28/2026 3:39:51 PM",
"1233","18.17733","8/28/2026 3:39:51 PM","8/28/2026 3:39:51 PM",
"1234","18.17639","8/28/2026 3:39:51 PM","8/28/2026 3:39:51 PM",
"1235","18.17639","8/28/2026 3:39:51 PM","8/28/2026 3:39:51 PM",
"1236","18.17664","8/28/2026 3:39:51 PM","8/28/2026 3:39:51 PM",
"1237","18.17664","8/28/2026 3:39:51 PM","8/28/2026 3:39:51 PM",
"1238","18.17664","8/28/2026 3:39:51 PM","8/28/2026 3:39:51 PM",
"1239","18.17677","8/28/2026 3:39:51 PM","8/28/2026 3:39:51 PM",
"1240","18.17677","8/28/2026 3:39:51 PM","8/28/2026 3:39:51 PM",
"1241","18.17708","8/28/2026 3:39:51 PM","8/28/2026 3:39:51 PM",
"1242","18.17708","8/28/2026 3:39:51 PM","8/28/2026 3:39:51 PM",
"1243","18.17645","8/28/2026 3:39:51 PM","8/28/2026 3:39:51 PM",
"1244","18.17645","8/28/2026 3:39:51 PM","8/28/2026 3:39:51 PM",
"1245","18.17618","8/28/2026 3:39:51 PM","8/28/2026 3:39:51 PM",
"1246","18.17618","8/28/2026 3:39:51 PM","8/28/2026 3:39:51 PM",
"1247","18.17688","8/28/2026 3:39:51 PM","8/28/2026 3:39:51 PM",
"1248","18.17688","8/28/2026 3:39:51 PM","8/28/2026 3:39:51 PM",
"1249","18.17681","8/28/2026 3:39:51 PM","8/28/2026 3:39:51 PM",
"1250","18.17681","8/28/2026 3:39:51 PM","8/28/2026 3:39:51 PM",
"1251","18.17646","8/28/2026 3:39:51 PM","8/28/2026 3:39:51 PM",
"1252","18.17646","8/28/2026 3:39:51 PM","8/28/2026 3:39:51 PM",
"1253","18.17716","8/28/2026 3:39:51 PM","8/28/2026 3:39:51 PM",
"1254","18.17716","8/28/2026 3:39:51 PM","8/28/2026 3:39:51 PM",
"1255","18.177","8/28/2026 3:39:51 PM","8/28/2026 3:39:51 PM",
"1256","18.177","8/28/2026 3:39:51 PM","8/28/2026 3:39:51 PM",
"1257","18.17638","8/28/2026 3:39:51 PM","8/28/2026 3:39:51 PM",
"1258","18.17638","8/28/2026 3:39:51 PM","8/28/2026 3:39:51 PM",
"1259","18.17625","8/28/2026 3:39:51 PM","8/28/2026 3:39:51 PM",
"1260","18.17625","8/28/2026 3:39:51 PM","8/28/2026 3:39:51 PM",
"1261","18.17653","8/28/2026 3:39:51 PM","8/28/2026 3:39:51 PM",
"1262","18.17653","8/28/2026 3:39:51 PM","8/28/2026 3:39:51 PM",
"1263","18.17655","8/28/2026 3:39:51 PM","8/28/2026 3:39:51 PM",
"1264","18.17655","8/28/2026 3:39:51 PM","8/28/2026 3:39:51 PM",
"1265","18.17647","8/28/2026 3:39:51 PM","8/28/2026 3:39:51 PM",
"1266","18.17647","8/28/2026 3:39:51 PM","8/28/2026 3:39:51 PM",
"1267","18.17735","8/28/2026 3:39:51 PM","8/28/2026 3:39:51 PM",
"1268","18.17735","8/28/2026 3:39:51 PM","8/28/2026 3:39:51 PM",
"1269","18.1768","8/28/2026 3:39:52 PM","8/28/2026 3:39:52 PM",
"1270","18.1768","8/28/2026 3:39:52 PM","8/28/2026 3:39:52 PM",
"1271","18.17698","8/28/2026 3:39:52 PM","8/28/2026 3:39:52 PM",
"1272","18.17698","8/28/2026 3:39:52 PM","8/28/2026 3:39:52 PM",
"1273","18.17639","8/28/2026 3:39:52 PM","8/28/2026 3:39:52 PM",
"1274","18.17639","8/28/2026 3:39:52 PM","8/28/2026 3:39:52 PM",
"1275","18.17708","8/28/2026 3:39:52 PM","8/28/2026 3:39:52 PM",
"1276","18.17708","8/28/2026 3:39:52 PM","8/28/2026 3:39:52 PM",
"1277","18.17706","8/28/2026 3:39:52 PM","8/28/2026 3:39:52 PM",
"1278","18.17706","8/28/2026 3:39:52 PM","8/28/2026 3:39:52 PM",
"1279","18.17751","8/28/2026 3:39:52 PM","8/28/2026 3:39:52 PM",
"1280","18.17751","8/28/2026 3:39:52 PM","8/28/2026 3:39:52 PM",
"1281","18.17758","8/28/2026 3:39:52 PM","8/28/2026 3:39:52 PM",
"1282","18.17758","8/28/2026 3:39:52 PM","8/28/2026 3:39:52 PM",
"1283","18.17617","8/28/2026 3:39:52 PM","8/28/2026 3:39:52 PM",
"1284","18.17617","8/28/2026 3:39:52 PM","8/28/2026 3:39:52 PM",
"1285","18.17732","8/28/2026 3:39:52 PM","8/28/2026 3:39:52 PM",
"1286","18.17732","8/28/2026 3:39:52 PM","8/28/2026 3:39:52 PM",
"1287","18.17681","8/28/2026 3:39:52 PM","8/28/2026 3:39:52 PM",
"1288","18.17681","8/28/2026 3:39:52 PM","8/28/2026 3:39:52 PM",
"1289","18.17711","8/28/2026 3:39:52 PM","8/28/2026 3:39:52 PM",
"1290","18.17711","8/28/2026 3:39:52 PM","8/28/2026 3:39:52 PM",
"1291","18.17697","8/28/2026 3:39:52 PM","8/28/2026 3:39:52 PM",
"1292","18.17697","8/28/2026 3:39:52 PM","8/28/2026 3:39:52 PM",
"1293","18.17674","8/28/2026 3:39:52 PM","8/28/2026 3:39:52 PM",
"1294","18.17674","8/28/2026 3:39:52 PM","8/28/2026 3:39:52 PM",
"1295","18.17704","8/28/2026 3:39:52 PM","8/28/2026 3:39:52 PM",
"1296","18.17704","8/28/2026 3:39:52 PM","8/28/2026 3:39:52 PM",
"1297","18.1776","8/28/2026 3:39:52 PM","8/28/2026 3:39:52 PM",
"1298","18.1776","8/28/2026 3:39:52 PM","8/28/2026 3:39:52 PM",
"1299","18.17741","8/28/2026 3:39:52 PM","8/28/2026 3:39:52 PM",
"1300","18.17741","8/28/2026 3:39:52 PM","8/28/2026 3:39:52 PM",
"1301","18.17773","8/28/2026 3:39:52 PM","8/28/2026 3:39:52 PM",
"1302","18.17773","8/28/2026 3:39:52 PM","8/28/2026 3:39:52 PM",
"1303","18.17697","8/28/2026 3:39:52 PM","8/28/2026 3:39:52 PM",
"1304","18.17697","8/28/2026 3:39:52 PM","8/28/2026 3:39:52 PM",
"1305","18.17752","8/28/2026 3:39:52 PM","8/28/2026 3:39:52 PM",
"1306","18.17752","8/28/2026 3:39:52 PM","8/28/2026 3:39:52 PM",
"1307","18.17659","8/28/2026 3:39:52 PM","8/28/2026 3:39:52 PM",
"1308","18.17659","8/28/2026 3:39:52 PM","8/28/2026 3:39:52 PM",
"1309","18.17701","8/28/2026 3:39:52 PM","8/28/2026 3:39:52 PM",
"1310","18.17701","8/28/2026 3:39:52 PM","8/28/2026 3:39:52 PM",
"1311","18.17692","8/28/2026 3:39:52 PM","8/28/2026 3:39:52 PM",
"1312","18.17692","8/28/2026 3:39:52 PM","8/28/2026 3:39:52 PM",
"1313","18.17759","8/28/2026 3:39:52 PM","8/28/2026 3:39:52 PM",
"1314","18.17759","8/28/2026 3:39:52 PM","8/28/2026 3:39:52 PM",
"1315","18.17715","8/28/2026 3:39:52 PM","8/28/2026 3:39:52 PM",
"1316","18.17715","8/28/2026 3:39:52 PM","8/28/2026 3:39:52 PM",
"1317","18.17656","8/28/2026 3:39:52 PM","8/28/2026 3:39:52 PM",
"1318","18.17656","8/28/2026 3:39:52 PM","8/28/2026 3:39:52 PM",
"1319","18.17668","8/28/2026 3:39:52 PM","8/28/2026 3:39:52 PM",
"1320","18.17668","8/28/2026 3:39:52 PM","8/28/2026 3:39:52 PM",
"1321","18.17692","8/28/2026 3:39:52 PM","8/28/2026 3:39:52 PM",
"1322","18.17692","8/28/2026 3:39:52 PM","8/28/2026 3:39:52 PM",
"1323","18.17667","8/28/2026 3:39:52 PM","8/28/2026 3:39:52 PM",
"1324","18.17667","8/28/2026 3:39:52 PM","8/28/2026 3:39:52 PM",
"1325","18.17675","8/28/2026 3:39:52 PM","8/28/2026 3:39:52 PM",
"1326","18.17675","8/28/2026 3:39:52 PM","8/28/2026 3:39:52 PM",
"1327","18.17679","8/28/2026 3:39:52 PM","8/28/2026 3:39:52 PM",
"1328","18.17679","8/28/2026 3:39:52 PM","8/28/2026 3:39:52 PM",
"1329","18.17654","8/28/2026 3:39:52 PM","8/28/2026 3:39:52 PM",
"1330","18.17654","8/28/2026 3:39:52 PM","8/28/2026 3:39:52 PM",
"1331","18.17713","8/28/2026 3:39:52 PM","8/28/2026 3:39:52 PM",
"1332","18.17713","8/28/2026 3:39:52 PM","8/28/2026 3:39:52 PM",
"1333","18.17695","8/28/2026 3:39:52 PM","8/28/2026 3:39:52 PM",
"1334","18.17695","8/28/2026 3:39:52 PM","8/28/2026 3:39:52 PM",
"1335","18.17577","8/28/2026 3:39:52 PM","8/28/2026 3:39:52 PM",
"1336","18.17577","8/28/2026 3:39:52 PM","8/28/2026 3:39:52 PM",
"1337","18.1762","8/28/2026 3:39:52 PM","8/28/2026 3:39:52 PM",
"1338","18.1762","8/28/2026 3:39:52 PM","8/28/2026 3:39:52 PM",
"1339","18.17647","8/28/2026 3:39:52 PM","8/28/2026 3:39:52 PM",
"1340","18.17647","8/28/2026 3:39:52 PM","8/28/2026 3:39:52 PM",
"1341","18.17675","8/28/2026 3:39:52 PM","8/28/2026 3:39:52 PM",
"1342","18.17675","8/28/2026 3:39:52 PM","8/28/2026 3:39:52 PM",
"1343","18.17767","8/28/2026 3:39:52 PM","8/28/2026 3:39:52 PM",
"1344","18.17767","8/28/2026 3:39:52 PM","8/28/2026 3:39:52 PM",
"1345","18.17715","8/28/2026 3:39:52 PM","8/28/2026 3:39:52 PM",
"1346","18.17715","8/28/2026 3:39:52 PM","8/28/2026 3:39:52 PM",
"1347","18.17681","8/28/2026 3:39:52 PM","8/28/2026 3:39:52 PM",
"1348","18.17681","8/28/2026 3:39:52 PM","8/28/2026 3:39:52 PM",
"1349","18.17669","8/28/2026 3:39:52 PM","8/28/2026 3:39:52 PM",
"1350","18.17669","8/28/2026 3:39:52 PM","8/28/2026 3:39:52 PM",
"1351","18.17695","8/28/2026 3:39:52 PM","8/28/2026 3:39:52 PM",
"1352","18.17695","8/28/2026 3:39:52 PM","8/28/2026 3:39:52 PM",
"1353","18.17668","8/28/2026 3:39:52 PM","8/28/2026 3:39:52 PM",
"1354","18.17668","8/28/2026 3:39:52 PM","8/28/2026 3:39:52 PM",
"1355","18.17691","8/28/2026 3:39:52 PM","8/28/2026 3:39:52 PM",
"1356","18.17691","8/28/2026 3:39:52 PM","8/28/2026 3:39:52 PM",
"1357","18.17681","8/28/2026 3:39:52 PM","8/28/2026 3:39:52 PM",
"1358","18.17681","8/28/2026 3:39:52 PM","8/28/2026 3:39:52 PM",
"1359","18.17622","8/28/2026 3:39:52 PM","8/28/2026 3:39:52 PM",
"1360","18.17622","8/28/2026 3:39:52 PM","8/28/2026 3:39:52 PM",
"1361","18.17677","8/28/2026 3:39:52 PM","8/28/2026 3:39:52 PM",
"1362","18.17677","8/28/2026 3:39:52 PM","8/28/2026 3:39:52 PM",
"1363","18.17643","8/28/2026 3:39:52 PM","8/28/2026 3:39:52 PM",
"1364","18.17643","8/28/2026 3:39:52 PM","8/28/2026 3:39:52 PM",
"1365","18.1762","8/28/2026 3:39:52 PM","8/28/2026 3:39:52 PM",
"1366","18.1762","8/28/2026 3:39:52 PM","8/28/2026 3:39:52 PM",
"1367","18.17696","8/28/2026 3:39:52 PM","8/28/2026 3:39:52 PM",
"1368","18.17696","8/28/2026 3:39:52 PM","8/28/2026 3:39:52 PM",
"1369","18.17704","8/28/2026 3:39:53 PM","8/28/2026 3:39:53 PM",
"1370","18.17704","8/28/2026 3:39:53 PM","8/28/2026 3:39:53 PM",
"1371","18.17645","8/28/2026 3:39:53 PM","8/28/2026 3:39:53 PM",
"1372","18.17645","8/28/2026 3:39:53 PM","8/28/2026 3:39:53 PM",
"1373","18.17598","8/28/2026 3:39:53 PM","8/28/2026 3:39:53 PM",
"1374","18.17598","8/28/2026 3:39:53 PM","8/28/2026 3:39:53 PM",
"1375","18.17608","8/28/2026 3:39:53 PM","8/28/2026 3:39:53 PM",
"1376","18.17608","8/28/2026 3:39:53 PM","8/28/2026 3:39:53 PM",
"1377","18.17649","8/28/2026 3:39:53 PM","8/28/2026 3:39:53 PM",
"1378","18.17649","8/28/2026 3:39:53 PM","8/28/2026 3:39:53 PM",
"1379","18.17613","8/28/2026 3:39:53 PM","8/28/2026 3:39:53 PM",
"1380","18.17613","8/28/2026 3:39:53 PM","8/28/2026 3:39:53 PM",
"1381","18.17679","8/28/2026 3:39:53 PM","8/28/2026 3:39:53 PM",
"1382","18.17679","8/28/2026 3:39:53 PM","8/28/2026 3:39:53 PM",
"1383","18.17675","8/28/2026 3:39:53 PM","8/28/2026 3:39:53 PM",
"1384","18.17675","8/28/2026 3:39:53 PM","8/28/2026 3:39:53 PM",
"1385","18.17715","8/28/2026 3:39:53 PM","8/28/2026 3:39:53 PM",
"1386","18.17715","8/28/2026 3:39:53 PM","8/28/2026 3:39:53 PM",
"1387","18.17685","8/28/2026 3:39:53 PM","8/28/2026 3:39:53 PM",
"1388","18.17685","8/28/2026 3:39:53 PM","8/28/2026 3:39:53 PM",
"1389","18.17755","8/28/2026 3:39:53 PM","8/28/2026 3:39:53 PM",
"1390","18.17755","8/28/2026 3:39:53 PM","8/28/2026 3:39:53 PM",
"1391","18.17739","8/28/2026 3:39:53 PM","8/28/2026 3:39:53 PM",
"1392","18.17739","8/28/2026 3:39:53 PM","8/28/2026 3:39:53 PM",
"1393","18.17724","8/28/2026 3:39:53 PM","8/28/2026 3:39:53 PM",
"1394","18.17724","8/28/2026 3:39:53 PM","8/28/2026 3:39:53 PM",
"1395","18.17713","8/28/2026 3:39:53 PM","8/28/2026 3:39:53 PM",
"1396","18.17713","8/28/2026 3:39:53 PM","8/28/2026 3:39:53 PM",
"1397","18.17688","8/28/2026 3:39:53 PM","8/28/2026 3:39:53 PM",
"1398","18.17688","8/28/2026 3:39:53 PM","8/28/2026 3:39:53 PM",
"1399","18.17751","8/28/2026 3:39:53 PM","8/28/2026 3:39:53 PM",
"1400","18.17751","8/28/2026 3:39:53 PM","8/28/2026 3:39:53 PM",
"1401","18.17703","8/28/2026 3:39:53 PM","8/28/2026 3:39:53 PM",
"1402","18.17703","8/28/2026 3:39:53 PM","8/28/2026 3:39:53 PM",
"1403","18.17754","8/28/2026 3:39:53 PM","8/28/2026 3:39:53 PM",
"1404","18.17754","8/28/2026 3:39:53 PM","8/28/2026 3:39:53 PM",
"1405","18.17742","8/28/2026 3:39:53 PM","8/28/2026 3:39:53 PM",
"1406","18.17742","8/28/2026 3:39:53 PM","8/28/2026 3:39:53 PM",
"1407","18.17765","8/28/2026 3:39:53 PM","8/28/2026 3:39:53 PM",
"1408","18.17765","8/28/2026 3:39:53 PM","8/28/2026 3:39:53 PM",
"1409","18.17707","8/28/2026 3:39:53 PM","8/28/2026 3:39:53 PM",
"1410","18.17707","8/28/2026 3:39:53 PM","8/28/2026 3:39:53 PM",
"1411","18.17704","8/28/2026 3:39:53 PM","8/28/2026 3:39:53 PM",
"1412","18.17704","8/28/2026 3:39:53 PM","8/28/2026 3:39:53 PM",
"1413","18.17699","8/28/2026 3:39:53 PM","8/28/2026 3:39:53 PM",
"1414","18.17699","8/28/2026 3:39:53 PM","8/28/2026 3:39:53 PM",
"1415","18.17766","8/28/2026 3:39:53 PM","8/28/2026 3:39:53 PM",
"1416","18.17766","8/28/2026 3:39:53 PM","8/28/2026 3:39:53 PM",
"1417","18.17651","8/28/2026 3:39:53 PM","8/28/2026 3:39:53 PM",
"1418","18.17651","8/28/2026 3:39:53 PM","8/28/2026 3:39:53 PM",
"1419","18.17699","8/28/2026 3:39:53 PM","8/28/2026 3:39:53 PM",
"1420","18.17699","8/28/2026 3:39:53 PM","8/28/2026 3:39:53 PM",
"1421","18.1766","8/28/2026 3:39:53 PM","8/28/2026 3:39:53 PM",
"1422","18.1766","8/28/2026 3:39:53 PM","8/28/2026 3:39:53 PM",
"1423","18.17604","8/28/2026 3:39:53 PM","8/28/2026 3:39:53 PM",
"1424","18.17604","8/28/2026 3:39:53 PM","8/28/2026 3:39:53 PM",
"1425","18.17664","8/28/2026 3:39:53 PM","8/28/2026 3:39:53 PM",
"1426","18.17664","8/28/2026 3:39:53 PM","8/28/2026 3:39:53 PM",
"1427","18.17664","8/28/2026 3:39:53 PM","8/28/2026 3:39:53 PM",
"1428","18.17693","8/28/2026 3:39:53 PM","8/28/2026 3:39:53 PM",
"1429","18.17693","8/28/2026 3:39:53 PM","8/28/2026 3:39:53 PM",
"1430","18.17817","8/28/2026 3:39:53 PM","8/28/2026 3:39:53 PM",
"1431","18.17817","8/28/2026 3:39:53 PM","8/28/2026 3:39:53 PM",
"1432","18.17703","8/28/2026 3:39:53 PM","8/28/2026 3:39:53 PM",
"1433","18.17703","8/28/2026 3:39:53 PM","8/28/2026 3:39:53 PM",
"1434","18.17701","8/28/2026 3:39:53 PM","8/28/2026 3:39:53 PM",
"1435","18.17701","8/28/2026 3:39:53 PM","8/28/2026 3:39:53 PM",
"1436","18.17658","8/28/2026 3:39:53 PM","8/28/2026 3:39:53 PM",
"1437","18.17658","8/28/2026 3:39:53 PM","8/28/2026 3:39:53 PM",
"1438","18.17717","8/28/2026 3:39:53 PM","8/28/2026 3:39:53 PM",
"1439","18.17717","8/28/2026 3:39:53 PM","8/28/2026 3:39:53 PM",
"1440","18.1766","8/28/2026 3:39:53 PM","8/28/2026 3:39:53 PM",
"1441","18.1766","8/28/2026 3:39:53 PM","8/28/2026 3:39:53 PM",
"1442","18.17673","8/28/2026 3:39:53 PM","8/28/2026 3:39:53 PM",
"1443","18.17673","8/28/2026 3:39:53 PM","8/28/2026 3:39:53 PM",
"1444","18.17626","8/28/2026 3:39:53 PM","8/28/2026 3:39:53 PM",
"1445","18.17626","8/28/2026 3:39:53 PM","8/28/2026 3:39:53 PM",
"1446","18.17705","8/28/2026 3:39:53 PM","8/28/2026 3:39:53 PM",
"1447","18.17705","8/28/2026 3:39:53 PM","8/28/2026 3:39:53 PM",
"1448","18.17678","8/28/2026 3:39:53 PM","8/28/2026 3:39:53 PM",
"1449","18.17678","8/28/2026 3:39:53 PM","8/28/2026 3:39:53 PM",
"1450","18.1768","8/28/2026 3:39:53 PM","8/28/2026 3:39:53 PM",
"1451","18.1768","8/28/2026 3:39:53 PM","8/28/2026 3:39:53 PM",
"1452","18.17733","8/28/2026 3:39:53 PM","8/28/2026 3:39:53 PM",
"1453","18.17733","8/28/2026 3:39:53 PM","8/28/2026 3:39:53 PM",
"1454","18.17695","8/28/2026 3:39:53 PM","8/28/2026 3:39:53 PM",
"1455","18.17695","8/28/2026 3:39:53 PM","8/28/2026 3:39:53 PM",
"1456","18.17638","8/28/2026 3:39:53 PM","8/28/2026 3:39:53 PM",
"1457","18.17638","8/28/2026 3:39:53 PM","8/28/2026 3:39:53 PM",
"1458","18.17751","8/28/2026 3:39:53 PM","8/28/2026 3:39:53 PM",
"1459","18.17751","8/28/2026 3:39:53 PM","8/28/2026 3:39:53 PM",
"1460","18.17674","8/28/2026 3:39:53 PM","8/28/2026 3:39:53 PM",
"1461","18.17674","8/28/2026 3:39:53 PM","8/28/2026 3:39:53 PM",
"1462","18.17685","8/28/2026 3:39:53 PM","8/28/2026 3:39:53 PM",
"1463","18.17685","8/28/2026 3:39:53 PM","8/28/2026 3:39:53 PM",
"1464","18.17726","8/28/2026 3:39:53 PM","8/28/2026 3:39:53 PM",
"1465","18.17726","8/28/2026 3:39:53 PM","8/28/2026 3:39:53 PM",
"1466","18.17595","8/28/2026 3:39:53 PM","8/28/2026 3:39:53 PM",
"1467","18.17595","8/28/2026 3:39:53 PM","8/28/2026 3:39:53 PM",
"1468","18.17679","8/28/2026 3:39:53 PM","8/28/2026 3:39:53 PM",
"1469","18.17679","8/28/2026 3:39:54 PM","8/28/2026 3:39:54 PM",
"1470","18.17682","8/28/2026 3:39:54 PM","8/28/2026 3:39:54 PM",
"1471","18.17682","8/28/2026 3:39:54 PM","8/28/2026 3:39:54 PM",
"1472","18.17691","8/28/2026 3:39:54 PM","8/28/2026 3:39:54 PM",
"1473","18.17691","8/28/2026 3:39:54 PM","8/28/2026 3:39:54 PM",
"1474","18.17735","8/28/2026 3:39:54 PM","8/28/2026 3:39:54 PM",
"1475","18.17735","8/28/2026 3:39:54 PM","8/28/2026 3:39:54 PM",
"1476","18.17784","8/28/2026 3:39:54 PM","8/28/2026 3:39:54 PM",
"1477","18.17784","8/28/2026 3:39:54 PM","8/28/2026 3:39:54 PM",
"1478","18.17673","8/28/2026 3:39:54 PM","8/28/2026 3:39:54 PM",
"1479","18.17673","8/28/2026 3:39:54 PM","8/28/2026 3:39:54 PM",
"1480","18.1765","8/28/2026 3:39:54 PM","8/28/2026 3:39:54 PM",
"1481","18.1765","8/28/2026 3:39:54 PM","8/28/2026 3:39:54 PM",
"1482","18.17697","8/28/2026 3:39:54 PM","8/28/2026 3:39:54 PM",
"1483","18.17697","8/28/2026 3:39:54 PM","8/28/2026 3:39:54 PM",
"1484","18.17772","8/28/2026 3:39:54 PM","8/28/2026 3:39:54 PM",
"1485","18.17772","8/28/2026 3:39:54 PM","8/28/2026 3:39:54 PM",
"1486","18.17699","8/28/2026 3:39:54 PM","8/28/2026 3:39:54 PM",
"1487","18.17699","8/28/2026 3:39:54 PM","8/28/2026 3:39:54 PM",
"1488","18.17772","8/28/2026 3:39:54 PM","8/28/2026 3:39:54 PM",
"1489","18.17772","8/28/2026 3:39:54 PM","8/28/2026 3:39:54 PM",
"1490","18.17695","8/28/2026 3:39:54 PM","8/28/2026 3:39:54 PM",
"1491","18.17695","8/28/2026 3:39:54 PM","8/28/2026 3:39:54 PM",
"1492","18.17717","8/28/2026 3:39:54 PM","8/28/2026 3:39:54 PM",
"1493","18.17717","8/28/2026 3:39:54 PM","8/28/2026 3:39:54 PM",
"1494","18.17615","8/28/2026 3:39:54 PM","8/28/2026 3:39:54 PM",
"1495","18.17615","8/28/2026 3:39:54 PM","8/28/2026 3:39:54 PM",
"1496","18.17793","8/28/2026 3:39:54 PM","8/28/2026 3:39:54 PM",
"1497","18.17793","8/28/2026 3:39:54 PM","8/28/2026 3:39:54 PM",
"1498","18.17721","8/28/2026 3:39:54 PM","8/28/2026 3:39:54 PM",
"1499","18.17721","8/28/2026 3:39:54 PM","8/28/2026 3:39:54 PM",
"1500","18.177","8/28/2026 3:39:54 PM","8/28/2026 3:39:54 PM",
"1501","18.177","8/28/2026 3:39:54 PM","8/28/2026 3:39:54 PM",
"1502","18.17721","8/28/2026 3:39:54 PM","8/28/2026 3:39:54 PM",
"1503","18.17721","8/28/2026 3:39:54 PM","8/28/2026 3:39:54 PM",
"1504","18.1776","8/28/2026 3:39:54 PM","8/28/2026 3:39:54 PM",
"1505","18.1776","8/28/2026 3:39:54 PM","8/28/2026 3:39:54 PM",
"1506","18.17672","8/28/2026 3:39:54 PM","8/28/2026 3:39:54 PM",
"1507","18.17672","8/28/2026 3:39:54 PM","8/28/2026 3:39:54 PM",
"1508","18.17744","8/28/2026 3:39:54 PM","8/28/2026 3:39:54 PM",
"1509","18.17744","8/28/2026 3:39:54 PM","8/28/2026 3:39:54 PM",
"1510","18.1782","8/28/2026 3:39:54 PM","8/28/2026 3:39:54 PM",
"1511","18.1782","8/28/2026 3:39:54 PM","8/28/2026 3:39:54 PM",
"1512","18.17789","8/28/2026 3:39:54 PM","8/28/2026 3:39:54 PM",
"1513","18.17789","8/28/2026 3:39:54 PM","8/28/2026 3:39:54 PM",
"1514","18.17699","8/28/2026 3:39:54 PM","8/28/2026 3:39:54 PM",
"1515","18.17699","8/28/2026 3:39:54 PM","8/28/2026 3:39:54 PM",
"1516","18.17686","8/28/2026 3:39:54 PM","8/28/2026 3:39:54 PM",
"1517","18.17686","8/28/2026 3:39:54 PM","8/28/2026 3:39:54 PM",
"1518","18.17653","8/28/2026 3:39:54 PM","8/28/2026 3:39:54 PM",
"1519","18.17653","8/28/2026 3:39:54 PM","8/28/2026 3:39:54 PM",
"1520","18.1764","8/28/2026 3:39:54 PM","8/28/2026 3:39:54 PM",
"1521","18.1764","8/28/2026 3:39:54 PM","8/28/2026 3:39:54 PM",
"1522","18.17745","8/28/2026 3:39:54 PM","8/28/2026 3:39:54 PM",
"1523","18.17745","8/28/2026 3:39:54 PM","8/28/2026 3:39:54 PM",
"1524","18.17598","8/28/2026 3:39:54 PM","8/28/2026 3:39:54 PM",
"1525","18.17598","8/28/2026 3:39:54 PM","8/28/2026 3:39:54 PM",
"1526","18.17626","8/28/2026 3:39:54 PM","8/28/2026 3:39:54 PM",
"1527","18.17626","8/28/2026 3:39:54 PM","8/28/2026 3:39:54 PM",
"1528","18.17694","8/28/2026 3:39:54 PM","8/28/2026 3:39:54 PM",
"1529","18.17694","8/28/2026 3:39:54 PM","8/28/2026 3:39:54 PM",
"1530","18.17733","8/28/2026 3:39:54 PM","8/28/2026 3:39:54 PM",
"1531","18.17733","8/28/2026 3:39:54 PM","8/28/2026 3:39:54 PM",
"1532","18.17689","8/28/2026 3:39:54 PM","8/28/2026 3:39:54 PM",
"1533","18.17689","8/28/2026 3:39:54 PM","8/28/2026 3:39:54 PM",
"1534","18.17678","8/28/2026 3:39:54 PM","8/28/2026 3:39:54 PM",
"1535","18.17678","8/28/2026 3:39:54 PM","8/28/2026 3:39:54 PM",
"1536","18.17715","8/28/2026 3:39:54 PM","8/28/2026 3:39:54 PM",
"1537","18.17715","8/28/2026 3:39:54 PM","8/28/2026 3:39:54 PM",
"1538","18.17663","8/28/2026 3:39:54 PM","8/28/2026 3:39:54 PM",
"1539","18.17663","8/28/2026 3:39:54 PM","8/28/2026 3:39:54 PM",
"1540","18.17668","8/28/2026 3:39:54 PM","8/28/2026 3:39:54 PM",
"1541","18.17668","8/28/2026 3:39:54 PM","8/28/2026 3:39:54 PM",
"1542","18.17631","8/28/2026 3:39:54 PM","8/28/2026 3:39:54 PM",
"1543","18.17631","8/28/2026 3:39:54 PM","8/28/2026 3:39:54 PM",
"1544","18.17666","8/28/2026 3:39:54 PM","8/28/2026 3:39:54 PM",
"1545","18.17666","8/28/2026 3:39:54 PM","8/28/2026 3:39:54 PM",
"1546","18.17626","8/28/2026 3:39:54 PM","8/28/2026 3:39:54 PM",
"1547","18.17626","8/28/2026 3:39:54 PM","8/28/2026 3:39:54 PM",
"1548","18.17657","8/28/2026 3:39:54 PM","8/28/2026 3:39:54 PM",
"1549","18.17657","8/28/2026 3:39:54 PM","8/28/2026 3:39:54 PM",
"1550","18.17678","8/28/2026 3:39:54 PM","8/28/2026 3:39:54 PM",
"1551","18.17678","8/28/2026 3:39:54 PM","8/28/2026 3:39:54 PM",
"1552","18.17671","8/28/2026 3:39:54 PM","8/28/2026 3:39:54 PM",
"1553","18.17671","8/28/2026 3:39:54 PM","8/28/2026 3:39:54 PM",
"1554","18.17688","8/28/2026 3:39:54 PM","8/28/2026 3:39:54 PM",
"1555","18.17688","8/28/2026 3:39:54 PM","8/28/2026 3:39:54 PM",
"1556","18.17705","8/28/2026 3:39:54 PM","8/28/2026 3:39:54 PM",
"1557","18.17705","8/28/2026 3:39:54 PM","8/28/2026 3:39:54 PM",
"1558","18.17628","8/28/2026 3:39:54 PM","8/28/2026 3:39:54 PM",
"1559","18.17628","8/28/2026 3:39:54 PM","8/28/2026 3:39:54 PM",
"1560","18.17662","8/28/2026 3:39:54 PM","8/28/2026 3:39:54 PM",
"1561","18.17662","8/28/2026 3:39:54 PM","8/28/2026 3:39:54 PM",
"1562","18.17707","8/28/2026 3:39:54 PM","8/28/2026 3:39:54 PM",
"1563","18.17707","8/28/2026 3:39:54 PM","8/28/2026 3:39:54 PM",
"1564","18.17649","8/28/2026 3:39:54 PM","8/28/2026 3:39:54 PM",
"1565","18.17649","8/28/2026 3:39:54 PM","8/28/2026 3:39:54 PM",
"1566","18.17595","8/28/2026 3:39:54 PM","8/28/2026 3:39:54 PM",
"1567","18.17595","8/28/2026 3:39:54 PM","8/28/2026 3:39:54 PM",
"1568","18.17645","8/28/2026 3:39:54 PM","8/28/2026 3:39:54 PM",

