"Live Graph Properties",
"Device","Status","Serial Number",
"1","Enabled","354044",
"2","Disabled","",
"3","Disabled","",
"4","Disabled","",
"5","Disabled","",
"6","Disabled","",
"7","Disabled","",
"8","Disabled","",
"9","Disabled","",
"10","Disabled","",
"11","Disabled","",
"12","Disabled","",
"13","Disabled","",
"14","Disabled","",
"15","Disabled","",
"16","Disabled","",
"Sum","Disabled","",
"Math","Disabled","",

"Device 1",
"Live Graph Table",
"Sample Number","Tracking Value","Date","Time",
"0","18.18008","9/2/2026 2:38:57 PM","9/2/2026 2:38:57 PM",
"1","18.17552","9/2/2026 2:38:57 PM","9/2/2026 2:38:57 PM",
"2","18.17552","9/2/2026 2:38:57 PM","9/2/2026 2:38:57 PM",
"3","18.18056","9/2/2026 2:38:57 PM","9/2/2026 2:38:57 PM",
"4","18.18056","9/2/2026 2:38:57 PM","9/2/2026 2:38:57 PM",
"5","18.17536","9/2/2026 2:38:57 PM","9/2/2026 2:38:57 PM",
"6","18.17536","9/2/2026 2:38:57 PM","9/2/2026 2:38:57 PM",
"7","18.17945","9/2/2026 2:38:57 PM","9/2/2026 2:38:57 PM",
"8","18.17945","9/2/2026 2:38:57 PM","9/2/2026 2:38:57 PM",
"9","18.17615","9/2/2026 2:38:57 PM","9/2/2026 2:38:57 PM",
"10","18.17615","9/2/2026 2:38:57 PM","9/2/2026 2:38:57 PM",
"11","18.18107","9/2/2026 2:38:57 PM","9/2/2026 2:38:57 PM",
"12","18.18107","9/2/2026 2:38:57 PM","9/2/2026 2:38:57 PM",
"13","18.17569","9/2/2026 2:38:57 PM","9/2/2026 2:38:57 PM",
"14","18.17569","9/2/2026 2:38:57 PM","9/2/2026 2:38:57 PM",
"15","18.17971","9/2/2026 2:38:57 PM","9/2/2026 2:38:57 PM",
"16","18.17971","9/2/2026 2:38:57 PM","9/2/2026 2:38:57 PM",
"17","18.17654","9/2/2026 2:38:57 PM","9/2/2026 2:38:57 PM",
"18","18.17654","9/2/2026 2:38:57 PM","9/2/2026 2:38:57 PM",
"19","18.18051","9/2/2026 2:38:57 PM","9/2/2026 2:38:57 PM",
"20","18.18051","9/2/2026 2:38:57 PM","9/2/2026 2:38:57 PM",
"21","18.17609","9/2/2026 2:38:57 PM","9/2/2026 2:38:57 PM",
"22","18.17609","9/2/2026 2:38:57 PM","9/2/2026 2:38:57 PM",
"23","18.1798","9/2/2026 2:38:57 PM","9/2/2026 2:38:57 PM",
"24","18.1798","9/2/2026 2:38:57 PM","9/2/2026 2:38:57 PM",
"25","18.1798","9/2/2026 2:38:57 PM","9/2/2026 2:38:57 PM",
"26","18.17771","9/2/2026 2:38:57 PM","9/2/2026 2:38:57 PM",
"27","18.17771","9/2/2026 2:38:57 PM","9/2/2026 2:38:57 PM",
"28","18.1794","9/2/2026 2:38:57 PM","9/2/2026 2:38:57 PM",
"29","18.1794","9/2/2026 2:38:57 PM","9/2/2026 2:38:57 PM",
"30","18.17837","9/2/2026 2:38:57 PM","9/2/2026 2:38:57 PM",
"31","18.17837","9/2/2026 2:38:57 PM","9/2/2026 2:38:57 PM",
"32","18.17887","9/2/2026 2:38:57 PM","9/2/2026 2:38:57 PM",
"33","18.17887","9/2/2026 2:38:57 PM","9/2/2026 2:38:57 PM",
"34","18.17778","9/2/2026 2:38:57 PM","9/2/2026 2:38:57 PM",
"35","18.17778","9/2/2026 2:38:57 PM","9/2/2026 2:38:57 PM",
"36","18.17862","9/2/2026 2:38:57 PM","9/2/2026 2:38:57 PM",
"37","18.17862","9/2/2026 2:38:57 PM","9/2/2026 2:38:57 PM",
"38","18.17773","9/2/2026 2:38:57 PM","9/2/2026 2:38:57 PM",
"39","18.17773","9/2/2026 2:38:57 PM","9/2/2026 2:38:57 PM",
"40","18.17874","9/2/2026 2:38:57 PM","9/2/2026 2:38:57 PM",
"41","18.17874","9/2/2026 2:38:57 PM","9/2/2026 2:38:57 PM",
"42","18.17771","9/2/2026 2:38:57 PM","9/2/2026 2:38:57 PM",
"43","18.17771","9/2/2026 2:38:57 PM","9/2/2026 2:38:57 PM",
"44","18.17793","9/2/2026 2:38:57 PM","9/2/2026 2:38:57 PM",
"45","18.17793","9/2/2026 2:38:57 PM","9/2/2026 2:38:57 PM",
"46","18.17727","9/2/2026 2:38:57 PM","9/2/2026 2:38:57 PM",
"47","18.17727","9/2/2026 2:38:57 PM","9/2/2026 2:38:57 PM",
"48","18.17789","9/2/2026 2:38:57 PM","9/2/2026 2:38:57 PM",
"49","18.17789","9/2/2026 2:38:57 PM","9/2/2026 2:38:57 PM",
"50","18.17869","9/2/2026 2:38:57 PM","9/2/2026 2:38:57 PM",
"51","18.17869","9/2/2026 2:38:57 PM","9/2/2026 2:38:57 PM",
"52","18.17861","9/2/2026 2:38:57 PM","9/2/2026 2:38:57 PM",
"53","18.17861","9/2/2026 2:38:58 PM","9/2/2026 2:38:58 PM",
"54","18.17756","9/2/2026 2:38:58 PM","9/2/2026 2:38:58 PM",
"55","18.17756","9/2/2026 2:38:58 PM","9/2/2026 2:38:58 PM",
"56","18.17932","9/2/2026 2:38:58 PM","9/2/2026 2:38:58 PM",
"57","18.17932","9/2/2026 2:38:58 PM","9/2/2026 2:38:58 PM",
"58","18.17838","9/2/2026 2:38:58 PM","9/2/2026 2:38:58 PM",
"59","18.17838","9/2/2026 2:38:58 PM","9/2/2026 2:38:58 PM",
"60","18.17803","9/2/2026 2:38:58 PM","9/2/2026 2:38:58 PM",
"61","18.17803","9/2/2026 2:38:58 PM","9/2/2026 2:38:58 PM",
"62","18.17745","9/2/2026 2:38:58 PM","9/2/2026 2:38:58 PM",
"63","18.17745","9/2/2026 2:38:58 PM","9/2/2026 2:38:58 PM",
"64","18.17817","9/2/2026 2:38:58 PM","9/2/2026 2:38:58 PM",
"65","18.17817","9/2/2026 2:38:58 PM","9/2/2026 2:38:58 PM",
"66","18.17848","9/2/2026 2:38:58 PM","9/2/2026 2:38:58 PM",
"67","18.17848","9/2/2026 2:38:58 PM","9/2/2026 2:38:58 PM",
"68","18.17753","9/2/2026 2:38:58 PM","9/2/2026 2:38:58 PM",
"69","18.17753","9/2/2026 2:38:58 PM","9/2/2026 2:38:58 PM",
"70","18.17755","9/2/2026 2:38:58 PM","9/2/2026 2:38:58 PM",
"71","18.17755","9/2/2026 2:38:58 PM","9/2/2026 2:38:58 PM",
"72","18.17836","9/2/2026 2:38:58 PM","9/2/2026 2:38:58 PM",
"73","18.17836","9/2/2026 2:38:58 PM","9/2/2026 2:38:58 PM",
"74","18.17755","9/2/2026 2:38:58 PM","9/2/2026 2:38:58 PM",
"75","18.17755","9/2/2026 2:38:58 PM","9/2/2026 2:38:58 PM",
"76","18.17841","9/2/2026 2:38:58 PM","9/2/2026 2:38:58 PM",
"77","18.17841","9/2/2026 2:38:58 PM","9/2/2026 2:38:58 PM",
"78","18.17789","9/2/2026 2:38:58 PM","9/2/2026 2:38:58 PM",
"79","18.17789","9/2/2026 2:38:58 PM","9/2/2026 2:38:58 PM",
"80","18.17789","9/2/2026 2:38:58 PM","9/2/2026 2:38:58 PM",
"81","18.17789","9/2/2026 2:38:58 PM","9/2/2026 2:38:58 PM",
"82","18.17802","9/2/2026 2:38:58 PM","9/2/2026 2:38:58 PM",
"83","18.17802","9/2/2026 2:38:58 PM","9/2/2026 2:38:58 PM",
"84","18.17859","9/2/2026 2:38:58 PM","9/2/2026 2:38:58 PM",
"85","18.17859","9/2/2026 2:38:58 PM","9/2/2026 2:38:58 PM",
"86","18.17801","9/2/2026 2:38:58 PM","9/2/2026 2:38:58 PM",
"87","18.17801","9/2/2026 2:38:58 PM","9/2/2026 2:38:58 PM",
"88","18.17855","9/2/2026 2:38:58 PM","9/2/2026 2:38:58 PM",
"89","18.17855","9/2/2026 2:38:58 PM","9/2/2026 2:38:58 PM",
"90","18.1786","9/2/2026 2:38:58 PM","9/2/2026 2:38:58 PM",
"91","18.1786","9/2/2026 2:38:58 PM","9/2/2026 2:38:58 PM",
"92","18.17842","9/2/2026 2:38:58 PM","9/2/2026 2:38:58 PM",
"93","18.17842","9/2/2026 2:38:58 PM","9/2/2026 2:38:58 PM",
"94","18.17782","9/2/2026 2:38:58 PM","9/2/2026 2:38:58 PM",
"95","18.17782","9/2/2026 2:38:58 PM","9/2/2026 2:38:58 PM",
"96","18.17881","9/2/2026 2:38:58 PM","9/2/2026 2:38:58 PM",
"97","18.17881","9/2/2026 2:38:58 PM","9/2/2026 2:38:58 PM",
"98","18.17772","9/2/2026 2:38:58 PM","9/2/2026 2:38:58 PM",
"99","18.17772","9/2/2026 2:38:58 PM","9/2/2026 2:38:58 PM",
"100","18.17917","9/2/2026 2:38:58 PM","9/2/2026 2:38:58 PM",
"101","18.17917","9/2/2026 2:38:58 PM","9/2/2026 2:38:58 PM",
"102","18.17777","9/2/2026 2:38:58 PM","9/2/2026 2:38:58 PM",
"103","18.17777","9/2/2026 2:38:58 PM","9/2/2026 2:38:58 PM",
"104","18.17765","9/2/2026 2:38:58 PM","9/2/2026 2:38:58 PM",
"105","18.17765","9/2/2026 2:38:58 PM","9/2/2026 2:38:58 PM",
"106","18.17709","9/2/2026 2:38:58 PM","9/2/2026 2:38:58 PM",
"107","18.17709","9/2/2026 2:38:58 PM","9/2/2026 2:38:58 PM",
"108","18.17712","9/2/2026 2:38:58 PM","9/2/2026 2:38:58 PM",
"109","18.17712","9/2/2026 2:38:58 PM","9/2/2026 2:38:58 PM",
"110","18.17797","9/2/2026 2:38:58 PM","9/2/2026 2:38:58 PM",
"111","18.17797","9/2/2026 2:38:58 PM","9/2/2026 2:38:58 PM",
"112","18.17856","9/2/2026 2:38:58 PM","9/2/2026 2:38:58 PM",
"113","18.17856","9/2/2026 2:38:58 PM","9/2/2026 2:38:58 PM",
"114","18.17896","9/2/2026 2:38:58 PM","9/2/2026 2:38:58 PM",
"115","18.17896","9/2/2026 2:38:58 PM","9/2/2026 2:38:58 PM",
"116","18.17737","9/2/2026 2:38:58 PM","9/2/2026 2:38:58 PM",
"117","18.17737","9/2/2026 2:38:58 PM","9/2/2026 2:38:58 PM",
"118","18.17896","9/2/2026 2:38:58 PM","9/2/2026 2:38:58 PM",
"119","18.17896","9/2/2026 2:38:58 PM","9/2/2026 2:38:58 PM",
"120","18.17479","9/2/2026 2:38:58 PM","9/2/2026 2:38:58 PM",
"121","18.17479","9/2/2026 2:38:58 PM","9/2/2026 2:38:58 PM",
"122","18.17792","9/2/2026 2:38:58 PM","9/2/2026 2:38:58 PM",
"123","18.17792","9/2/2026 2:38:58 PM","9/2/2026 2:38:58 PM",
"124","18.17417","9/2/2026 2:38:58 PM","9/2/2026 2:38:58 PM",
"125","18.17417","9/2/2026 2:38:58 PM","9/2/2026 2:38:58 PM",
"126","18.17831","9/2/2026 2:38:58 PM","9/2/2026 2:38:58 PM",
"127","18.17831","9/2/2026 2:38:58 PM","9/2/2026 2:38:58 PM",
"128","18.17467","9/2/2026 2:38:58 PM","9/2/2026 2:38:58 PM",
"129","18.17467","9/2/2026 2:38:58 PM","9/2/2026 2:38:58 PM",
"130","18.17908","9/2/2026 2:38:58 PM","9/2/2026 2:38:58 PM",
"131","18.17908","9/2/2026 2:38:58 PM","9/2/2026 2:38:58 PM",
"132","18.17532","9/2/2026 2:38:58 PM","9/2/2026 2:38:58 PM",
"133","18.17532","9/2/2026 2:38:58 PM","9/2/2026 2:38:58 PM",
"134","18.17789","9/2/2026 2:38:58 PM","9/2/2026 2:38:58 PM",
"135","18.17789","9/2/2026 2:38:58 PM","9/2/2026 2:38:58 PM",
"136","18.17566","9/2/2026 2:38:58 PM","9/2/2026 2:38:58 PM",
"137","18.17566","9/2/2026 2:38:58 PM","9/2/2026 2:38:58 PM",
"138","18.17712","9/2/2026 2:38:58 PM","9/2/2026 2:38:58 PM",
"139","18.17712","9/2/2026 2:38:58 PM","9/2/2026 2:38:58 PM",
"140","18.1736","9/2/2026 2:38:58 PM","9/2/2026 2:38:58 PM",
"141","18.1736","9/2/2026 2:38:58 PM","9/2/2026 2:38:58 PM",
"142","18.17605","9/2/2026 2:38:58 PM","9/2/2026 2:38:58 PM",
"143","18.17605","9/2/2026 2:38:58 PM","9/2/2026 2:38:58 PM",
"144","18.17317","9/2/2026 2:38:58 PM","9/2/2026 2:38:58 PM",
"145","18.17317","9/2/2026 2:38:58 PM","9/2/2026 2:38:58 PM",
"146","18.17336","9/2/2026 2:38:58 PM","9/2/2026 2:38:58 PM",
"147","18.17336","9/2/2026 2:38:58 PM","9/2/2026 2:38:58 PM",
"148","18.1732","9/2/2026 2:38:58 PM","9/2/2026 2:38:58 PM",
"149","18.1732","9/2/2026 2:38:58 PM","9/2/2026 2:38:58 PM",
"150","18.17339","9/2/2026 2:38:58 PM","9/2/2026 2:38:58 PM",
"151","18.17339","9/2/2026 2:38:58 PM","9/2/2026 2:38:58 PM",
"152","18.1719","9/2/2026 2:38:58 PM","9/2/2026 2:38:58 PM",
"153","18.1719","9/2/2026 2:38:59 PM","9/2/2026 2:38:59 PM",
"154","18.17177","9/2/2026 2:38:59 PM","9/2/2026 2:38:59 PM",
"155","18.17177","9/2/2026 2:38:59 PM","9/2/2026 2:38:59 PM",
"156","18.17181","9/2/2026 2:38:59 PM","9/2/2026 2:38:59 PM",
"157","18.17181","9/2/2026 2:38:59 PM","9/2/2026 2:38:59 PM",
"158","18.17234","9/2/2026 2:38:59 PM","9/2/2026 2:38:59 PM",
"159","18.17234","9/2/2026 2:38:59 PM","9/2/2026 2:38:59 PM",
"160","18.17109","9/2/2026 2:38:59 PM","9/2/2026 2:38:59 PM",
"161","18.17109","9/2/2026 2:38:59 PM","9/2/2026 2:38:59 PM",
"162","18.17066","9/2/2026 2:38:59 PM","9/2/2026 2:38:59 PM",
"163","18.17066","9/2/2026 2:38:59 PM","9/2/2026 2:38:59 PM",
"164","18.16992","9/2/2026 2:38:59 PM","9/2/2026 2:38:59 PM",
"165","18.16992","9/2/2026 2:38:59 PM","9/2/2026 2:38:59 PM",
"166","18.17056","9/2/2026 2:38:59 PM","9/2/2026 2:38:59 PM",
"167","18.17056","9/2/2026 2:38:59 PM","9/2/2026 2:38:59 PM",
"168","18.16908","9/2/2026 2:38:59 PM","9/2/2026 2:38:59 PM",
"169","18.16908","9/2/2026 2:38:59 PM","9/2/2026 2:38:59 PM",
"170","18.17006","9/2/2026 2:38:59 PM","9/2/2026 2:38:59 PM",
"171","18.17006","9/2/2026 2:38:59 PM","9/2/2026 2:38:59 PM",
"172","18.16846","9/2/2026 2:38:59 PM","9/2/2026 2:38:59 PM",
"173","18.16846","9/2/2026 2:38:59 PM","9/2/2026 2:38:59 PM",
"174","18.17049","9/2/2026 2:38:59 PM","9/2/2026 2:38:59 PM",
"175","18.17049","9/2/2026 2:38:59 PM","9/2/2026 2:38:59 PM",
"176","18.16866","9/2/2026 2:38:59 PM","9/2/2026 2:38:59 PM",
"177","18.16866","9/2/2026 2:38:59 PM","9/2/2026 2:38:59 PM",
"178","18.16838","9/2/2026 2:38:59 PM","9/2/2026 2:38:59 PM",
"179","18.16838","9/2/2026 2:38:59 PM","9/2/2026 2:38:59 PM",
"180","18.16703","9/2/2026 2:38:59 PM","9/2/2026 2:38:59 PM",
"181","18.16703","9/2/2026 2:38:59 PM","9/2/2026 2:38:59 PM",
"182","18.16722","9/2/2026 2:38:59 PM","9/2/2026 2:38:59 PM",
"183","18.16722","9/2/2026 2:38:59 PM","9/2/2026 2:38:59 PM",
"184","18.16654","9/2/2026 2:38:59 PM","9/2/2026 2:38:59 PM",
"185","18.16654","9/2/2026 2:38:59 PM","9/2/2026 2:38:59 PM",
"186","18.16755","9/2/2026 2:38:59 PM","9/2/2026 2:38:59 PM",
"187","18.16755","9/2/2026 2:38:59 PM","9/2/2026 2:38:59 PM",
"188","18.16685","9/2/2026 2:38:59 PM","9/2/2026 2:38:59 PM",
"189","18.16685","9/2/2026 2:38:59 PM","9/2/2026 2:38:59 PM",
"190","18.16466","9/2/2026 2:38:59 PM","9/2/2026 2:38:59 PM",
"191","18.16466","9/2/2026 2:38:59 PM","9/2/2026 2:38:59 PM",
"192","18.16595","9/2/2026 2:38:59 PM","9/2/2026 2:38:59 PM",
"193","18.16595","9/2/2026 2:38:59 PM","9/2/2026 2:38:59 PM",
"194","18.16631","9/2/2026 2:38:59 PM","9/2/2026 2:38:59 PM",
"195","18.16631","9/2/2026 2:38:59 PM","9/2/2026 2:38:59 PM",
"196","18.1655","9/2/2026 2:38:59 PM","9/2/2026 2:38:59 PM",
"197","18.1655","9/2/2026 2:38:59 PM","9/2/2026 2:38:59 PM",
"198","18.16466","9/2/2026 2:38:59 PM","9/2/2026 2:38:59 PM",
"199","18.16466","9/2/2026 2:38:59 PM","9/2/2026 2:38:59 PM",
"200","18.16421","9/2/2026 2:38:59 PM","9/2/2026 2:38:59 PM",
"201","18.16421","9/2/2026 2:38:59 PM","9/2/2026 2:38:59 PM",
"202","18.16357","9/2/2026 2:38:59 PM","9/2/2026 2:38:59 PM",
"203","18.16357","9/2/2026 2:38:59 PM","9/2/2026 2:38:59 PM",
"204","18.16272","9/2/2026 2:38:59 PM","9/2/2026 2:38:59 PM",
"205","18.16272","9/2/2026 2:38:59 PM","9/2/2026 2:38:59 PM",
"206","18.16381","9/2/2026 2:38:59 PM","9/2/2026 2:38:59 PM",
"207","18.16381","9/2/2026 2:38:59 PM","9/2/2026 2:38:59 PM",
"208","18.16248","9/2/2026 2:38:59 PM","9/2/2026 2:38:59 PM",
"209","18.16248","9/2/2026 2:38:59 PM","9/2/2026 2:38:59 PM",
"210","18.16272","9/2/2026 2:38:59 PM","9/2/2026 2:38:59 PM",
"211","18.16272","9/2/2026 2:38:59 PM","9/2/2026 2:38:59 PM",
"212","18.16201","9/2/2026 2:38:59 PM","9/2/2026 2:38:59 PM",
"213","18.16201","9/2/2026 2:38:59 PM","9/2/2026 2:38:59 PM",
"214","18.16255","9/2/2026 2:38:59 PM","9/2/2026 2:38:59 PM",
"215","18.16255","9/2/2026 2:38:59 PM","9/2/2026 2:38:59 PM",
"216","18.16143","9/2/2026 2:38:59 PM","9/2/2026 2:38:59 PM",
"217","18.16143","9/2/2026 2:38:59 PM","9/2/2026 2:38:59 PM",
"218","18.16139","9/2/2026 2:38:59 PM","9/2/2026 2:38:59 PM",
"219","18.16139","9/2/2026 2:38:59 PM","9/2/2026 2:38:59 PM",
"220","18.16074","9/2/2026 2:38:59 PM","9/2/2026 2:38:59 PM",
"221","18.16074","9/2/2026 2:38:59 PM","9/2/2026 2:38:59 PM",
"222","18.15877","9/2/2026 2:38:59 PM","9/2/2026 2:38:59 PM",
"223","18.15877","9/2/2026 2:38:59 PM","9/2/2026 2:38:59 PM",
"224","18.16091","9/2/2026 2:38:59 PM","9/2/2026 2:38:59 PM",
"225","18.16091","9/2/2026 2:38:59 PM","9/2/2026 2:38:59 PM",
"226","18.15935","9/2/2026 2:38:59 PM","9/2/2026 2:38:59 PM",
"227","18.15935","9/2/2026 2:38:59 PM","9/2/2026 2:38:59 PM",
"228","18.16018","9/2/2026 2:38:59 PM","9/2/2026 2:38:59 PM",
"229","18.16018","9/2/2026 2:38:59 PM","9/2/2026 2:38:59 PM",
"230","18.15944","9/2/2026 2:38:59 PM","9/2/2026 2:38:59 PM",
"231","18.15944","9/2/2026 2:38:59 PM","9/2/2026 2:38:59 PM",
"232","18.15891","9/2/2026 2:38:59 PM","9/2/2026 2:38:59 PM",
"233","18.15891","9/2/2026 2:38:59 PM","9/2/2026 2:38:59 PM",
"234","18.15808","9/2/2026 2:38:59 PM","9/2/2026 2:38:59 PM",
"235","18.15808","9/2/2026 2:38:59 PM","9/2/2026 2:38:59 PM",
"236","18.15882","9/2/2026 2:38:59 PM","9/2/2026 2:38:59 PM",
"237","18.15882","9/2/2026 2:38:59 PM","9/2/2026 2:38:59 PM",
"238","18.15844","9/2/2026 2:38:59 PM","9/2/2026 2:38:59 PM",
"239","18.15844","9/2/2026 2:38:59 PM","9/2/2026 2:38:59 PM",
"240","18.15685","9/2/2026 2:38:59 PM","9/2/2026 2:38:59 PM",
"241","18.15685","9/2/2026 2:38:59 PM","9/2/2026 2:38:59 PM",
"242","18.15775","9/2/2026 2:38:59 PM","9/2/2026 2:38:59 PM",
"243","18.15775","9/2/2026 2:38:59 PM","9/2/2026 2:38:59 PM",
"244","18.15814","9/2/2026 2:38:59 PM","9/2/2026 2:38:59 PM",
"245","18.15814","9/2/2026 2:38:59 PM","9/2/2026 2:38:59 PM",
"246","18.15509","9/2/2026 2:38:59 PM","9/2/2026 2:38:59 PM",
"247","18.15509","9/2/2026 2:38:59 PM","9/2/2026 2:38:59 PM",
"248","18.1561","9/2/2026 2:38:59 PM","9/2/2026 2:38:59 PM",
"249","18.1561","9/2/2026 2:38:59 PM","9/2/2026 2:38:59 PM",
"250","18.15687","9/2/2026 2:38:59 PM","9/2/2026 2:38:59 PM",
"251","18.15687","9/2/2026 2:38:59 PM","9/2/2026 2:38:59 PM",
"252","18.15555","9/2/2026 2:38:59 PM","9/2/2026 2:38:59 PM",
"253","18.15555","9/2/2026 2:39:00 PM","9/2/2026 2:39:00 PM",
"254","18.15628","9/2/2026 2:39:00 PM","9/2/2026 2:39:00 PM",
"255","18.15628","9/2/2026 2:39:00 PM","9/2/2026 2:39:00 PM",
"256","18.15663","9/2/2026 2:39:00 PM","9/2/2026 2:39:00 PM",
"257","18.15663","9/2/2026 2:39:00 PM","9/2/2026 2:39:00 PM",
"258","18.1561","9/2/2026 2:39:00 PM","9/2/2026 2:39:00 PM",
"259","18.1561","9/2/2026 2:39:00 PM","9/2/2026 2:39:00 PM",
"260","18.15489","9/2/2026 2:39:00 PM","9/2/2026 2:39:00 PM",
"261","18.15489","9/2/2026 2:39:00 PM","9/2/2026 2:39:00 PM",
"262","18.15419","9/2/2026 2:39:00 PM","9/2/2026 2:39:00 PM",
"263","18.15419","9/2/2026 2:39:00 PM","9/2/2026 2:39:00 PM",
"264","18.154","9/2/2026 2:39:00 PM","9/2/2026 2:39:00 PM",
"265","18.154","9/2/2026 2:39:00 PM","9/2/2026 2:39:00 PM",
"266","18.15248","9/2/2026 2:39:00 PM","9/2/2026 2:39:00 PM",
"267","18.15248","9/2/2026 2:39:00 PM","9/2/2026 2:39:00 PM",
"268","18.15423","9/2/2026 2:39:00 PM","9/2/2026 2:39:00 PM",
"269","18.15423","9/2/2026 2:39:00 PM","9/2/2026 2:39:00 PM",
"270","18.15394","9/2/2026 2:39:00 PM","9/2/2026 2:39:00 PM",
"271","18.15394","9/2/2026 2:39:00 PM","9/2/2026 2:39:00 PM",
"272","18.15242","9/2/2026 2:39:00 PM","9/2/2026 2:39:00 PM",
"273","18.15242","9/2/2026 2:39:00 PM","9/2/2026 2:39:00 PM",
"274","18.15167","9/2/2026 2:39:00 PM","9/2/2026 2:39:00 PM",
"275","18.15167","9/2/2026 2:39:00 PM","9/2/2026 2:39:00 PM",
"276","18.15238","9/2/2026 2:39:00 PM","9/2/2026 2:39:00 PM",
"277","18.15238","9/2/2026 2:39:00 PM","9/2/2026 2:39:00 PM",
"278","18.15121","9/2/2026 2:39:00 PM","9/2/2026 2:39:00 PM",
"279","18.15121","9/2/2026 2:39:00 PM","9/2/2026 2:39:00 PM",
"280","18.15158","9/2/2026 2:39:00 PM","9/2/2026 2:39:00 PM",
"281","18.15158","9/2/2026 2:39:00 PM","9/2/2026 2:39:00 PM",
"282","18.15113","9/2/2026 2:39:00 PM","9/2/2026 2:39:00 PM",
"283","18.15113","9/2/2026 2:39:00 PM","9/2/2026 2:39:00 PM",
"284","18.14968","9/2/2026 2:39:00 PM","9/2/2026 2:39:00 PM",
"285","18.14968","9/2/2026 2:39:00 PM","9/2/2026 2:39:00 PM",
"286","18.14987","9/2/2026 2:39:00 PM","9/2/2026 2:39:00 PM",
"287","18.14987","9/2/2026 2:39:00 PM","9/2/2026 2:39:00 PM",
"288","18.14985","9/2/2026 2:39:00 PM","9/2/2026 2:39:00 PM",
"289","18.14985","9/2/2026 2:39:00 PM","9/2/2026 2:39:00 PM",
"290","18.14924","9/2/2026 2:39:00 PM","9/2/2026 2:39:00 PM",
"291","18.14924","9/2/2026 2:39:00 PM","9/2/2026 2:39:00 PM",
"292","18.14969","9/2/2026 2:39:00 PM","9/2/2026 2:39:00 PM",
"293","18.14969","9/2/2026 2:39:00 PM","9/2/2026 2:39:00 PM",
"294","18.14878","9/2/2026 2:39:00 PM","9/2/2026 2:39:00 PM",
"295","18.14878","9/2/2026 2:39:00 PM","9/2/2026 2:39:00 PM",
"296","18.14877","9/2/2026 2:39:00 PM","9/2/2026 2:39:00 PM",
"297","18.14877","9/2/2026 2:39:00 PM","9/2/2026 2:39:00 PM",
"298","18.14737","9/2/2026 2:39:00 PM","9/2/2026 2:39:00 PM",
"299","18.14737","9/2/2026 2:39:00 PM","9/2/2026 2:39:00 PM",
"300","18.1472","9/2/2026 2:39:00 PM","9/2/2026 2:39:00 PM",
"301","18.1472","9/2/2026 2:39:00 PM","9/2/2026 2:39:00 PM",
"302","18.14665","9/2/2026 2:39:00 PM","9/2/2026 2:39:00 PM",
"303","18.14665","9/2/2026 2:39:00 PM","9/2/2026 2:39:00 PM",
"304","18.14601","9/2/2026 2:39:00 PM","9/2/2026 2:39:00 PM",
"305","18.14601","9/2/2026 2:39:00 PM","9/2/2026 2:39:00 PM",
"306","18.14595","9/2/2026 2:39:00 PM","9/2/2026 2:39:00 PM",
"307","18.14595","9/2/2026 2:39:00 PM","9/2/2026 2:39:00 PM",
"308","18.14569","9/2/2026 2:39:00 PM","9/2/2026 2:39:00 PM",
"309","18.14569","9/2/2026 2:39:00 PM","9/2/2026 2:39:00 PM",
"310","18.14521","9/2/2026 2:39:00 PM","9/2/2026 2:39:00 PM",
"311","18.14521","9/2/2026 2:39:00 PM","9/2/2026 2:39:00 PM",
"312","18.14517","9/2/2026 2:39:00 PM","9/2/2026 2:39:00 PM",
"313","18.14517","9/2/2026 2:39:00 PM","9/2/2026 2:39:00 PM",
"314","18.14517","9/2/2026 2:39:00 PM","9/2/2026 2:39:00 PM",
"315","18.14391","9/2/2026 2:39:00 PM","9/2/2026 2:39:00 PM",
"316","18.14391","9/2/2026 2:39:00 PM","9/2/2026 2:39:00 PM",
"317","18.14397","9/2/2026 2:39:00 PM","9/2/2026 2:39:00 PM",
"318","18.14397","9/2/2026 2:39:00 PM","9/2/2026 2:39:00 PM",
"319","18.14402","9/2/2026 2:39:00 PM","9/2/2026 2:39:00 PM",
"320","18.14402","9/2/2026 2:39:00 PM","9/2/2026 2:39:00 PM",
"321","18.14406","9/2/2026 2:39:00 PM","9/2/2026 2:39:00 PM",
"322","18.14406","9/2/2026 2:39:00 PM","9/2/2026 2:39:00 PM",
"323","18.14228","9/2/2026 2:39:00 PM","9/2/2026 2:39:00 PM",
"324","18.14228","9/2/2026 2:39:00 PM","9/2/2026 2:39:00 PM",
"325","18.14221","9/2/2026 2:39:00 PM","9/2/2026 2:39:00 PM",
"326","18.14221","9/2/2026 2:39:00 PM","9/2/2026 2:39:00 PM",
"327","18.1419","9/2/2026 2:39:00 PM","9/2/2026 2:39:00 PM",
"328","18.1419","9/2/2026 2:39:00 PM","9/2/2026 2:39:00 PM",
"329","18.14235","9/2/2026 2:39:00 PM","9/2/2026 2:39:00 PM",
"330","18.14235","9/2/2026 2:39:00 PM","9/2/2026 2:39:00 PM",
"331","18.14235","9/2/2026 2:39:00 PM","9/2/2026 2:39:00 PM",
"332","18.14235","9/2/2026 2:39:00 PM","9/2/2026 2:39:00 PM",
"333","18.14182","9/2/2026 2:39:00 PM","9/2/2026 2:39:00 PM",
"334","18.14182","9/2/2026 2:39:00 PM","9/2/2026 2:39:00 PM",
"335","18.14033","9/2/2026 2:39:00 PM","9/2/2026 2:39:00 PM",
"336","18.14033","9/2/2026 2:39:00 PM","9/2/2026 2:39:00 PM",
"337","18.14081","9/2/2026 2:39:00 PM","9/2/2026 2:39:00 PM",
"338","18.14081","9/2/2026 2:39:00 PM","9/2/2026 2:39:00 PM",
"339","18.13969","9/2/2026 2:39:00 PM","9/2/2026 2:39:00 PM",
"340","18.13969","9/2/2026 2:39:00 PM","9/2/2026 2:39:00 PM",
"341","18.13941","9/2/2026 2:39:00 PM","9/2/2026 2:39:00 PM",
"342","18.13941","9/2/2026 2:39:00 PM","9/2/2026 2:39:00 PM",
"343","18.13976","9/2/2026 2:39:00 PM","9/2/2026 2:39:00 PM",
"344","18.13976","9/2/2026 2:39:00 PM","9/2/2026 2:39:00 PM",
"345","18.13909","9/2/2026 2:39:00 PM","9/2/2026 2:39:00 PM",
"346","18.13909","9/2/2026 2:39:00 PM","9/2/2026 2:39:00 PM",
"347","18.13763","9/2/2026 2:39:00 PM","9/2/2026 2:39:00 PM",
"348","18.13763","9/2/2026 2:39:00 PM","9/2/2026 2:39:00 PM",
"349","18.13916","9/2/2026 2:39:00 PM","9/2/2026 2:39:00 PM",
"350","18.13916","9/2/2026 2:39:00 PM","9/2/2026 2:39:00 PM",
"351","18.13809","9/2/2026 2:39:00 PM","9/2/2026 2:39:00 PM",
"352","18.13809","9/2/2026 2:39:00 PM","9/2/2026 2:39:00 PM",
"353","18.13825","9/2/2026 2:39:01 PM","9/2/2026 2:39:01 PM",
"354","18.13825","9/2/2026 2:39:01 PM","9/2/2026 2:39:01 PM",
"355","18.1386","9/2/2026 2:39:01 PM","9/2/2026 2:39:01 PM",
"356","18.1386","9/2/2026 2:39:01 PM","9/2/2026 2:39:01 PM",
"357","18.13711","9/2/2026 2:39:01 PM","9/2/2026 2:39:01 PM",
"358","18.13711","9/2/2026 2:39:01 PM","9/2/2026 2:39:01 PM",
"359","18.13627","9/2/2026 2:39:01 PM","9/2/2026 2:39:01 PM",
"360","18.13627","9/2/2026 2:39:01 PM","9/2/2026 2:39:01 PM",
"361","18.13655","9/2/2026 2:39:01 PM","9/2/2026 2:39:01 PM",
"362","18.13655","9/2/2026 2:39:01 PM","9/2/2026 2:39:01 PM",
"363","18.13713","9/2/2026 2:39:01 PM","9/2/2026 2:39:01 PM",
"364","18.13713","9/2/2026 2:39:01 PM","9/2/2026 2:39:01 PM",
"365","18.13565","9/2/2026 2:39:01 PM","9/2/2026 2:39:01 PM",
"366","18.13565","9/2/2026 2:39:01 PM","9/2/2026 2:39:01 PM",
"367","18.13506","9/2/2026 2:39:01 PM","9/2/2026 2:39:01 PM",
"368","18.13506","9/2/2026 2:39:01 PM","9/2/2026 2:39:01 PM",
"369","18.13532","9/2/2026 2:39:01 PM","9/2/2026 2:39:01 PM",
"370","18.13532","9/2/2026 2:39:01 PM","9/2/2026 2:39:01 PM",
"371","18.13518","9/2/2026 2:39:01 PM","9/2/2026 2:39:01 PM",
"372","18.13518","9/2/2026 2:39:01 PM","9/2/2026 2:39:01 PM",
"373","18.13379","9/2/2026 2:39:01 PM","9/2/2026 2:39:01 PM",
"374","18.13379","9/2/2026 2:39:01 PM","9/2/2026 2:39:01 PM",
"375","18.13363","9/2/2026 2:39:01 PM","9/2/2026 2:39:01 PM",
"376","18.13363","9/2/2026 2:39:01 PM","9/2/2026 2:39:01 PM",
"377","18.13344","9/2/2026 2:39:01 PM","9/2/2026 2:39:01 PM",
"378","18.13344","9/2/2026 2:39:01 PM","9/2/2026 2:39:01 PM",
"379","18.13297","9/2/2026 2:39:01 PM","9/2/2026 2:39:01 PM",
"380","18.13297","9/2/2026 2:39:01 PM","9/2/2026 2:39:01 PM",
"381","18.13223","9/2/2026 2:39:01 PM","9/2/2026 2:39:01 PM",
"382","18.13223","9/2/2026 2:39:01 PM","9/2/2026 2:39:01 PM",
"383","18.13251","9/2/2026 2:39:01 PM","9/2/2026 2:39:01 PM",
"384","18.13251","9/2/2026 2:39:01 PM","9/2/2026 2:39:01 PM",
"385","18.13129","9/2/2026 2:39:01 PM","9/2/2026 2:39:01 PM",
"386","18.13129","9/2/2026 2:39:01 PM","9/2/2026 2:39:01 PM",
"387","18.13189","9/2/2026 2:39:01 PM","9/2/2026 2:39:01 PM",
"388","18.13189","9/2/2026 2:39:01 PM","9/2/2026 2:39:01 PM",
"389","18.13113","9/2/2026 2:39:01 PM","9/2/2026 2:39:01 PM",
"390","18.13113","9/2/2026 2:39:01 PM","9/2/2026 2:39:01 PM",
"391","18.13119","9/2/2026 2:39:01 PM","9/2/2026 2:39:01 PM",
"392","18.13119","9/2/2026 2:39:01 PM","9/2/2026 2:39:01 PM",
"393","18.13048","9/2/2026 2:39:01 PM","9/2/2026 2:39:01 PM",
"394","18.13048","9/2/2026 2:39:01 PM","9/2/2026 2:39:01 PM",
"395","18.13021","9/2/2026 2:39:01 PM","9/2/2026 2:39:01 PM",
"396","18.13021","9/2/2026 2:39:01 PM","9/2/2026 2:39:01 PM",
"397","18.13032","9/2/2026 2:39:01 PM","9/2/2026 2:39:01 PM",
"398","18.13032","9/2/2026 2:39:01 PM","9/2/2026 2:39:01 PM",
"399","18.13037","9/2/2026 2:39:01 PM","9/2/2026 2:39:01 PM",
"400","18.13037","9/2/2026 2:39:01 PM","9/2/2026 2:39:01 PM",
"401","18.13049","9/2/2026 2:39:01 PM","9/2/2026 2:39:01 PM",
"402","18.13049","9/2/2026 2:39:01 PM","9/2/2026 2:39:01 PM",
"403","18.12996","9/2/2026 2:39:01 PM","9/2/2026 2:39:01 PM",
"404","18.12996","9/2/2026 2:39:01 PM","9/2/2026 2:39:01 PM",
"405","18.12842","9/2/2026 2:39:01 PM","9/2/2026 2:39:01 PM",
"406","18.12842","9/2/2026 2:39:01 PM","9/2/2026 2:39:01 PM",
"407","18.1287","9/2/2026 2:39:01 PM","9/2/2026 2:39:01 PM",
"408","18.1287","9/2/2026 2:39:01 PM","9/2/2026 2:39:01 PM",
"409","18.12802","9/2/2026 2:39:01 PM","9/2/2026 2:39:01 PM",
"410","18.12802","9/2/2026 2:39:01 PM","9/2/2026 2:39:01 PM",
"411","18.12873","9/2/2026 2:39:01 PM","9/2/2026 2:39:01 PM",
"412","18.12873","9/2/2026 2:39:01 PM","9/2/2026 2:39:01 PM",
"413","18.12729","9/2/2026 2:39:01 PM","9/2/2026 2:39:01 PM",
"414","18.12729","9/2/2026 2:39:01 PM","9/2/2026 2:39:01 PM",
"415","18.12775","9/2/2026 2:39:01 PM","9/2/2026 2:39:01 PM",
"416","18.12775","9/2/2026 2:39:01 PM","9/2/2026 2:39:01 PM",
"417","18.12675","9/2/2026 2:39:01 PM","9/2/2026 2:39:01 PM",
"418","18.12675","9/2/2026 2:39:01 PM","9/2/2026 2:39:01 PM",
"419","18.12702","9/2/2026 2:39:01 PM","9/2/2026 2:39:01 PM",
"420","18.12702","9/2/2026 2:39:01 PM","9/2/2026 2:39:01 PM",
"421","18.12552","9/2/2026 2:39:01 PM","9/2/2026 2:39:01 PM",
"422","18.12552","9/2/2026 2:39:01 PM","9/2/2026 2:39:01 PM",
"423","18.12588","9/2/2026 2:39:01 PM","9/2/2026 2:39:01 PM",
"424","18.12588","9/2/2026 2:39:01 PM","9/2/2026 2:39:01 PM",
"425","18.12653","9/2/2026 2:39:01 PM","9/2/2026 2:39:01 PM",
"426","18.12653","9/2/2026 2:39:01 PM","9/2/2026 2:39:01 PM",
"427","18.12588","9/2/2026 2:39:01 PM","9/2/2026 2:39:01 PM",
"428","18.12588","9/2/2026 2:39:01 PM","9/2/2026 2:39:01 PM",
"429","18.12446","9/2/2026 2:39:01 PM","9/2/2026 2:39:01 PM",
"430","18.12446","9/2/2026 2:39:01 PM","9/2/2026 2:39:01 PM",
"431","18.12523","9/2/2026 2:39:01 PM","9/2/2026 2:39:01 PM",
"432","18.12523","9/2/2026 2:39:01 PM","9/2/2026 2:39:01 PM",
"433","18.12439","9/2/2026 2:39:01 PM","9/2/2026 2:39:01 PM",
"434","18.12439","9/2/2026 2:39:01 PM","9/2/2026 2:39:01 PM",
"435","18.1237","9/2/2026 2:39:01 PM","9/2/2026 2:39:01 PM",
"436","18.1237","9/2/2026 2:39:01 PM","9/2/2026 2:39:01 PM",
"437","18.12366","9/2/2026 2:39:01 PM","9/2/2026 2:39:01 PM",
"438","18.12366","9/2/2026 2:39:01 PM","9/2/2026 2:39:01 PM",
"439","18.12399","9/2/2026 2:39:01 PM","9/2/2026 2:39:01 PM",
"440","18.12399","9/2/2026 2:39:01 PM","9/2/2026 2:39:01 PM",
"441","18.12312","9/2/2026 2:39:01 PM","9/2/2026 2:39:01 PM",
"442","18.12312","9/2/2026 2:39:01 PM","9/2/2026 2:39:01 PM",
"443","18.12253","9/2/2026 2:39:01 PM","9/2/2026 2:39:01 PM",
"444","18.12253","9/2/2026 2:39:01 PM","9/2/2026 2:39:01 PM",
"445","18.12294","9/2/2026 2:39:01 PM","9/2/2026 2:39:01 PM",
"446","18.12294","9/2/2026 2:39:01 PM","9/2/2026 2:39:01 PM",
"447","18.12185","9/2/2026 2:39:01 PM","9/2/2026 2:39:01 PM",
"448","18.12185","9/2/2026 2:39:01 PM","9/2/2026 2:39:01 PM",
"449","18.12139","9/2/2026 2:39:01 PM","9/2/2026 2:39:01 PM",
"450","18.12139","9/2/2026 2:39:01 PM","9/2/2026 2:39:01 PM",
"451","18.12119","9/2/2026 2:39:01 PM","9/2/2026 2:39:01 PM",
"452","18.12119","9/2/2026 2:39:01 PM","9/2/2026 2:39:01 PM",
"453","18.12173","9/2/2026 2:39:02 PM","9/2/2026 2:39:02 PM",
"454","18.12173","9/2/2026 2:39:02 PM","9/2/2026 2:39:02 PM",
"455","18.12081","9/2/2026 2:39:02 PM","9/2/2026 2:39:02 PM",
"456","18.12081","9/2/2026 2:39:02 PM","9/2/2026 2:39:02 PM",
"457","18.12122","9/2/2026 2:39:02 PM","9/2/2026 2:39:02 PM",
"458","18.12122","9/2/2026 2:39:02 PM","9/2/2026 2:39:02 PM",
"459","18.12148","9/2/2026 2:39:02 PM","9/2/2026 2:39:02 PM",
"460","18.12148","9/2/2026 2:39:02 PM","9/2/2026 2:39:02 PM",
"461","18.11954","9/2/2026 2:39:02 PM","9/2/2026 2:39:02 PM",
"462","18.11954","9/2/2026 2:39:02 PM","9/2/2026 2:39:02 PM",
"463","18.12072","9/2/2026 2:39:02 PM","9/2/2026 2:39:02 PM",
"464","18.12072","9/2/2026 2:39:02 PM","9/2/2026 2:39:02 PM",
"465","18.11933","9/2/2026 2:39:02 PM","9/2/2026 2:39:02 PM",
"466","18.11933","9/2/2026 2:39:02 PM","9/2/2026 2:39:02 PM",
"467","18.12006","9/2/2026 2:39:02 PM","9/2/2026 2:39:02 PM",
"468","18.12006","9/2/2026 2:39:02 PM","9/2/2026 2:39:02 PM",
"469","18.11956","9/2/2026 2:39:02 PM","9/2/2026 2:39:02 PM",
"470","18.11956","9/2/2026 2:39:02 PM","9/2/2026 2:39:02 PM",
"471","18.12062","9/2/2026 2:39:02 PM","9/2/2026 2:39:02 PM",
"472","18.12062","9/2/2026 2:39:02 PM","9/2/2026 2:39:02 PM",
"473","18.11936","9/2/2026 2:39:02 PM","9/2/2026 2:39:02 PM",
"474","18.11936","9/2/2026 2:39:02 PM","9/2/2026 2:39:02 PM",
"475","18.11881","9/2/2026 2:39:02 PM","9/2/2026 2:39:02 PM",
"476","18.11881","9/2/2026 2:39:02 PM","9/2/2026 2:39:02 PM",
"477","18.11796","9/2/2026 2:39:02 PM","9/2/2026 2:39:02 PM",
"478","18.11796","9/2/2026 2:39:02 PM","9/2/2026 2:39:02 PM",
"479","18.11838","9/2/2026 2:39:02 PM","9/2/2026 2:39:02 PM",
"480","18.11838","9/2/2026 2:39:02 PM","9/2/2026 2:39:02 PM",
"481","18.11709","9/2/2026 2:39:02 PM","9/2/2026 2:39:02 PM",
"482","18.11709","9/2/2026 2:39:02 PM","9/2/2026 2:39:02 PM",
"483","18.11782","9/2/2026 2:39:02 PM","9/2/2026 2:39:02 PM",
"484","18.11782","9/2/2026 2:39:02 PM","9/2/2026 2:39:02 PM",
"485","18.11667","9/2/2026 2:39:02 PM","9/2/2026 2:39:02 PM",
"486","18.11667","9/2/2026 2:39:02 PM","9/2/2026 2:39:02 PM",
"487","18.11684","9/2/2026 2:39:02 PM","9/2/2026 2:39:02 PM",
"488","18.11684","9/2/2026 2:39:02 PM","9/2/2026 2:39:02 PM",
"489","18.11576","9/2/2026 2:39:02 PM","9/2/2026 2:39:02 PM",
"490","18.11576","9/2/2026 2:39:02 PM","9/2/2026 2:39:02 PM",
"491","18.11619","9/2/2026 2:39:02 PM","9/2/2026 2:39:02 PM",
"492","18.11619","9/2/2026 2:39:02 PM","9/2/2026 2:39:02 PM",
"493","18.1153","9/2/2026 2:39:02 PM","9/2/2026 2:39:02 PM",
"494","18.1153","9/2/2026 2:39:02 PM","9/2/2026 2:39:02 PM",
"495","18.11623","9/2/2026 2:39:02 PM","9/2/2026 2:39:02 PM",
"496","18.11623","9/2/2026 2:39:02 PM","9/2/2026 2:39:02 PM",
"497","18.11584","9/2/2026 2:39:02 PM","9/2/2026 2:39:02 PM",
"498","18.11584","9/2/2026 2:39:02 PM","9/2/2026 2:39:02 PM",
"499","18.11488","9/2/2026 2:39:02 PM","9/2/2026 2:39:02 PM",
"500","18.11488","9/2/2026 2:39:02 PM","9/2/2026 2:39:02 PM",
"501","18.11487","9/2/2026 2:39:02 PM","9/2/2026 2:39:02 PM",
"502","18.11487","9/2/2026 2:39:02 PM","9/2/2026 2:39:02 PM",
"503","18.11382","9/2/2026 2:39:02 PM","9/2/2026 2:39:02 PM",
"504","18.11382","9/2/2026 2:39:02 PM","9/2/2026 2:39:02 PM",
"505","18.11407","9/2/2026 2:39:02 PM","9/2/2026 2:39:02 PM",
"506","18.11407","9/2/2026 2:39:02 PM","9/2/2026 2:39:02 PM",
"507","18.11294","9/2/2026 2:39:02 PM","9/2/2026 2:39:02 PM",
"508","18.11294","9/2/2026 2:39:02 PM","9/2/2026 2:39:02 PM",
"509","18.11364","9/2/2026 2:39:02 PM","9/2/2026 2:39:02 PM",
"510","18.11364","9/2/2026 2:39:02 PM","9/2/2026 2:39:02 PM",
"511","18.1133","9/2/2026 2:39:02 PM","9/2/2026 2:39:02 PM",
"512","18.1133","9/2/2026 2:39:02 PM","9/2/2026 2:39:02 PM",
"513","18.1133","9/2/2026 2:39:02 PM","9/2/2026 2:39:02 PM",
"514","18.11308","9/2/2026 2:39:02 PM","9/2/2026 2:39:02 PM",
"515","18.11308","9/2/2026 2:39:02 PM","9/2/2026 2:39:02 PM",
"516","18.11272","9/2/2026 2:39:02 PM","9/2/2026 2:39:02 PM",
"517","18.11272","9/2/2026 2:39:02 PM","9/2/2026 2:39:02 PM",
"518","18.11237","9/2/2026 2:39:02 PM","9/2/2026 2:39:02 PM",
"519","18.11237","9/2/2026 2:39:02 PM","9/2/2026 2:39:02 PM",
"520","18.11189","9/2/2026 2:39:02 PM","9/2/2026 2:39:02 PM",
"521","18.11189","9/2/2026 2:39:02 PM","9/2/2026 2:39:02 PM",
"522","18.11125","9/2/2026 2:39:02 PM","9/2/2026 2:39:02 PM",
"523","18.11125","9/2/2026 2:39:02 PM","9/2/2026 2:39:02 PM",
"524","18.11055","9/2/2026 2:39:02 PM","9/2/2026 2:39:02 PM",
"525","18.11055","9/2/2026 2:39:02 PM","9/2/2026 2:39:02 PM",
"526","18.11104","9/2/2026 2:39:02 PM","9/2/2026 2:39:02 PM",
"527","18.11104","9/2/2026 2:39:02 PM","9/2/2026 2:39:02 PM",
"528","18.10892","9/2/2026 2:39:02 PM","9/2/2026 2:39:02 PM",
"529","18.10892","9/2/2026 2:39:02 PM","9/2/2026 2:39:02 PM",
"530","18.11031","9/2/2026 2:39:02 PM","9/2/2026 2:39:02 PM",
"531","18.11031","9/2/2026 2:39:02 PM","9/2/2026 2:39:02 PM",
"532","18.11056","9/2/2026 2:39:02 PM","9/2/2026 2:39:02 PM",
"533","18.11056","9/2/2026 2:39:02 PM","9/2/2026 2:39:02 PM",
"534","18.11021","9/2/2026 2:39:02 PM","9/2/2026 2:39:02 PM",
"535","18.11021","9/2/2026 2:39:02 PM","9/2/2026 2:39:02 PM",
"536","18.10711","9/2/2026 2:39:02 PM","9/2/2026 2:39:02 PM",
"537","18.10711","9/2/2026 2:39:02 PM","9/2/2026 2:39:02 PM",
"538","18.10871","9/2/2026 2:39:02 PM","9/2/2026 2:39:02 PM",
"539","18.10871","9/2/2026 2:39:02 PM","9/2/2026 2:39:02 PM",
"540","18.10853","9/2/2026 2:39:02 PM","9/2/2026 2:39:02 PM",
"541","18.10853","9/2/2026 2:39:02 PM","9/2/2026 2:39:02 PM",
"542","18.10889","9/2/2026 2:39:02 PM","9/2/2026 2:39:02 PM",
"543","18.10889","9/2/2026 2:39:02 PM","9/2/2026 2:39:02 PM",
"544","18.10761","9/2/2026 2:39:02 PM","9/2/2026 2:39:02 PM",
"545","18.10761","9/2/2026 2:39:02 PM","9/2/2026 2:39:02 PM",
"546","18.10681","9/2/2026 2:39:02 PM","9/2/2026 2:39:02 PM",
"547","18.10681","9/2/2026 2:39:02 PM","9/2/2026 2:39:02 PM",
"548","18.10516","9/2/2026 2:39:02 PM","9/2/2026 2:39:02 PM",
"549","18.10516","9/2/2026 2:39:02 PM","9/2/2026 2:39:02 PM",
"550","18.10436","9/2/2026 2:39:02 PM","9/2/2026 2:39:02 PM",
"551","18.10436","9/2/2026 2:39:02 PM","9/2/2026 2:39:02 PM",
"552","18.10551","9/2/2026 2:39:02 PM","9/2/2026 2:39:02 PM",
"553","18.10551","9/2/2026 2:39:03 PM","9/2/2026 2:39:03 PM",
"554","18.10482","9/2/2026 2:39:03 PM","9/2/2026 2:39:03 PM",
"555","18.10482","9/2/2026 2:39:03 PM","9/2/2026 2:39:03 PM",
"556","18.10448","9/2/2026 2:39:03 PM","9/2/2026 2:39:03 PM",
"557","18.10448","9/2/2026 2:39:03 PM","9/2/2026 2:39:03 PM",
"558","18.10453","9/2/2026 2:39:03 PM","9/2/2026 2:39:03 PM",
"559","18.10453","9/2/2026 2:39:03 PM","9/2/2026 2:39:03 PM",
"560","18.10356","9/2/2026 2:39:03 PM","9/2/2026 2:39:03 PM",
"561","18.10356","9/2/2026 2:39:03 PM","9/2/2026 2:39:03 PM",
"562","18.10285","9/2/2026 2:39:03 PM","9/2/2026 2:39:03 PM",
"563","18.10285","9/2/2026 2:39:03 PM","9/2/2026 2:39:03 PM",
"564","18.10285","9/2/2026 2:39:03 PM","9/2/2026 2:39:03 PM",
"565","18.10285","9/2/2026 2:39:03 PM","9/2/2026 2:39:03 PM",
"566","18.10232","9/2/2026 2:39:03 PM","9/2/2026 2:39:03 PM",
"567","18.10232","9/2/2026 2:39:03 PM","9/2/2026 2:39:03 PM",
"568","18.10118","9/2/2026 2:39:03 PM","9/2/2026 2:39:03 PM",
"569","18.10118","9/2/2026 2:39:03 PM","9/2/2026 2:39:03 PM",
"570","18.10132","9/2/2026 2:39:03 PM","9/2/2026 2:39:03 PM",
"571","18.10132","9/2/2026 2:39:03 PM","9/2/2026 2:39:03 PM",
"572","18.10055","9/2/2026 2:39:03 PM","9/2/2026 2:39:03 PM",
"573","18.10055","9/2/2026 2:39:03 PM","9/2/2026 2:39:03 PM",
"574","18.09996","9/2/2026 2:39:03 PM","9/2/2026 2:39:03 PM",
"575","18.09996","9/2/2026 2:39:03 PM","9/2/2026 2:39:03 PM",
"576","18.09984","9/2/2026 2:39:03 PM","9/2/2026 2:39:03 PM",
"577","18.09984","9/2/2026 2:39:03 PM","9/2/2026 2:39:03 PM",
"578","18.09871","9/2/2026 2:39:03 PM","9/2/2026 2:39:03 PM",
"579","18.09871","9/2/2026 2:39:03 PM","9/2/2026 2:39:03 PM",
"580","18.09815","9/2/2026 2:39:03 PM","9/2/2026 2:39:03 PM",
"581","18.09815","9/2/2026 2:39:03 PM","9/2/2026 2:39:03 PM",
"582","18.09778","9/2/2026 2:39:03 PM","9/2/2026 2:39:03 PM",
"583","18.09778","9/2/2026 2:39:03 PM","9/2/2026 2:39:03 PM",
"584","18.09748","9/2/2026 2:39:03 PM","9/2/2026 2:39:03 PM",
"585","18.09748","9/2/2026 2:39:03 PM","9/2/2026 2:39:03 PM",
"586","18.09681","9/2/2026 2:39:03 PM","9/2/2026 2:39:03 PM",
"587","18.09681","9/2/2026 2:39:03 PM","9/2/2026 2:39:03 PM",
"588","18.09604","9/2/2026 2:39:03 PM","9/2/2026 2:39:03 PM",
"589","18.09604","9/2/2026 2:39:03 PM","9/2/2026 2:39:03 PM",
"590","18.09712","9/2/2026 2:39:03 PM","9/2/2026 2:39:03 PM",
"591","18.09712","9/2/2026 2:39:03 PM","9/2/2026 2:39:03 PM",
"592","18.09512","9/2/2026 2:39:03 PM","9/2/2026 2:39:03 PM",
"593","18.09512","9/2/2026 2:39:03 PM","9/2/2026 2:39:03 PM",
"594","18.09445","9/2/2026 2:39:03 PM","9/2/2026 2:39:03 PM",
"595","18.09445","9/2/2026 2:39:03 PM","9/2/2026 2:39:03 PM",
"596","18.09418","9/2/2026 2:39:03 PM","9/2/2026 2:39:03 PM",
"597","18.09418","9/2/2026 2:39:03 PM","9/2/2026 2:39:03 PM",
"598","18.09418","9/2/2026 2:39:03 PM","9/2/2026 2:39:03 PM",
"599","18.09418","9/2/2026 2:39:03 PM","9/2/2026 2:39:03 PM",
"600","18.09389","9/2/2026 2:39:03 PM","9/2/2026 2:39:03 PM",
"601","18.09389","9/2/2026 2:39:03 PM","9/2/2026 2:39:03 PM",
"602","18.0931","9/2/2026 2:39:03 PM","9/2/2026 2:39:03 PM",
"603","18.0931","9/2/2026 2:39:03 PM","9/2/2026 2:39:03 PM",
"604","18.09232","9/2/2026 2:39:03 PM","9/2/2026 2:39:03 PM",
"605","18.09232","9/2/2026 2:39:03 PM","9/2/2026 2:39:03 PM",
"606","18.09142","9/2/2026 2:39:03 PM","9/2/2026 2:39:03 PM",
"607","18.09142","9/2/2026 2:39:03 PM","9/2/2026 2:39:03 PM",
"608","18.09118","9/2/2026 2:39:03 PM","9/2/2026 2:39:03 PM",
"609","18.09118","9/2/2026 2:39:03 PM","9/2/2026 2:39:03 PM",
"610","18.09118","9/2/2026 2:39:03 PM","9/2/2026 2:39:03 PM",
"611","18.09118","9/2/2026 2:39:03 PM","9/2/2026 2:39:03 PM",
"612","18.09131","9/2/2026 2:39:03 PM","9/2/2026 2:39:03 PM",
"613","18.09131","9/2/2026 2:39:03 PM","9/2/2026 2:39:03 PM",
"614","18.09115","9/2/2026 2:39:03 PM","9/2/2026 2:39:03 PM",
"615","18.09115","9/2/2026 2:39:03 PM","9/2/2026 2:39:03 PM",
"616","18.09042","9/2/2026 2:39:03 PM","9/2/2026 2:39:03 PM",
"617","18.09042","9/2/2026 2:39:03 PM","9/2/2026 2:39:03 PM",
"618","18.09057","9/2/2026 2:39:03 PM","9/2/2026 2:39:03 PM",
"619","18.09057","9/2/2026 2:39:03 PM","9/2/2026 2:39:03 PM",
"620","18.0898","9/2/2026 2:39:03 PM","9/2/2026 2:39:03 PM",
"621","18.0898","9/2/2026 2:39:03 PM","9/2/2026 2:39:03 PM",
"622","18.08893","9/2/2026 2:39:03 PM","9/2/2026 2:39:03 PM",
"623","18.08893","9/2/2026 2:39:03 PM","9/2/2026 2:39:03 PM",
"624","18.08851","9/2/2026 2:39:03 PM","9/2/2026 2:39:03 PM",
"625","18.08851","9/2/2026 2:39:03 PM","9/2/2026 2:39:03 PM",
"626","18.0887","9/2/2026 2:39:03 PM","9/2/2026 2:39:03 PM",
"627","18.0887","9/2/2026 2:39:03 PM","9/2/2026 2:39:03 PM",
"628","18.08898","9/2/2026 2:39:03 PM","9/2/2026 2:39:03 PM",
"629","18.08898","9/2/2026 2:39:03 PM","9/2/2026 2:39:03 PM",
"630","18.08784","9/2/2026 2:39:03 PM","9/2/2026 2:39:03 PM",
"631","18.08784","9/2/2026 2:39:03 PM","9/2/2026 2:39:03 PM",
"632","18.0876","9/2/2026 2:39:03 PM","9/2/2026 2:39:03 PM",
"633","18.0876","9/2/2026 2:39:03 PM","9/2/2026 2:39:03 PM",
"634","18.08698","9/2/2026 2:39:03 PM","9/2/2026 2:39:03 PM",
"635","18.08698","9/2/2026 2:39:03 PM","9/2/2026 2:39:03 PM",
"636","18.08756","9/2/2026 2:39:03 PM","9/2/2026 2:39:03 PM",
"637","18.08756","9/2/2026 2:39:03 PM","9/2/2026 2:39:03 PM",
"638","18.08648","9/2/2026 2:39:03 PM","9/2/2026 2:39:03 PM",
"639","18.08648","9/2/2026 2:39:03 PM","9/2/2026 2:39:03 PM",
"640","18.08678","9/2/2026 2:39:03 PM","9/2/2026 2:39:03 PM",
"641","18.08678","9/2/2026 2:39:03 PM","9/2/2026 2:39:03 PM",
"642","18.08718","9/2/2026 2:39:03 PM","9/2/2026 2:39:03 PM",
"643","18.08718","9/2/2026 2:39:03 PM","9/2/2026 2:39:03 PM",
"644","18.08778","9/2/2026 2:39:03 PM","9/2/2026 2:39:03 PM",
"645","18.08778","9/2/2026 2:39:03 PM","9/2/2026 2:39:03 PM",
"646","18.08689","9/2/2026 2:39:03 PM","9/2/2026 2:39:03 PM",
"647","18.08689","9/2/2026 2:39:03 PM","9/2/2026 2:39:03 PM",
"648","18.08644","9/2/2026 2:39:03 PM","9/2/2026 2:39:03 PM",
"649","18.08644","9/2/2026 2:39:03 PM","9/2/2026 2:39:03 PM",
"650","18.08528","9/2/2026 2:39:03 PM","9/2/2026 2:39:03 PM",
"651","18.08528","9/2/2026 2:39:03 PM","9/2/2026 2:39:03 PM",
"652","18.08544","9/2/2026 2:39:03 PM","9/2/2026 2:39:03 PM",
"653","18.08544","9/2/2026 2:39:04 PM","9/2/2026 2:39:04 PM",
"654","18.08596","9/2/2026 2:39:04 PM","9/2/2026 2:39:04 PM",
"655","18.08596","9/2/2026 2:39:04 PM","9/2/2026 2:39:04 PM",
"656","18.08532","9/2/2026 2:39:04 PM","9/2/2026 2:39:04 PM",
"657","18.08532","9/2/2026 2:39:04 PM","9/2/2026 2:39:04 PM",
"658","18.08567","9/2/2026 2:39:04 PM","9/2/2026 2:39:04 PM",
"659","18.08567","9/2/2026 2:39:04 PM","9/2/2026 2:39:04 PM",
"660","18.08524","9/2/2026 2:39:04 PM","9/2/2026 2:39:04 PM",
"661","18.08524","9/2/2026 2:39:04 PM","9/2/2026 2:39:04 PM",
"662","18.08521","9/2/2026 2:39:04 PM","9/2/2026 2:39:04 PM",
"663","18.08521","9/2/2026 2:39:04 PM","9/2/2026 2:39:04 PM",
"664","18.08476","9/2/2026 2:39:04 PM","9/2/2026 2:39:04 PM",
"665","18.08476","9/2/2026 2:39:04 PM","9/2/2026 2:39:04 PM",
"666","18.08397","9/2/2026 2:39:04 PM","9/2/2026 2:39:04 PM",
"667","18.08397","9/2/2026 2:39:04 PM","9/2/2026 2:39:04 PM",
"668","18.08306","9/2/2026 2:39:04 PM","9/2/2026 2:39:04 PM",
"669","18.08306","9/2/2026 2:39:04 PM","9/2/2026 2:39:04 PM",
"670","18.08321","9/2/2026 2:39:04 PM","9/2/2026 2:39:04 PM",
"671","18.08321","9/2/2026 2:39:04 PM","9/2/2026 2:39:04 PM",
"672","18.08301","9/2/2026 2:39:04 PM","9/2/2026 2:39:04 PM",
"673","18.08301","9/2/2026 2:39:04 PM","9/2/2026 2:39:04 PM",
"674","18.08311","9/2/2026 2:39:04 PM","9/2/2026 2:39:04 PM",
"675","18.08311","9/2/2026 2:39:04 PM","9/2/2026 2:39:04 PM",
"676","18.08218","9/2/2026 2:39:04 PM","9/2/2026 2:39:04 PM",
"677","18.08218","9/2/2026 2:39:04 PM","9/2/2026 2:39:04 PM",
"678","18.08339","9/2/2026 2:39:04 PM","9/2/2026 2:39:04 PM",
"679","18.08339","9/2/2026 2:39:04 PM","9/2/2026 2:39:04 PM",
"680","18.08273","9/2/2026 2:39:04 PM","9/2/2026 2:39:04 PM",
"681","18.08273","9/2/2026 2:39:04 PM","9/2/2026 2:39:04 PM",
"682","18.08269","9/2/2026 2:39:04 PM","9/2/2026 2:39:04 PM",
"683","18.08269","9/2/2026 2:39:04 PM","9/2/2026 2:39:04 PM",
"684","18.08185","9/2/2026 2:39:04 PM","9/2/2026 2:39:04 PM",
"685","18.08185","9/2/2026 2:39:04 PM","9/2/2026 2:39:04 PM",
"686","18.08141","9/2/2026 2:39:04 PM","9/2/2026 2:39:04 PM",
"687","18.08141","9/2/2026 2:39:04 PM","9/2/2026 2:39:04 PM",
"688","18.08065","9/2/2026 2:39:04 PM","9/2/2026 2:39:04 PM",
"689","18.08065","9/2/2026 2:39:04 PM","9/2/2026 2:39:04 PM",
"690","18.08076","9/2/2026 2:39:04 PM","9/2/2026 2:39:04 PM",
"691","18.08076","9/2/2026 2:39:04 PM","9/2/2026 2:39:04 PM",
"692","18.08047","9/2/2026 2:39:04 PM","9/2/2026 2:39:04 PM",
"693","18.08047","9/2/2026 2:39:04 PM","9/2/2026 2:39:04 PM",
"694","18.08276","9/2/2026 2:39:04 PM","9/2/2026 2:39:04 PM",
"695","18.08276","9/2/2026 2:39:04 PM","9/2/2026 2:39:04 PM",
"696","18.07986","9/2/2026 2:39:04 PM","9/2/2026 2:39:04 PM",
"697","18.07986","9/2/2026 2:39:04 PM","9/2/2026 2:39:04 PM",
"698","18.07992","9/2/2026 2:39:04 PM","9/2/2026 2:39:04 PM",
"699","18.07992","9/2/2026 2:39:04 PM","9/2/2026 2:39:04 PM",
"700","18.08139","9/2/2026 2:39:04 PM","9/2/2026 2:39:04 PM",
"701","18.08139","9/2/2026 2:39:04 PM","9/2/2026 2:39:04 PM",
"702","18.07915","9/2/2026 2:39:04 PM","9/2/2026 2:39:04 PM",
"703","18.07915","9/2/2026 2:39:04 PM","9/2/2026 2:39:04 PM",
"704","18.07926","9/2/2026 2:39:04 PM","9/2/2026 2:39:04 PM",
"705","18.07926","9/2/2026 2:39:04 PM","9/2/2026 2:39:04 PM",
"706","18.07952","9/2/2026 2:39:04 PM","9/2/2026 2:39:04 PM",
"707","18.07952","9/2/2026 2:39:04 PM","9/2/2026 2:39:04 PM",
"708","18.07871","9/2/2026 2:39:04 PM","9/2/2026 2:39:04 PM",
"709","18.07871","9/2/2026 2:39:04 PM","9/2/2026 2:39:04 PM",
"710","18.07871","9/2/2026 2:39:04 PM","9/2/2026 2:39:04 PM",
"711","18.07681","9/2/2026 2:39:04 PM","9/2/2026 2:39:04 PM",
"712","18.07681","9/2/2026 2:39:04 PM","9/2/2026 2:39:04 PM",
"713","18.07605","9/2/2026 2:39:04 PM","9/2/2026 2:39:04 PM",
"714","18.07605","9/2/2026 2:39:04 PM","9/2/2026 2:39:04 PM",
"715","18.07743","9/2/2026 2:39:04 PM","9/2/2026 2:39:04 PM",
"716","18.07743","9/2/2026 2:39:04 PM","9/2/2026 2:39:04 PM",
"717","18.0765","9/2/2026 2:39:04 PM","9/2/2026 2:39:04 PM",
"718","18.0765","9/2/2026 2:39:04 PM","9/2/2026 2:39:04 PM",
"719","18.07484","9/2/2026 2:39:04 PM","9/2/2026 2:39:04 PM",
"720","18.07484","9/2/2026 2:39:04 PM","9/2/2026 2:39:04 PM",
"721","18.07674","9/2/2026 2:39:04 PM","9/2/2026 2:39:04 PM",
"722","18.07674","9/2/2026 2:39:04 PM","9/2/2026 2:39:04 PM",
"723","18.07697","9/2/2026 2:39:04 PM","9/2/2026 2:39:04 PM",
"724","18.07697","9/2/2026 2:39:04 PM","9/2/2026 2:39:04 PM",
"725","18.07542","9/2/2026 2:39:04 PM","9/2/2026 2:39:04 PM",
"726","18.07542","9/2/2026 2:39:04 PM","9/2/2026 2:39:04 PM",
"727","18.07352","9/2/2026 2:39:04 PM","9/2/2026 2:39:04 PM",
"728","18.07352","9/2/2026 2:39:04 PM","9/2/2026 2:39:04 PM",
"729","18.07452","9/2/2026 2:39:04 PM","9/2/2026 2:39:04 PM",
"730","18.07452","9/2/2026 2:39:04 PM","9/2/2026 2:39:04 PM",
"731","18.07469","9/2/2026 2:39:04 PM","9/2/2026 2:39:04 PM",
"732","18.07469","9/2/2026 2:39:04 PM","9/2/2026 2:39:04 PM",
"733","18.07334","9/2/2026 2:39:04 PM","9/2/2026 2:39:04 PM",
"734","18.07334","9/2/2026 2:39:04 PM","9/2/2026 2:39:04 PM",
"735","18.07346","9/2/2026 2:39:04 PM","9/2/2026 2:39:04 PM",
"736","18.07346","9/2/2026 2:39:04 PM","9/2/2026 2:39:04 PM",
"737","18.07378","9/2/2026 2:39:04 PM","9/2/2026 2:39:04 PM",
"738","18.07378","9/2/2026 2:39:04 PM","9/2/2026 2:39:04 PM",
"739","18.07251","9/2/2026 2:39:04 PM","9/2/2026 2:39:04 PM",
"740","18.07267","9/2/2026 2:39:04 PM","9/2/2026 2:39:04 PM",
"741","18.07267","9/2/2026 2:39:04 PM","9/2/2026 2:39:04 PM",
"742","18.07135","9/2/2026 2:39:04 PM","9/2/2026 2:39:04 PM",
"743","18.07135","9/2/2026 2:39:04 PM","9/2/2026 2:39:04 PM",
"744","18.07189","9/2/2026 2:39:04 PM","9/2/2026 2:39:04 PM",
"745","18.07189","9/2/2026 2:39:04 PM","9/2/2026 2:39:04 PM",
"746","18.07087","9/2/2026 2:39:04 PM","9/2/2026 2:39:04 PM",
"747","18.07087","9/2/2026 2:39:04 PM","9/2/2026 2:39:04 PM",
"748","18.07087","9/2/2026 2:39:04 PM","9/2/2026 2:39:04 PM",
"749","18.07042","9/2/2026 2:39:04 PM","9/2/2026 2:39:04 PM",
"750","18.07042","9/2/2026 2:39:04 PM","9/2/2026 2:39:04 PM",
"751","18.06916","9/2/2026 2:39:04 PM","9/2/2026 2:39:04 PM",
"752","18.06916","9/2/2026 2:39:04 PM","9/2/2026 2:39:04 PM",
"753","18.06837","9/2/2026 2:39:05 PM","9/2/2026 2:39:05 PM",
"754","18.06837","9/2/2026 2:39:05 PM","9/2/2026 2:39:05 PM",
"755","18.06954","9/2/2026 2:39:05 PM","9/2/2026 2:39:05 PM",
"756","18.06954","9/2/2026 2:39:05 PM","9/2/2026 2:39:05 PM",
"757","18.06826","9/2/2026 2:39:05 PM","9/2/2026 2:39:05 PM",
"758","18.06826","9/2/2026 2:39:05 PM","9/2/2026 2:39:05 PM",
"759","18.0689","9/2/2026 2:39:05 PM","9/2/2026 2:39:05 PM",
"760","18.0689","9/2/2026 2:39:05 PM","9/2/2026 2:39:05 PM",
"761","18.0687","9/2/2026 2:39:05 PM","9/2/2026 2:39:05 PM",
"762","18.0687","9/2/2026 2:39:05 PM","9/2/2026 2:39:05 PM",
"763","18.06787","9/2/2026 2:39:05 PM","9/2/2026 2:39:05 PM",
"764","18.06787","9/2/2026 2:39:05 PM","9/2/2026 2:39:05 PM",
"765","18.06664","9/2/2026 2:39:05 PM","9/2/2026 2:39:05 PM",
"766","18.06664","9/2/2026 2:39:05 PM","9/2/2026 2:39:05 PM",
"767","18.06686","9/2/2026 2:39:05 PM","9/2/2026 2:39:05 PM",
"768","18.06686","9/2/2026 2:39:05 PM","9/2/2026 2:39:05 PM",
"769","18.06635","9/2/2026 2:39:05 PM","9/2/2026 2:39:05 PM",
"770","18.06635","9/2/2026 2:39:05 PM","9/2/2026 2:39:05 PM",
"771","18.06698","9/2/2026 2:39:05 PM","9/2/2026 2:39:05 PM",
"772","18.06698","9/2/2026 2:39:05 PM","9/2/2026 2:39:05 PM",
"773","18.0667","9/2/2026 2:39:05 PM","9/2/2026 2:39:05 PM",
"774","18.0667","9/2/2026 2:39:05 PM","9/2/2026 2:39:05 PM",
"775","18.0662","9/2/2026 2:39:05 PM","9/2/2026 2:39:05 PM",
"776","18.0662","9/2/2026 2:39:05 PM","9/2/2026 2:39:05 PM",
"777","18.06529","9/2/2026 2:39:05 PM","9/2/2026 2:39:05 PM",
"778","18.06529","9/2/2026 2:39:05 PM","9/2/2026 2:39:05 PM",
"779","18.06515","9/2/2026 2:39:05 PM","9/2/2026 2:39:05 PM",
"780","18.06515","9/2/2026 2:39:05 PM","9/2/2026 2:39:05 PM",
"781","18.06475","9/2/2026 2:39:05 PM","9/2/2026 2:39:05 PM",
"782","18.06475","9/2/2026 2:39:05 PM","9/2/2026 2:39:05 PM",
"783","18.06435","9/2/2026 2:39:05 PM","9/2/2026 2:39:05 PM",
"784","18.06435","9/2/2026 2:39:05 PM","9/2/2026 2:39:05 PM",
"785","18.0632","9/2/2026 2:39:05 PM","9/2/2026 2:39:05 PM",
"786","18.0632","9/2/2026 2:39:05 PM","9/2/2026 2:39:05 PM",
"787","18.06415","9/2/2026 2:39:05 PM","9/2/2026 2:39:05 PM",
"788","18.06415","9/2/2026 2:39:05 PM","9/2/2026 2:39:05 PM",
"789","18.06285","9/2/2026 2:39:05 PM","9/2/2026 2:39:05 PM",
"790","18.06285","9/2/2026 2:39:05 PM","9/2/2026 2:39:05 PM",
"791","18.06287","9/2/2026 2:39:05 PM","9/2/2026 2:39:05 PM",
"792","18.06287","9/2/2026 2:39:05 PM","9/2/2026 2:39:05 PM",
"793","18.06231","9/2/2026 2:39:05 PM","9/2/2026 2:39:05 PM",
"794","18.06231","9/2/2026 2:39:05 PM","9/2/2026 2:39:05 PM",
"795","18.06185","9/2/2026 2:39:05 PM","9/2/2026 2:39:05 PM",
"796","18.06185","9/2/2026 2:39:05 PM","9/2/2026 2:39:05 PM",
"797","18.06092","9/2/2026 2:39:05 PM","9/2/2026 2:39:05 PM",
"798","18.06092","9/2/2026 2:39:05 PM","9/2/2026 2:39:05 PM",
"799","18.06096","9/2/2026 2:39:05 PM","9/2/2026 2:39:05 PM",
"800","18.06096","9/2/2026 2:39:05 PM","9/2/2026 2:39:05 PM",
"801","18.06125","9/2/2026 2:39:05 PM","9/2/2026 2:39:05 PM",
"802","18.06125","9/2/2026 2:39:05 PM","9/2/2026 2:39:05 PM",
"803","18.06019","9/2/2026 2:39:05 PM","9/2/2026 2:39:05 PM",
"804","18.06019","9/2/2026 2:39:05 PM","9/2/2026 2:39:05 PM",
"805","18.05939","9/2/2026 2:39:05 PM","9/2/2026 2:39:05 PM",
"806","18.05939","9/2/2026 2:39:05 PM","9/2/2026 2:39:05 PM",
"807","18.05955","9/2/2026 2:39:05 PM","9/2/2026 2:39:05 PM",
"808","18.05955","9/2/2026 2:39:05 PM","9/2/2026 2:39:05 PM",
"809","18.05961","9/2/2026 2:39:05 PM","9/2/2026 2:39:05 PM",
"810","18.05961","9/2/2026 2:39:05 PM","9/2/2026 2:39:05 PM",
"811","18.05835","9/2/2026 2:39:05 PM","9/2/2026 2:39:05 PM",
"812","18.05835","9/2/2026 2:39:05 PM","9/2/2026 2:39:05 PM",
"813","18.05871","9/2/2026 2:39:05 PM","9/2/2026 2:39:05 PM",
"814","18.05871","9/2/2026 2:39:05 PM","9/2/2026 2:39:05 PM",
"815","18.05781","9/2/2026 2:39:05 PM","9/2/2026 2:39:05 PM",
"816","18.05781","9/2/2026 2:39:05 PM","9/2/2026 2:39:05 PM",
"817","18.05695","9/2/2026 2:39:05 PM","9/2/2026 2:39:05 PM",
"818","18.05695","9/2/2026 2:39:05 PM","9/2/2026 2:39:05 PM",
"819","18.05719","9/2/2026 2:39:05 PM","9/2/2026 2:39:05 PM",
"820","18.05719","9/2/2026 2:39:05 PM","9/2/2026 2:39:05 PM",
"821","18.05718","9/2/2026 2:39:05 PM","9/2/2026 2:39:05 PM",
"822","18.05718","9/2/2026 2:39:05 PM","9/2/2026 2:39:05 PM",
"823","18.05696","9/2/2026 2:39:05 PM","9/2/2026 2:39:05 PM",
"824","18.05696","9/2/2026 2:39:05 PM","9/2/2026 2:39:05 PM",
"825","18.05683","9/2/2026 2:39:05 PM","9/2/2026 2:39:05 PM",
"826","18.05683","9/2/2026 2:39:05 PM","9/2/2026 2:39:05 PM",
"827","18.05564","9/2/2026 2:39:05 PM","9/2/2026 2:39:05 PM",
"828","18.05564","9/2/2026 2:39:05 PM","9/2/2026 2:39:05 PM",
"829","18.05456","9/2/2026 2:39:05 PM","9/2/2026 2:39:05 PM",
"830","18.05456","9/2/2026 2:39:05 PM","9/2/2026 2:39:05 PM",
"831","18.05497","9/2/2026 2:39:05 PM","9/2/2026 2:39:05 PM",
"832","18.05497","9/2/2026 2:39:05 PM","9/2/2026 2:39:05 PM",
"833","18.05433","9/2/2026 2:39:05 PM","9/2/2026 2:39:05 PM",
"834","18.05433","9/2/2026 2:39:05 PM","9/2/2026 2:39:05 PM",
"835","18.05509","9/2/2026 2:39:05 PM","9/2/2026 2:39:05 PM",
"836","18.05509","9/2/2026 2:39:05 PM","9/2/2026 2:39:05 PM",
"837","18.05443","9/2/2026 2:39:05 PM","9/2/2026 2:39:05 PM",
"838","18.05443","9/2/2026 2:39:05 PM","9/2/2026 2:39:05 PM",
"839","18.05421","9/2/2026 2:39:05 PM","9/2/2026 2:39:05 PM",
"840","18.05421","9/2/2026 2:39:05 PM","9/2/2026 2:39:05 PM",
"841","18.05276","9/2/2026 2:39:05 PM","9/2/2026 2:39:05 PM",
"842","18.05276","9/2/2026 2:39:05 PM","9/2/2026 2:39:05 PM",
"843","18.05239","9/2/2026 2:39:05 PM","9/2/2026 2:39:05 PM",
"844","18.05239","9/2/2026 2:39:05 PM","9/2/2026 2:39:05 PM",
"845","18.05185","9/2/2026 2:39:05 PM","9/2/2026 2:39:05 PM",
"846","18.05185","9/2/2026 2:39:05 PM","9/2/2026 2:39:05 PM",
"847","18.05061","9/2/2026 2:39:05 PM","9/2/2026 2:39:05 PM",
"848","18.05061","9/2/2026 2:39:05 PM","9/2/2026 2:39:05 PM",
"849","18.05067","9/2/2026 2:39:05 PM","9/2/2026 2:39:05 PM",
"850","18.05067","9/2/2026 2:39:05 PM","9/2/2026 2:39:05 PM",
"851","18.04957","9/2/2026 2:39:05 PM","9/2/2026 2:39:05 PM",
"852","18.04957","9/2/2026 2:39:05 PM","9/2/2026 2:39:05 PM",
"853","18.0494","9/2/2026 2:39:06 PM","9/2/2026 2:39:06 PM",
"854","18.0494","9/2/2026 2:39:06 PM","9/2/2026 2:39:06 PM",
"855","18.04982","9/2/2026 2:39:06 PM","9/2/2026 2:39:06 PM",
"856","18.04982","9/2/2026 2:39:06 PM","9/2/2026 2:39:06 PM",
"857","18.04905","9/2/2026 2:39:06 PM","9/2/2026 2:39:06 PM",
"858","18.04905","9/2/2026 2:39:06 PM","9/2/2026 2:39:06 PM",
"859","18.04842","9/2/2026 2:39:06 PM","9/2/2026 2:39:06 PM",
"860","18.04842","9/2/2026 2:39:06 PM","9/2/2026 2:39:06 PM",
"861","18.04769","9/2/2026 2:39:06 PM","9/2/2026 2:39:06 PM",
"862","18.04769","9/2/2026 2:39:06 PM","9/2/2026 2:39:06 PM",
"863","18.04753","9/2/2026 2:39:06 PM","9/2/2026 2:39:06 PM",
"864","18.04753","9/2/2026 2:39:06 PM","9/2/2026 2:39:06 PM",
"865","18.04754","9/2/2026 2:39:06 PM","9/2/2026 2:39:06 PM",
"866","18.04754","9/2/2026 2:39:06 PM","9/2/2026 2:39:06 PM",
"867","18.04548","9/2/2026 2:39:06 PM","9/2/2026 2:39:06 PM",
"868","18.04548","9/2/2026 2:39:06 PM","9/2/2026 2:39:06 PM",
"869","18.04575","9/2/2026 2:39:06 PM","9/2/2026 2:39:06 PM",
"870","18.04575","9/2/2026 2:39:06 PM","9/2/2026 2:39:06 PM",
"871","18.04544","9/2/2026 2:39:06 PM","9/2/2026 2:39:06 PM",
"872","18.04544","9/2/2026 2:39:06 PM","9/2/2026 2:39:06 PM",
"873","18.04365","9/2/2026 2:39:06 PM","9/2/2026 2:39:06 PM",
"874","18.04365","9/2/2026 2:39:06 PM","9/2/2026 2:39:06 PM",
"875","18.04366","9/2/2026 2:39:06 PM","9/2/2026 2:39:06 PM",
"876","18.04366","9/2/2026 2:39:06 PM","9/2/2026 2:39:06 PM",
"877","18.04357","9/2/2026 2:39:06 PM","9/2/2026 2:39:06 PM",
"878","18.04357","9/2/2026 2:39:06 PM","9/2/2026 2:39:06 PM",
"879","18.04319","9/2/2026 2:39:06 PM","9/2/2026 2:39:06 PM",
"880","18.04319","9/2/2026 2:39:06 PM","9/2/2026 2:39:06 PM",
"881","18.04305","9/2/2026 2:39:06 PM","9/2/2026 2:39:06 PM",
"882","18.04305","9/2/2026 2:39:06 PM","9/2/2026 2:39:06 PM",
"883","18.04247","9/2/2026 2:39:06 PM","9/2/2026 2:39:06 PM",
"884","18.04247","9/2/2026 2:39:06 PM","9/2/2026 2:39:06 PM",
"885","18.04166","9/2/2026 2:39:06 PM","9/2/2026 2:39:06 PM",
"886","18.04166","9/2/2026 2:39:06 PM","9/2/2026 2:39:06 PM",
"887","18.04223","9/2/2026 2:39:06 PM","9/2/2026 2:39:06 PM",
"888","18.04223","9/2/2026 2:39:06 PM","9/2/2026 2:39:06 PM",
"889","18.04139","9/2/2026 2:39:06 PM","9/2/2026 2:39:06 PM",
"890","18.04139","9/2/2026 2:39:06 PM","9/2/2026 2:39:06 PM",
"891","18.04106","9/2/2026 2:39:06 PM","9/2/2026 2:39:06 PM",
"892","18.04106","9/2/2026 2:39:06 PM","9/2/2026 2:39:06 PM",
"893","18.04022","9/2/2026 2:39:06 PM","9/2/2026 2:39:06 PM",
"894","18.04022","9/2/2026 2:39:06 PM","9/2/2026 2:39:06 PM",
"895","18.0414","9/2/2026 2:39:06 PM","9/2/2026 2:39:06 PM",
"896","18.0414","9/2/2026 2:39:06 PM","9/2/2026 2:39:06 PM",
"897","18.03926","9/2/2026 2:39:06 PM","9/2/2026 2:39:06 PM",
"898","18.03926","9/2/2026 2:39:06 PM","9/2/2026 2:39:06 PM",
"899","18.03919","9/2/2026 2:39:06 PM","9/2/2026 2:39:06 PM",
"900","18.03919","9/2/2026 2:39:06 PM","9/2/2026 2:39:06 PM",
"901","18.03893","9/2/2026 2:39:06 PM","9/2/2026 2:39:06 PM",
"902","18.03893","9/2/2026 2:39:06 PM","9/2/2026 2:39:06 PM",
"903","18.03872","9/2/2026 2:39:06 PM","9/2/2026 2:39:06 PM",
"904","18.03872","9/2/2026 2:39:06 PM","9/2/2026 2:39:06 PM",
"905","18.03704","9/2/2026 2:39:06 PM","9/2/2026 2:39:06 PM",
"906","18.03704","9/2/2026 2:39:06 PM","9/2/2026 2:39:06 PM",
"907","18.03802","9/2/2026 2:39:06 PM","9/2/2026 2:39:06 PM",
"908","18.03802","9/2/2026 2:39:06 PM","9/2/2026 2:39:06 PM",
"909","18.03728","9/2/2026 2:39:06 PM","9/2/2026 2:39:06 PM",
"910","18.03728","9/2/2026 2:39:06 PM","9/2/2026 2:39:06 PM",
"911","18.03687","9/2/2026 2:39:06 PM","9/2/2026 2:39:06 PM",
"912","18.03687","9/2/2026 2:39:06 PM","9/2/2026 2:39:06 PM",
"913","18.03671","9/2/2026 2:39:06 PM","9/2/2026 2:39:06 PM",
"914","18.03671","9/2/2026 2:39:06 PM","9/2/2026 2:39:06 PM",
"915","18.03572","9/2/2026 2:39:06 PM","9/2/2026 2:39:06 PM",
"916","18.03572","9/2/2026 2:39:06 PM","9/2/2026 2:39:06 PM",
"917","18.03618","9/2/2026 2:39:06 PM","9/2/2026 2:39:06 PM",
"918","18.03618","9/2/2026 2:39:06 PM","9/2/2026 2:39:06 PM",
"919","18.03519","9/2/2026 2:39:06 PM","9/2/2026 2:39:06 PM",
"920","18.03519","9/2/2026 2:39:06 PM","9/2/2026 2:39:06 PM",
"921","18.03503","9/2/2026 2:39:06 PM","9/2/2026 2:39:06 PM",
"922","18.03503","9/2/2026 2:39:06 PM","9/2/2026 2:39:06 PM",
"923","18.0351","9/2/2026 2:39:06 PM","9/2/2026 2:39:06 PM",
"924","18.0351","9/2/2026 2:39:06 PM","9/2/2026 2:39:06 PM",
"925","18.03428","9/2/2026 2:39:06 PM","9/2/2026 2:39:06 PM",
"926","18.03428","9/2/2026 2:39:06 PM","9/2/2026 2:39:06 PM",
"927","18.03428","9/2/2026 2:39:06 PM","9/2/2026 2:39:06 PM",
"928","18.03435","9/2/2026 2:39:06 PM","9/2/2026 2:39:06 PM",
"929","18.03435","9/2/2026 2:39:06 PM","9/2/2026 2:39:06 PM",
"930","18.03339","9/2/2026 2:39:06 PM","9/2/2026 2:39:06 PM",
"931","18.03339","9/2/2026 2:39:06 PM","9/2/2026 2:39:06 PM",
"932","18.0337","9/2/2026 2:39:06 PM","9/2/2026 2:39:06 PM",
"933","18.0337","9/2/2026 2:39:06 PM","9/2/2026 2:39:06 PM",
"934","18.03305","9/2/2026 2:39:06 PM","9/2/2026 2:39:06 PM",
"935","18.03305","9/2/2026 2:39:06 PM","9/2/2026 2:39:06 PM",
"936","18.0315","9/2/2026 2:39:06 PM","9/2/2026 2:39:06 PM",
"937","18.0315","9/2/2026 2:39:06 PM","9/2/2026 2:39:06 PM",
"938","18.03164","9/2/2026 2:39:06 PM","9/2/2026 2:39:06 PM",
"939","18.03164","9/2/2026 2:39:06 PM","9/2/2026 2:39:06 PM",
"940","18.03202","9/2/2026 2:39:06 PM","9/2/2026 2:39:06 PM",
"941","18.03202","9/2/2026 2:39:06 PM","9/2/2026 2:39:06 PM",
"942","18.03084","9/2/2026 2:39:06 PM","9/2/2026 2:39:06 PM",
"943","18.03084","9/2/2026 2:39:06 PM","9/2/2026 2:39:06 PM",
"944","18.03104","9/2/2026 2:39:06 PM","9/2/2026 2:39:06 PM",
"945","18.03104","9/2/2026 2:39:06 PM","9/2/2026 2:39:06 PM",
"946","18.03125","9/2/2026 2:39:06 PM","9/2/2026 2:39:06 PM",
"947","18.03125","9/2/2026 2:39:06 PM","9/2/2026 2:39:06 PM",
"948","18.03001","9/2/2026 2:39:06 PM","9/2/2026 2:39:06 PM",
"949","18.03001","9/2/2026 2:39:06 PM","9/2/2026 2:39:06 PM",
"950","18.02941","9/2/2026 2:39:06 PM","9/2/2026 2:39:06 PM",
"951","18.02941","9/2/2026 2:39:06 PM","9/2/2026 2:39:06 PM",
"952","18.03084","9/2/2026 2:39:06 PM","9/2/2026 2:39:06 PM",
"953","18.03084","9/2/2026 2:39:07 PM","9/2/2026 2:39:07 PM",
"954","18.02834","9/2/2026 2:39:07 PM","9/2/2026 2:39:07 PM",
"955","18.02834","9/2/2026 2:39:07 PM","9/2/2026 2:39:07 PM",
"956","18.02933","9/2/2026 2:39:07 PM","9/2/2026 2:39:07 PM",
"957","18.02933","9/2/2026 2:39:07 PM","9/2/2026 2:39:07 PM",
"958","18.02843","9/2/2026 2:39:07 PM","9/2/2026 2:39:07 PM",
"959","18.02843","9/2/2026 2:39:07 PM","9/2/2026 2:39:07 PM",
"960","18.02851","9/2/2026 2:39:07 PM","9/2/2026 2:39:07 PM",
"961","18.02851","9/2/2026 2:39:07 PM","9/2/2026 2:39:07 PM",
"962","18.02782","9/2/2026 2:39:07 PM","9/2/2026 2:39:07 PM",
"963","18.02782","9/2/2026 2:39:07 PM","9/2/2026 2:39:07 PM",
"964","18.02736","9/2/2026 2:39:07 PM","9/2/2026 2:39:07 PM",
"965","18.02736","9/2/2026 2:39:07 PM","9/2/2026 2:39:07 PM",
"966","18.02678","9/2/2026 2:39:07 PM","9/2/2026 2:39:07 PM",
"967","18.02678","9/2/2026 2:39:07 PM","9/2/2026 2:39:07 PM",
"968","18.026","9/2/2026 2:39:07 PM","9/2/2026 2:39:07 PM",
"969","18.026","9/2/2026 2:39:07 PM","9/2/2026 2:39:07 PM",
"970","18.02747","9/2/2026 2:39:07 PM","9/2/2026 2:39:07 PM",
"971","18.02747","9/2/2026 2:39:07 PM","9/2/2026 2:39:07 PM",
"972","18.02631","9/2/2026 2:39:07 PM","9/2/2026 2:39:07 PM",
"973","18.02631","9/2/2026 2:39:07 PM","9/2/2026 2:39:07 PM",
"974","18.02466","9/2/2026 2:39:07 PM","9/2/2026 2:39:07 PM",
"975","18.02466","9/2/2026 2:39:07 PM","9/2/2026 2:39:07 PM",
"976","18.02556","9/2/2026 2:39:07 PM","9/2/2026 2:39:07 PM",
"977","18.02556","9/2/2026 2:39:07 PM","9/2/2026 2:39:07 PM",
"978","18.02424","9/2/2026 2:39:07 PM","9/2/2026 2:39:07 PM",
"979","18.02424","9/2/2026 2:39:07 PM","9/2/2026 2:39:07 PM",
"980","18.02422","9/2/2026 2:39:07 PM","9/2/2026 2:39:07 PM",
"981","18.02422","9/2/2026 2:39:07 PM","9/2/2026 2:39:07 PM",
"982","18.02317","9/2/2026 2:39:07 PM","9/2/2026 2:39:07 PM",
"983","18.02317","9/2/2026 2:39:07 PM","9/2/2026 2:39:07 PM",
"984","18.0237","9/2/2026 2:39:07 PM","9/2/2026 2:39:07 PM",
"985","18.0237","9/2/2026 2:39:07 PM","9/2/2026 2:39:07 PM",
"986","18.02279","9/2/2026 2:39:07 PM","9/2/2026 2:39:07 PM",
"987","18.02279","9/2/2026 2:39:07 PM","9/2/2026 2:39:07 PM",
"988","18.02274","9/2/2026 2:39:07 PM","9/2/2026 2:39:07 PM",
"989","18.02274","9/2/2026 2:39:07 PM","9/2/2026 2:39:07 PM",
"990","18.02164","9/2/2026 2:39:07 PM","9/2/2026 2:39:07 PM",
"991","18.02164","9/2/2026 2:39:07 PM","9/2/2026 2:39:07 PM",
"992","18.02123","9/2/2026 2:39:07 PM","9/2/2026 2:39:07 PM",
"993","18.02123","9/2/2026 2:39:07 PM","9/2/2026 2:39:07 PM",
"994","18.02041","9/2/2026 2:39:07 PM","9/2/2026 2:39:07 PM",
"995","18.02041","9/2/2026 2:39:07 PM","9/2/2026 2:39:07 PM",
"996","18.01982","9/2/2026 2:39:07 PM","9/2/2026 2:39:07 PM",
"997","18.01982","9/2/2026 2:39:07 PM","9/2/2026 2:39:07 PM",
"998","18.01764","9/2/2026 2:39:07 PM","9/2/2026 2:39:07 PM",
"999","18.01764","9/2/2026 2:39:07 PM","9/2/2026 2:39:07 PM",
"1000","18.01931","9/2/2026 2:39:07 PM","9/2/2026 2:39:07 PM",
"1001","18.01931","9/2/2026 2:39:07 PM","9/2/2026 2:39:07 PM",
"1002","18.0176","9/2/2026 2:39:07 PM","9/2/2026 2:39:07 PM",
"1003","18.0176","9/2/2026 2:39:07 PM","9/2/2026 2:39:07 PM",
"1004","18.01944","9/2/2026 2:39:07 PM","9/2/2026 2:39:07 PM",
"1005","18.01944","9/2/2026 2:39:07 PM","9/2/2026 2:39:07 PM",
"1006","18.01627","9/2/2026 2:39:07 PM","9/2/2026 2:39:07 PM",
"1007","18.01627","9/2/2026 2:39:07 PM","9/2/2026 2:39:07 PM",
"1008","18.01743","9/2/2026 2:39:07 PM","9/2/2026 2:39:07 PM",
"1009","18.01743","9/2/2026 2:39:07 PM","9/2/2026 2:39:07 PM",
"1010","18.01641","9/2/2026 2:39:07 PM","9/2/2026 2:39:07 PM",
"1011","18.01641","9/2/2026 2:39:07 PM","9/2/2026 2:39:07 PM",
"1012","18.01673","9/2/2026 2:39:07 PM","9/2/2026 2:39:07 PM",
"1013","18.01673","9/2/2026 2:39:07 PM","9/2/2026 2:39:07 PM",
"1014","18.01445","9/2/2026 2:39:07 PM","9/2/2026 2:39:07 PM",
"1015","18.01445","9/2/2026 2:39:07 PM","9/2/2026 2:39:07 PM",
"1016","18.01501","9/2/2026 2:39:07 PM","9/2/2026 2:39:07 PM",
"1017","18.01501","9/2/2026 2:39:07 PM","9/2/2026 2:39:07 PM",
"1018","18.01337","9/2/2026 2:39:07 PM","9/2/2026 2:39:07 PM",
"1019","18.01337","9/2/2026 2:39:07 PM","9/2/2026 2:39:07 PM",
"1020","18.01348","9/2/2026 2:39:07 PM","9/2/2026 2:39:07 PM",
"1021","18.01348","9/2/2026 2:39:07 PM","9/2/2026 2:39:07 PM",
"1022","18.01248","9/2/2026 2:39:07 PM","9/2/2026 2:39:07 PM",
"1023","18.01248","9/2/2026 2:39:07 PM","9/2/2026 2:39:07 PM",
"1024","18.01304","9/2/2026 2:39:07 PM","9/2/2026 2:39:07 PM",
"1025","18.01304","9/2/2026 2:39:07 PM","9/2/2026 2:39:07 PM",
"1026","18.01192","9/2/2026 2:39:07 PM","9/2/2026 2:39:07 PM",
"1027","18.01192","9/2/2026 2:39:07 PM","9/2/2026 2:39:07 PM",
"1028","18.0124","9/2/2026 2:39:07 PM","9/2/2026 2:39:07 PM",
"1029","18.0124","9/2/2026 2:39:07 PM","9/2/2026 2:39:07 PM",
"1030","18.0112","9/2/2026 2:39:07 PM","9/2/2026 2:39:07 PM",
"1031","18.0112","9/2/2026 2:39:07 PM","9/2/2026 2:39:07 PM",
"1032","18.01143","9/2/2026 2:39:07 PM","9/2/2026 2:39:07 PM",
"1033","18.01143","9/2/2026 2:39:07 PM","9/2/2026 2:39:07 PM",
"1034","18.00932","9/2/2026 2:39:07 PM","9/2/2026 2:39:07 PM",
"1035","18.00932","9/2/2026 2:39:07 PM","9/2/2026 2:39:07 PM",
"1036","18.00964","9/2/2026 2:39:07 PM","9/2/2026 2:39:07 PM",
"1037","18.00964","9/2/2026 2:39:07 PM","9/2/2026 2:39:07 PM",
"1038","18.00912","9/2/2026 2:39:07 PM","9/2/2026 2:39:07 PM",
"1039","18.00912","9/2/2026 2:39:07 PM","9/2/2026 2:39:07 PM",
"1040","18.00955","9/2/2026 2:39:07 PM","9/2/2026 2:39:07 PM",
"1041","18.00955","9/2/2026 2:39:07 PM","9/2/2026 2:39:07 PM",
"1042","18.00909","9/2/2026 2:39:07 PM","9/2/2026 2:39:07 PM",
"1043","18.00909","9/2/2026 2:39:07 PM","9/2/2026 2:39:07 PM",
"1044","18.00907","9/2/2026 2:39:07 PM","9/2/2026 2:39:07 PM",
"1045","18.00907","9/2/2026 2:39:07 PM","9/2/2026 2:39:07 PM",
"1046","18.00737","9/2/2026 2:39:07 PM","9/2/2026 2:39:07 PM",
"1047","18.00737","9/2/2026 2:39:07 PM","9/2/2026 2:39:07 PM",
"1048","18.00658","9/2/2026 2:39:07 PM","9/2/2026 2:39:07 PM",
"1049","18.00658","9/2/2026 2:39:07 PM","9/2/2026 2:39:07 PM",
"1050","18.00733","9/2/2026 2:39:07 PM","9/2/2026 2:39:07 PM",
"1051","18.00733","9/2/2026 2:39:07 PM","9/2/2026 2:39:07 PM",
"1052","18.00801","9/2/2026 2:39:07 PM","9/2/2026 2:39:07 PM",
"1053","18.00801","9/2/2026 2:39:08 PM","9/2/2026 2:39:08 PM",
"1054","18.0051","9/2/2026 2:39:08 PM","9/2/2026 2:39:08 PM",
"1055","18.0051","9/2/2026 2:39:08 PM","9/2/2026 2:39:08 PM",
"1056","18.00513","9/2/2026 2:39:08 PM","9/2/2026 2:39:08 PM",
"1057","18.00513","9/2/2026 2:39:08 PM","9/2/2026 2:39:08 PM",
"1058","18.00628","9/2/2026 2:39:08 PM","9/2/2026 2:39:08 PM",
"1059","18.00628","9/2/2026 2:39:08 PM","9/2/2026 2:39:08 PM",
"1060","18.00611","9/2/2026 2:39:08 PM","9/2/2026 2:39:08 PM",
"1061","18.00611","9/2/2026 2:39:08 PM","9/2/2026 2:39:08 PM",
"1062","18.00583","9/2/2026 2:39:08 PM","9/2/2026 2:39:08 PM",
"1063","18.00583","9/2/2026 2:39:08 PM","9/2/2026 2:39:08 PM",
"1064","18.00442","9/2/2026 2:39:08 PM","9/2/2026 2:39:08 PM",
"1065","18.00442","9/2/2026 2:39:08 PM","9/2/2026 2:39:08 PM",
"1066","18.00378","9/2/2026 2:39:08 PM","9/2/2026 2:39:08 PM",
"1067","18.00378","9/2/2026 2:39:08 PM","9/2/2026 2:39:08 PM",
"1068","18.00313","9/2/2026 2:39:08 PM","9/2/2026 2:39:08 PM",
"1069","18.00313","9/2/2026 2:39:08 PM","9/2/2026 2:39:08 PM",
"1070","18.00317","9/2/2026 2:39:08 PM","9/2/2026 2:39:08 PM",
"1071","18.00317","9/2/2026 2:39:08 PM","9/2/2026 2:39:08 PM",
"1072","18.00313","9/2/2026 2:39:08 PM","9/2/2026 2:39:08 PM",
"1073","18.00313","9/2/2026 2:39:08 PM","9/2/2026 2:39:08 PM",
"1074","18.00342","9/2/2026 2:39:08 PM","9/2/2026 2:39:08 PM",
"1075","18.00342","9/2/2026 2:39:08 PM","9/2/2026 2:39:08 PM",
"1076","18.0024","9/2/2026 2:39:08 PM","9/2/2026 2:39:08 PM",
"1077","18.0024","9/2/2026 2:39:08 PM","9/2/2026 2:39:08 PM",
"1078","18.003","9/2/2026 2:39:08 PM","9/2/2026 2:39:08 PM",
"1079","18.003","9/2/2026 2:39:08 PM","9/2/2026 2:39:08 PM",
"1080","18.00132","9/2/2026 2:39:08 PM","9/2/2026 2:39:08 PM",
"1081","18.00132","9/2/2026 2:39:08 PM","9/2/2026 2:39:08 PM",
"1082","18.00143","9/2/2026 2:39:08 PM","9/2/2026 2:39:08 PM",
"1083","18.00143","9/2/2026 2:39:08 PM","9/2/2026 2:39:08 PM",
"1084","18.00105","9/2/2026 2:39:08 PM","9/2/2026 2:39:08 PM",
"1085","18.00105","9/2/2026 2:39:08 PM","9/2/2026 2:39:08 PM",
"1086","18.00129","9/2/2026 2:39:08 PM","9/2/2026 2:39:08 PM",
"1087","18.00129","9/2/2026 2:39:08 PM","9/2/2026 2:39:08 PM",
"1088","18.00085","9/2/2026 2:39:08 PM","9/2/2026 2:39:08 PM",
"1089","18.00085","9/2/2026 2:39:08 PM","9/2/2026 2:39:08 PM",
"1090","18.00151","9/2/2026 2:39:08 PM","9/2/2026 2:39:08 PM",
"1091","18.00151","9/2/2026 2:39:08 PM","9/2/2026 2:39:08 PM",
"1092","18.00069","9/2/2026 2:39:08 PM","9/2/2026 2:39:08 PM",
"1093","18.00069","9/2/2026 2:39:08 PM","9/2/2026 2:39:08 PM",
"1094","18.00025","9/2/2026 2:39:08 PM","9/2/2026 2:39:08 PM",
"1095","18.00025","9/2/2026 2:39:08 PM","9/2/2026 2:39:08 PM",
"1096","17.99909","9/2/2026 2:39:08 PM","9/2/2026 2:39:08 PM",
"1097","17.99909","9/2/2026 2:39:08 PM","9/2/2026 2:39:08 PM",
"1098","17.99968","9/2/2026 2:39:08 PM","9/2/2026 2:39:08 PM",
"1099","17.99968","9/2/2026 2:39:08 PM","9/2/2026 2:39:08 PM",
"1100","17.99879","9/2/2026 2:39:08 PM","9/2/2026 2:39:08 PM",
"1101","17.99879","9/2/2026 2:39:08 PM","9/2/2026 2:39:08 PM",
"1102","17.99959","9/2/2026 2:39:08 PM","9/2/2026 2:39:08 PM",
"1103","17.99959","9/2/2026 2:39:08 PM","9/2/2026 2:39:08 PM",
"1104","17.99885","9/2/2026 2:39:08 PM","9/2/2026 2:39:08 PM",
"1105","17.99885","9/2/2026 2:39:08 PM","9/2/2026 2:39:08 PM",
"1106","17.99895","9/2/2026 2:39:08 PM","9/2/2026 2:39:08 PM",
"1107","17.99895","9/2/2026 2:39:08 PM","9/2/2026 2:39:08 PM",
"1108","17.99795","9/2/2026 2:39:08 PM","9/2/2026 2:39:08 PM",
"1109","17.99795","9/2/2026 2:39:08 PM","9/2/2026 2:39:08 PM",
"1110","17.99814","9/2/2026 2:39:08 PM","9/2/2026 2:39:08 PM",
"1111","17.99814","9/2/2026 2:39:08 PM","9/2/2026 2:39:08 PM",
"1112","17.99858","9/2/2026 2:39:08 PM","9/2/2026 2:39:08 PM",
"1113","17.99858","9/2/2026 2:39:08 PM","9/2/2026 2:39:08 PM",
"1114","17.99702","9/2/2026 2:39:08 PM","9/2/2026 2:39:08 PM",
"1115","17.99702","9/2/2026 2:39:08 PM","9/2/2026 2:39:08 PM",
"1116","17.99696","9/2/2026 2:39:08 PM","9/2/2026 2:39:08 PM",
"1117","17.99696","9/2/2026 2:39:08 PM","9/2/2026 2:39:08 PM",
"1118","17.99646","9/2/2026 2:39:08 PM","9/2/2026 2:39:08 PM",
"1119","17.99646","9/2/2026 2:39:08 PM","9/2/2026 2:39:08 PM",
"1120","17.99772","9/2/2026 2:39:08 PM","9/2/2026 2:39:08 PM",
"1121","17.99772","9/2/2026 2:39:08 PM","9/2/2026 2:39:08 PM",
"1122","17.99686","9/2/2026 2:39:08 PM","9/2/2026 2:39:08 PM",
"1123","17.99686","9/2/2026 2:39:08 PM","9/2/2026 2:39:08 PM",
"1124","17.99645","9/2/2026 2:39:08 PM","9/2/2026 2:39:08 PM",
"1125","17.99645","9/2/2026 2:39:08 PM","9/2/2026 2:39:08 PM",
"1126","17.99645","9/2/2026 2:39:08 PM","9/2/2026 2:39:08 PM",
"1127","17.99524","9/2/2026 2:39:08 PM","9/2/2026 2:39:08 PM",
"1128","17.99524","9/2/2026 2:39:08 PM","9/2/2026 2:39:08 PM",
"1129","17.99837","9/2/2026 2:39:08 PM","9/2/2026 2:39:08 PM",
"1130","17.99837","9/2/2026 2:39:08 PM","9/2/2026 2:39:08 PM",
"1131","17.99629","9/2/2026 2:39:08 PM","9/2/2026 2:39:08 PM",
"1132","17.99629","9/2/2026 2:39:08 PM","9/2/2026 2:39:08 PM",
"1133","17.9965","9/2/2026 2:39:08 PM","9/2/2026 2:39:08 PM",
"1134","17.9965","9/2/2026 2:39:08 PM","9/2/2026 2:39:08 PM",
"1135","17.99614","9/2/2026 2:39:08 PM","9/2/2026 2:39:08 PM",
"1136","17.99614","9/2/2026 2:39:08 PM","9/2/2026 2:39:08 PM",
"1137","17.99654","9/2/2026 2:39:08 PM","9/2/2026 2:39:08 PM",
"1138","17.99654","9/2/2026 2:39:08 PM","9/2/2026 2:39:08 PM",
"1139","17.99451","9/2/2026 2:39:08 PM","9/2/2026 2:39:08 PM",
"1140","17.99451","9/2/2026 2:39:08 PM","9/2/2026 2:39:08 PM",
"1141","17.99495","9/2/2026 2:39:08 PM","9/2/2026 2:39:08 PM",
"1142","17.99495","9/2/2026 2:39:08 PM","9/2/2026 2:39:08 PM",
"1143","17.99583","9/2/2026 2:39:08 PM","9/2/2026 2:39:08 PM",
"1144","17.99583","9/2/2026 2:39:08 PM","9/2/2026 2:39:08 PM",
"1145","17.99388","9/2/2026 2:39:08 PM","9/2/2026 2:39:08 PM",
"1146","17.99388","9/2/2026 2:39:08 PM","9/2/2026 2:39:08 PM",
"1147","17.99273","9/2/2026 2:39:08 PM","9/2/2026 2:39:08 PM",
"1148","17.99273","9/2/2026 2:39:08 PM","9/2/2026 2:39:08 PM",
"1149","17.99408","9/2/2026 2:39:08 PM","9/2/2026 2:39:08 PM",
"1150","17.99393","9/2/2026 2:39:08 PM","9/2/2026 2:39:08 PM",
"1151","17.99393","9/2/2026 2:39:08 PM","9/2/2026 2:39:08 PM",
"1152","17.99393","9/2/2026 2:39:08 PM","9/2/2026 2:39:08 PM",
"1153","17.99293","9/2/2026 2:39:09 PM","9/2/2026 2:39:09 PM",
"1154","17.99293","9/2/2026 2:39:09 PM","9/2/2026 2:39:09 PM",
"1155","17.9928","9/2/2026 2:39:09 PM","9/2/2026 2:39:09 PM",
"1156","17.9928","9/2/2026 2:39:09 PM","9/2/2026 2:39:09 PM",
"1157","17.99201","9/2/2026 2:39:09 PM","9/2/2026 2:39:09 PM",
"1158","17.99201","9/2/2026 2:39:09 PM","9/2/2026 2:39:09 PM",
"1159","17.99146","9/2/2026 2:39:09 PM","9/2/2026 2:39:09 PM",
"1160","17.99146","9/2/2026 2:39:09 PM","9/2/2026 2:39:09 PM",
"1161","17.99057","9/2/2026 2:39:09 PM","9/2/2026 2:39:09 PM",
"1162","17.99057","9/2/2026 2:39:09 PM","9/2/2026 2:39:09 PM",
"1163","17.99067","9/2/2026 2:39:09 PM","9/2/2026 2:39:09 PM",
"1164","17.99067","9/2/2026 2:39:09 PM","9/2/2026 2:39:09 PM",
"1165","17.99066","9/2/2026 2:39:09 PM","9/2/2026 2:39:09 PM",
"1166","17.99066","9/2/2026 2:39:09 PM","9/2/2026 2:39:09 PM",
"1167","17.99063","9/2/2026 2:39:09 PM","9/2/2026 2:39:09 PM",
"1168","17.99063","9/2/2026 2:39:09 PM","9/2/2026 2:39:09 PM",
"1169","17.98965","9/2/2026 2:39:09 PM","9/2/2026 2:39:09 PM",
"1170","17.98965","9/2/2026 2:39:09 PM","9/2/2026 2:39:09 PM",
"1171","17.98952","9/2/2026 2:39:09 PM","9/2/2026 2:39:09 PM",
"1172","17.98952","9/2/2026 2:39:09 PM","9/2/2026 2:39:09 PM",
"1173","17.98964","9/2/2026 2:39:09 PM","9/2/2026 2:39:09 PM",
"1174","17.98964","9/2/2026 2:39:09 PM","9/2/2026 2:39:09 PM",
"1175","17.98852","9/2/2026 2:39:09 PM","9/2/2026 2:39:09 PM",
"1176","17.98852","9/2/2026 2:39:09 PM","9/2/2026 2:39:09 PM",
"1177","17.98769","9/2/2026 2:39:09 PM","9/2/2026 2:39:09 PM",
"1178","17.98769","9/2/2026 2:39:09 PM","9/2/2026 2:39:09 PM",
"1179","17.9878","9/2/2026 2:39:09 PM","9/2/2026 2:39:09 PM",
"1180","17.9878","9/2/2026 2:39:09 PM","9/2/2026 2:39:09 PM",
"1181","17.98873","9/2/2026 2:39:09 PM","9/2/2026 2:39:09 PM",
"1182","17.98873","9/2/2026 2:39:09 PM","9/2/2026 2:39:09 PM",
"1183","17.9872","9/2/2026 2:39:09 PM","9/2/2026 2:39:09 PM",
"1184","17.9872","9/2/2026 2:39:09 PM","9/2/2026 2:39:09 PM",
"1185","17.98674","9/2/2026 2:39:09 PM","9/2/2026 2:39:09 PM",
"1186","17.98674","9/2/2026 2:39:09 PM","9/2/2026 2:39:09 PM",
"1187","17.98689","9/2/2026 2:39:09 PM","9/2/2026 2:39:09 PM",
"1188","17.98689","9/2/2026 2:39:09 PM","9/2/2026 2:39:09 PM",
"1189","17.98687","9/2/2026 2:39:09 PM","9/2/2026 2:39:09 PM",
"1190","17.98687","9/2/2026 2:39:09 PM","9/2/2026 2:39:09 PM",
"1191","17.98625","9/2/2026 2:39:09 PM","9/2/2026 2:39:09 PM",
"1192","17.98625","9/2/2026 2:39:09 PM","9/2/2026 2:39:09 PM",
"1193","17.98514","9/2/2026 2:39:09 PM","9/2/2026 2:39:09 PM",
"1194","17.98514","9/2/2026 2:39:09 PM","9/2/2026 2:39:09 PM",
"1195","17.98488","9/2/2026 2:39:09 PM","9/2/2026 2:39:09 PM",
"1196","17.98488","9/2/2026 2:39:09 PM","9/2/2026 2:39:09 PM",
"1197","17.98515","9/2/2026 2:39:09 PM","9/2/2026 2:39:09 PM",
"1198","17.98515","9/2/2026 2:39:09 PM","9/2/2026 2:39:09 PM",
"1199","17.98476","9/2/2026 2:39:09 PM","9/2/2026 2:39:09 PM",
"1200","17.98476","9/2/2026 2:39:09 PM","9/2/2026 2:39:09 PM",
"1201","17.9843","9/2/2026 2:39:09 PM","9/2/2026 2:39:09 PM",
"1202","17.9843","9/2/2026 2:39:09 PM","9/2/2026 2:39:09 PM",
"1203","17.98374","9/2/2026 2:39:09 PM","9/2/2026 2:39:09 PM",
"1204","17.98374","9/2/2026 2:39:09 PM","9/2/2026 2:39:09 PM",
"1205","17.98424","9/2/2026 2:39:09 PM","9/2/2026 2:39:09 PM",
"1206","17.98424","9/2/2026 2:39:09 PM","9/2/2026 2:39:09 PM",
"1207","17.98395","9/2/2026 2:39:09 PM","9/2/2026 2:39:09 PM",
"1208","17.98395","9/2/2026 2:39:09 PM","9/2/2026 2:39:09 PM",
"1209","17.98452","9/2/2026 2:39:09 PM","9/2/2026 2:39:09 PM",
"1210","17.98452","9/2/2026 2:39:09 PM","9/2/2026 2:39:09 PM",
"1211","17.98337","9/2/2026 2:39:09 PM","9/2/2026 2:39:09 PM",
"1212","17.98337","9/2/2026 2:39:09 PM","9/2/2026 2:39:09 PM",
"1213","17.98322","9/2/2026 2:39:09 PM","9/2/2026 2:39:09 PM",
"1214","17.98322","9/2/2026 2:39:09 PM","9/2/2026 2:39:09 PM",
"1215","17.98246","9/2/2026 2:39:09 PM","9/2/2026 2:39:09 PM",
"1216","17.98246","9/2/2026 2:39:09 PM","9/2/2026 2:39:09 PM",
"1217","17.98334","9/2/2026 2:39:09 PM","9/2/2026 2:39:09 PM",
"1218","17.98334","9/2/2026 2:39:09 PM","9/2/2026 2:39:09 PM",
"1219","17.98193","9/2/2026 2:39:09 PM","9/2/2026 2:39:09 PM",
"1220","17.98193","9/2/2026 2:39:09 PM","9/2/2026 2:39:09 PM",
"1221","17.98178","9/2/2026 2:39:09 PM","9/2/2026 2:39:09 PM",
"1222","17.98178","9/2/2026 2:39:09 PM","9/2/2026 2:39:09 PM",
"1223","17.98149","9/2/2026 2:39:09 PM","9/2/2026 2:39:09 PM",
"1224","17.98149","9/2/2026 2:39:09 PM","9/2/2026 2:39:09 PM",
"1225","17.98156","9/2/2026 2:39:09 PM","9/2/2026 2:39:09 PM",
"1226","17.98156","9/2/2026 2:39:09 PM","9/2/2026 2:39:09 PM",
"1227","17.9811","9/2/2026 2:39:09 PM","9/2/2026 2:39:09 PM",
"1228","17.9811","9/2/2026 2:39:09 PM","9/2/2026 2:39:09 PM",
"1229","17.98111","9/2/2026 2:39:09 PM","9/2/2026 2:39:09 PM",
"1230","17.98111","9/2/2026 2:39:09 PM","9/2/2026 2:39:09 PM",
"1231","17.98087","9/2/2026 2:39:09 PM","9/2/2026 2:39:09 PM",
"1232","17.98087","9/2/2026 2:39:09 PM","9/2/2026 2:39:09 PM",
"1233","17.98135","9/2/2026 2:39:09 PM","9/2/2026 2:39:09 PM",
"1234","17.98135","9/2/2026 2:39:09 PM","9/2/2026 2:39:09 PM",
"1235","17.98038","9/2/2026 2:39:09 PM","9/2/2026 2:39:09 PM",
"1236","17.98038","9/2/2026 2:39:09 PM","9/2/2026 2:39:09 PM",
"1237","17.97984","9/2/2026 2:39:09 PM","9/2/2026 2:39:09 PM",
"1238","17.97984","9/2/2026 2:39:09 PM","9/2/2026 2:39:09 PM",
"1239","17.97801","9/2/2026 2:39:09 PM","9/2/2026 2:39:09 PM",
"1240","17.97801","9/2/2026 2:39:09 PM","9/2/2026 2:39:09 PM",
"1241","17.97917","9/2/2026 2:39:09 PM","9/2/2026 2:39:09 PM",
"1242","17.97917","9/2/2026 2:39:09 PM","9/2/2026 2:39:09 PM",
"1243","17.97944","9/2/2026 2:39:09 PM","9/2/2026 2:39:09 PM",
"1244","17.97944","9/2/2026 2:39:09 PM","9/2/2026 2:39:09 PM",
"1245","17.97852","9/2/2026 2:39:09 PM","9/2/2026 2:39:09 PM",
"1246","17.97852","9/2/2026 2:39:09 PM","9/2/2026 2:39:09 PM",
"1247","17.97792","9/2/2026 2:39:09 PM","9/2/2026 2:39:09 PM",
"1248","17.97792","9/2/2026 2:39:09 PM","9/2/2026 2:39:09 PM",
"1249","17.97738","9/2/2026 2:39:09 PM","9/2/2026 2:39:09 PM",
"1250","17.97738","9/2/2026 2:39:09 PM","9/2/2026 2:39:09 PM",
"1251","17.97722","9/2/2026 2:39:09 PM","9/2/2026 2:39:09 PM",
"1252","17.97722","9/2/2026 2:39:09 PM","9/2/2026 2:39:09 PM",
"1253","17.97634","9/2/2026 2:39:10 PM","9/2/2026 2:39:10 PM",
"1254","17.97634","9/2/2026 2:39:10 PM","9/2/2026 2:39:10 PM",
"1255","17.9758","9/2/2026 2:39:10 PM","9/2/2026 2:39:10 PM",
"1256","17.9758","9/2/2026 2:39:10 PM","9/2/2026 2:39:10 PM",
"1257","17.9755","9/2/2026 2:39:10 PM","9/2/2026 2:39:10 PM",
"1258","17.9755","9/2/2026 2:39:10 PM","9/2/2026 2:39:10 PM",
"1259","17.97505","9/2/2026 2:39:10 PM","9/2/2026 2:39:10 PM",
"1260","17.97505","9/2/2026 2:39:10 PM","9/2/2026 2:39:10 PM",
"1261","17.97627","9/2/2026 2:39:10 PM","9/2/2026 2:39:10 PM",
"1262","17.97627","9/2/2026 2:39:10 PM","9/2/2026 2:39:10 PM",
"1263","17.97553","9/2/2026 2:39:10 PM","9/2/2026 2:39:10 PM",
"1264","17.97553","9/2/2026 2:39:10 PM","9/2/2026 2:39:10 PM",
"1265","17.97537","9/2/2026 2:39:10 PM","9/2/2026 2:39:10 PM",
"1266","17.97537","9/2/2026 2:39:10 PM","9/2/2026 2:39:10 PM",
"1267","17.97502","9/2/2026 2:39:10 PM","9/2/2026 2:39:10 PM",
"1268","17.97502","9/2/2026 2:39:10 PM","9/2/2026 2:39:10 PM",
"1269","17.97359","9/2/2026 2:39:10 PM","9/2/2026 2:39:10 PM",
"1270","17.97359","9/2/2026 2:39:10 PM","9/2/2026 2:39:10 PM",
"1271","17.97403","9/2/2026 2:39:10 PM","9/2/2026 2:39:10 PM",
"1272","17.97403","9/2/2026 2:39:10 PM","9/2/2026 2:39:10 PM",
"1273","17.97407","9/2/2026 2:39:10 PM","9/2/2026 2:39:10 PM",
"1274","17.97407","9/2/2026 2:39:10 PM","9/2/2026 2:39:10 PM",
"1275","17.97398","9/2/2026 2:39:10 PM","9/2/2026 2:39:10 PM",
"1276","17.97398","9/2/2026 2:39:10 PM","9/2/2026 2:39:10 PM",
"1277","17.97429","9/2/2026 2:39:10 PM","9/2/2026 2:39:10 PM",
"1278","17.97429","9/2/2026 2:39:10 PM","9/2/2026 2:39:10 PM",
"1279","17.97304","9/2/2026 2:39:10 PM","9/2/2026 2:39:10 PM",
"1280","17.97304","9/2/2026 2:39:10 PM","9/2/2026 2:39:10 PM",
"1281","17.97188","9/2/2026 2:39:10 PM","9/2/2026 2:39:10 PM",
"1282","17.97188","9/2/2026 2:39:10 PM","9/2/2026 2:39:10 PM",
"1283","17.97303","9/2/2026 2:39:10 PM","9/2/2026 2:39:10 PM",
"1284","17.97303","9/2/2026 2:39:10 PM","9/2/2026 2:39:10 PM",
"1285","17.97362","9/2/2026 2:39:10 PM","9/2/2026 2:39:10 PM",
"1286","17.97362","9/2/2026 2:39:10 PM","9/2/2026 2:39:10 PM",
"1287","17.97285","9/2/2026 2:39:10 PM","9/2/2026 2:39:10 PM",
"1288","17.97285","9/2/2026 2:39:10 PM","9/2/2026 2:39:10 PM",
"1289","17.97204","9/2/2026 2:39:10 PM","9/2/2026 2:39:10 PM",
"1290","17.97204","9/2/2026 2:39:10 PM","9/2/2026 2:39:10 PM",
"1291","17.97181","9/2/2026 2:39:10 PM","9/2/2026 2:39:10 PM",
"1292","17.97181","9/2/2026 2:39:10 PM","9/2/2026 2:39:10 PM",
"1293","17.97095","9/2/2026 2:39:10 PM","9/2/2026 2:39:10 PM",
"1294","17.97095","9/2/2026 2:39:10 PM","9/2/2026 2:39:10 PM",
"1295","17.97083","9/2/2026 2:39:10 PM","9/2/2026 2:39:10 PM",
"1296","17.97083","9/2/2026 2:39:10 PM","9/2/2026 2:39:10 PM",
"1297","17.97081","9/2/2026 2:39:10 PM","9/2/2026 2:39:10 PM",
"1298","17.97081","9/2/2026 2:39:10 PM","9/2/2026 2:39:10 PM",
"1299","17.97143","9/2/2026 2:39:10 PM","9/2/2026 2:39:10 PM",
"1300","17.97143","9/2/2026 2:39:10 PM","9/2/2026 2:39:10 PM",
"1301","17.97482","9/2/2026 2:39:10 PM","9/2/2026 2:39:10 PM",
"1302","17.97482","9/2/2026 2:39:10 PM","9/2/2026 2:39:10 PM",
"1303","17.97671","9/2/2026 2:39:10 PM","9/2/2026 2:39:10 PM",
"1304","17.97671","9/2/2026 2:39:10 PM","9/2/2026 2:39:10 PM",
"1305","17.97658","9/2/2026 2:39:10 PM","9/2/2026 2:39:10 PM",
"1306","17.97658","9/2/2026 2:39:10 PM","9/2/2026 2:39:10 PM",
"1307","17.97675","9/2/2026 2:39:10 PM","9/2/2026 2:39:10 PM",
"1308","17.97675","9/2/2026 2:39:10 PM","9/2/2026 2:39:10 PM",
"1309","17.97606","9/2/2026 2:39:10 PM","9/2/2026 2:39:10 PM",
"1310","17.97606","9/2/2026 2:39:10 PM","9/2/2026 2:39:10 PM",
"1311","17.97539","9/2/2026 2:39:10 PM","9/2/2026 2:39:10 PM",
"1312","17.97539","9/2/2026 2:39:10 PM","9/2/2026 2:39:10 PM",
"1313","17.97557","9/2/2026 2:39:10 PM","9/2/2026 2:39:10 PM",
"1314","17.97557","9/2/2026 2:39:10 PM","9/2/2026 2:39:10 PM",
"1315","17.97576","9/2/2026 2:39:10 PM","9/2/2026 2:39:10 PM",
"1316","17.97576","9/2/2026 2:39:10 PM","9/2/2026 2:39:10 PM",
"1317","17.97637","9/2/2026 2:39:10 PM","9/2/2026 2:39:10 PM",
"1318","17.97637","9/2/2026 2:39:10 PM","9/2/2026 2:39:10 PM",
"1319","17.97529","9/2/2026 2:39:10 PM","9/2/2026 2:39:10 PM",
"1320","17.97529","9/2/2026 2:39:10 PM","9/2/2026 2:39:10 PM",
"1321","17.97578","9/2/2026 2:39:10 PM","9/2/2026 2:39:10 PM",
"1322","17.97578","9/2/2026 2:39:10 PM","9/2/2026 2:39:10 PM",
"1323","17.97578","9/2/2026 2:39:10 PM","9/2/2026 2:39:10 PM",
"1324","17.97602","9/2/2026 2:39:10 PM","9/2/2026 2:39:10 PM",
"1325","17.97602","9/2/2026 2:39:10 PM","9/2/2026 2:39:10 PM",
"1326","17.97602","9/2/2026 2:39:10 PM","9/2/2026 2:39:10 PM",
"1327","17.97602","9/2/2026 2:39:10 PM","9/2/2026 2:39:10 PM",
"1328","17.97393","9/2/2026 2:39:10 PM","9/2/2026 2:39:10 PM",
"1329","17.97393","9/2/2026 2:39:10 PM","9/2/2026 2:39:10 PM",
"1330","17.97461","9/2/2026 2:39:10 PM","9/2/2026 2:39:10 PM",
"1331","17.97461","9/2/2026 2:39:10 PM","9/2/2026 2:39:10 PM",
"1332","17.97454","9/2/2026 2:39:10 PM","9/2/2026 2:39:10 PM",
"1333","17.97454","9/2/2026 2:39:10 PM","9/2/2026 2:39:10 PM",
"1334","17.97397","9/2/2026 2:39:10 PM","9/2/2026 2:39:10 PM",
"1335","17.97397","9/2/2026 2:39:10 PM","9/2/2026 2:39:10 PM",
"1336","17.97518","9/2/2026 2:39:10 PM","9/2/2026 2:39:10 PM",
"1337","17.97518","9/2/2026 2:39:10 PM","9/2/2026 2:39:10 PM",
"1338","17.97515","9/2/2026 2:39:10 PM","9/2/2026 2:39:10 PM",
"1339","17.97515","9/2/2026 2:39:10 PM","9/2/2026 2:39:10 PM",
"1340","17.97493","9/2/2026 2:39:10 PM","9/2/2026 2:39:10 PM",
"1341","17.97493","9/2/2026 2:39:10 PM","9/2/2026 2:39:10 PM",
"1342","17.97745","9/2/2026 2:39:10 PM","9/2/2026 2:39:10 PM",
"1343","17.97745","9/2/2026 2:39:10 PM","9/2/2026 2:39:10 PM",
"1344","17.97303","9/2/2026 2:39:10 PM","9/2/2026 2:39:10 PM",
"1345","17.97303","9/2/2026 2:39:10 PM","9/2/2026 2:39:10 PM",
"1346","17.97788","9/2/2026 2:39:10 PM","9/2/2026 2:39:10 PM",
"1347","17.97788","9/2/2026 2:39:10 PM","9/2/2026 2:39:10 PM",
"1348","17.9722","9/2/2026 2:39:10 PM","9/2/2026 2:39:10 PM",
"1349","17.9722","9/2/2026 2:39:10 PM","9/2/2026 2:39:10 PM",
"1350","17.97905","9/2/2026 2:39:10 PM","9/2/2026 2:39:10 PM",
"1351","17.97905","9/2/2026 2:39:10 PM","9/2/2026 2:39:10 PM",
"1352","17.97242","9/2/2026 2:39:10 PM","9/2/2026 2:39:10 PM",
"1353","17.97242","9/2/2026 2:39:11 PM","9/2/2026 2:39:11 PM",
"1354","17.97863","9/2/2026 2:39:11 PM","9/2/2026 2:39:11 PM",
"1355","17.97863","9/2/2026 2:39:11 PM","9/2/2026 2:39:11 PM",
"1356","17.97278","9/2/2026 2:39:11 PM","9/2/2026 2:39:11 PM",
"1357","17.97278","9/2/2026 2:39:11 PM","9/2/2026 2:39:11 PM",
"1358","17.97749","9/2/2026 2:39:11 PM","9/2/2026 2:39:11 PM",
"1359","17.97749","9/2/2026 2:39:11 PM","9/2/2026 2:39:11 PM",
"1360","17.97301","9/2/2026 2:39:11 PM","9/2/2026 2:39:11 PM",
"1361","17.97301","9/2/2026 2:39:11 PM","9/2/2026 2:39:11 PM",
"1362","17.97819","9/2/2026 2:39:11 PM","9/2/2026 2:39:11 PM",
"1363","17.97819","9/2/2026 2:39:11 PM","9/2/2026 2:39:11 PM",
"1364","17.97362","9/2/2026 2:39:11 PM","9/2/2026 2:39:11 PM",
"1365","17.97362","9/2/2026 2:39:11 PM","9/2/2026 2:39:11 PM",
"1366","17.97662","9/2/2026 2:39:11 PM","9/2/2026 2:39:11 PM",
"1367","17.97662","9/2/2026 2:39:11 PM","9/2/2026 2:39:11 PM",
"1368","17.97345","9/2/2026 2:39:11 PM","9/2/2026 2:39:11 PM",
"1369","17.97345","9/2/2026 2:39:11 PM","9/2/2026 2:39:11 PM",
"1370","17.97684","9/2/2026 2:39:11 PM","9/2/2026 2:39:11 PM",
"1371","17.97684","9/2/2026 2:39:11 PM","9/2/2026 2:39:11 PM",
"1372","17.97492","9/2/2026 2:39:11 PM","9/2/2026 2:39:11 PM",
"1373","17.97492","9/2/2026 2:39:11 PM","9/2/2026 2:39:11 PM",
"1374","17.97776","9/2/2026 2:39:11 PM","9/2/2026 2:39:11 PM",
"1375","17.97776","9/2/2026 2:39:11 PM","9/2/2026 2:39:11 PM",
"1376","17.97602","9/2/2026 2:39:11 PM","9/2/2026 2:39:11 PM",
"1377","17.97602","9/2/2026 2:39:11 PM","9/2/2026 2:39:11 PM",
"1378","17.9769","9/2/2026 2:39:11 PM","9/2/2026 2:39:11 PM",
"1379","17.9769","9/2/2026 2:39:11 PM","9/2/2026 2:39:11 PM",
"1380","17.97509","9/2/2026 2:39:11 PM","9/2/2026 2:39:11 PM",
"1381","17.97509","9/2/2026 2:39:11 PM","9/2/2026 2:39:11 PM",
"1382","17.97652","9/2/2026 2:39:11 PM","9/2/2026 2:39:11 PM",
"1383","17.97652","9/2/2026 2:39:11 PM","9/2/2026 2:39:11 PM",
"1384","17.97533","9/2/2026 2:39:11 PM","9/2/2026 2:39:11 PM",
"1385","17.97533","9/2/2026 2:39:11 PM","9/2/2026 2:39:11 PM",
"1386","17.97595","9/2/2026 2:39:11 PM","9/2/2026 2:39:11 PM",
"1387","17.97595","9/2/2026 2:39:11 PM","9/2/2026 2:39:11 PM",
"1388","17.97615","9/2/2026 2:39:11 PM","9/2/2026 2:39:11 PM",
"1389","17.97615","9/2/2026 2:39:11 PM","9/2/2026 2:39:11 PM",
"1390","17.97588","9/2/2026 2:39:11 PM","9/2/2026 2:39:11 PM",
"1391","17.97588","9/2/2026 2:39:11 PM","9/2/2026 2:39:11 PM",
"1392","17.97512","9/2/2026 2:39:11 PM","9/2/2026 2:39:11 PM",
"1393","17.97512","9/2/2026 2:39:11 PM","9/2/2026 2:39:11 PM",
"1394","17.97652","9/2/2026 2:39:11 PM","9/2/2026 2:39:11 PM",
"1395","17.97652","9/2/2026 2:39:11 PM","9/2/2026 2:39:11 PM",
"1396","17.97634","9/2/2026 2:39:11 PM","9/2/2026 2:39:11 PM",
"1397","17.97634","9/2/2026 2:39:11 PM","9/2/2026 2:39:11 PM",
"1398","17.97565","9/2/2026 2:39:11 PM","9/2/2026 2:39:11 PM",
"1399","17.97565","9/2/2026 2:39:11 PM","9/2/2026 2:39:11 PM",
"1400","17.97634","9/2/2026 2:39:11 PM","9/2/2026 2:39:11 PM",
"1401","17.97634","9/2/2026 2:39:11 PM","9/2/2026 2:39:11 PM",
"1402","17.97557","9/2/2026 2:39:11 PM","9/2/2026 2:39:11 PM",
"1403","17.97557","9/2/2026 2:39:11 PM","9/2/2026 2:39:11 PM",
"1404","17.97711","9/2/2026 2:39:11 PM","9/2/2026 2:39:11 PM",
"1405","17.97711","9/2/2026 2:39:11 PM","9/2/2026 2:39:11 PM",
"1406","17.97604","9/2/2026 2:39:11 PM","9/2/2026 2:39:11 PM",
"1407","17.97604","9/2/2026 2:39:11 PM","9/2/2026 2:39:11 PM",
"1408","17.97775","9/2/2026 2:39:11 PM","9/2/2026 2:39:11 PM",
"1409","17.97775","9/2/2026 2:39:11 PM","9/2/2026 2:39:11 PM",
"1410","17.97628","9/2/2026 2:39:11 PM","9/2/2026 2:39:11 PM",
"1411","17.97628","9/2/2026 2:39:11 PM","9/2/2026 2:39:11 PM",
"1412","17.97624","9/2/2026 2:39:11 PM","9/2/2026 2:39:11 PM",
"1413","17.97624","9/2/2026 2:39:11 PM","9/2/2026 2:39:11 PM",
"1414","17.97628","9/2/2026 2:39:11 PM","9/2/2026 2:39:11 PM",
"1415","17.97628","9/2/2026 2:39:11 PM","9/2/2026 2:39:11 PM",
"1416","17.9755","9/2/2026 2:39:11 PM","9/2/2026 2:39:11 PM",
"1417","17.9755","9/2/2026 2:39:11 PM","9/2/2026 2:39:11 PM",
"1418","17.9761","9/2/2026 2:39:11 PM","9/2/2026 2:39:11 PM",
"1419","17.9761","9/2/2026 2:39:11 PM","9/2/2026 2:39:11 PM",
"1420","17.97665","9/2/2026 2:39:11 PM","9/2/2026 2:39:11 PM",
"1421","17.97665","9/2/2026 2:39:11 PM","9/2/2026 2:39:11 PM",
"1422","17.97554","9/2/2026 2:39:11 PM","9/2/2026 2:39:11 PM",
"1423","17.97554","9/2/2026 2:39:11 PM","9/2/2026 2:39:11 PM",
"1424","17.97547","9/2/2026 2:39:11 PM","9/2/2026 2:39:11 PM",
"1425","17.97547","9/2/2026 2:39:11 PM","9/2/2026 2:39:11 PM",
"1426","17.97627","9/2/2026 2:39:11 PM","9/2/2026 2:39:11 PM",
"1427","17.97627","9/2/2026 2:39:11 PM","9/2/2026 2:39:11 PM",
"1428","17.97651","9/2/2026 2:39:11 PM","9/2/2026 2:39:11 PM",
"1429","17.97651","9/2/2026 2:39:11 PM","9/2/2026 2:39:11 PM",
"1430","17.977","9/2/2026 2:39:11 PM","9/2/2026 2:39:11 PM",
"1431","17.977","9/2/2026 2:39:11 PM","9/2/2026 2:39:11 PM",
"1432","17.97668","9/2/2026 2:39:11 PM","9/2/2026 2:39:11 PM",
"1433","17.97668","9/2/2026 2:39:11 PM","9/2/2026 2:39:11 PM",
"1434","17.97635","9/2/2026 2:39:11 PM","9/2/2026 2:39:11 PM",
"1435","17.97635","9/2/2026 2:39:11 PM","9/2/2026 2:39:11 PM",
"1436","17.97637","9/2/2026 2:39:11 PM","9/2/2026 2:39:11 PM",
"1437","17.97637","9/2/2026 2:39:11 PM","9/2/2026 2:39:11 PM",
"1438","17.9762","9/2/2026 2:39:11 PM","9/2/2026 2:39:11 PM",
"1439","17.9762","9/2/2026 2:39:11 PM","9/2/2026 2:39:11 PM",
"1440","17.97719","9/2/2026 2:39:11 PM","9/2/2026 2:39:11 PM",
"1441","17.97719","9/2/2026 2:39:11 PM","9/2/2026 2:39:11 PM",
"1442","17.97663","9/2/2026 2:39:11 PM","9/2/2026 2:39:11 PM",
"1443","17.97663","9/2/2026 2:39:11 PM","9/2/2026 2:39:11 PM",
"1444","17.97679","9/2/2026 2:39:11 PM","9/2/2026 2:39:11 PM",
"1445","17.97679","9/2/2026 2:39:11 PM","9/2/2026 2:39:11 PM",
"1446","17.9761","9/2/2026 2:39:11 PM","9/2/2026 2:39:11 PM",
"1447","17.9761","9/2/2026 2:39:11 PM","9/2/2026 2:39:11 PM",
"1448","17.97591","9/2/2026 2:39:11 PM","9/2/2026 2:39:11 PM",
"1449","17.97591","9/2/2026 2:39:11 PM","9/2/2026 2:39:11 PM",
"1450","17.97643","9/2/2026 2:39:11 PM","9/2/2026 2:39:11 PM",
"1451","17.97643","9/2/2026 2:39:11 PM","9/2/2026 2:39:11 PM",
"1452","17.97757","9/2/2026 2:39:11 PM","9/2/2026 2:39:11 PM",
"1453","17.97757","9/2/2026 2:39:12 PM","9/2/2026 2:39:12 PM",
"1454","17.97602","9/2/2026 2:39:12 PM","9/2/2026 2:39:12 PM",
"1455","17.97602","9/2/2026 2:39:12 PM","9/2/2026 2:39:12 PM",
"1456","17.97653","9/2/2026 2:39:12 PM","9/2/2026 2:39:12 PM",
"1457","17.97653","9/2/2026 2:39:12 PM","9/2/2026 2:39:12 PM",
"1458","17.97614","9/2/2026 2:39:12 PM","9/2/2026 2:39:12 PM",
"1459","17.97614","9/2/2026 2:39:12 PM","9/2/2026 2:39:12 PM",
"1460","17.97658","9/2/2026 2:39:12 PM","9/2/2026 2:39:12 PM",
"1461","17.97658","9/2/2026 2:39:12 PM","9/2/2026 2:39:12 PM",
"1462","17.97752","9/2/2026 2:39:12 PM","9/2/2026 2:39:12 PM",
"1463","17.97752","9/2/2026 2:39:12 PM","9/2/2026 2:39:12 PM",
"1464","17.97705","9/2/2026 2:39:12 PM","9/2/2026 2:39:12 PM",
"1465","17.97705","9/2/2026 2:39:12 PM","9/2/2026 2:39:12 PM",
"1466","17.97623","9/2/2026 2:39:12 PM","9/2/2026 2:39:12 PM",
"1467","17.97623","9/2/2026 2:39:12 PM","9/2/2026 2:39:12 PM",
"1468","17.97649","9/2/2026 2:39:12 PM","9/2/2026 2:39:12 PM",
"1469","17.97649","9/2/2026 2:39:12 PM","9/2/2026 2:39:12 PM",
"1470","17.97746","9/2/2026 2:39:12 PM","9/2/2026 2:39:12 PM",
"1471","17.97746","9/2/2026 2:39:12 PM","9/2/2026 2:39:12 PM",
"1472","17.97665","9/2/2026 2:39:12 PM","9/2/2026 2:39:12 PM",
"1473","17.97665","9/2/2026 2:39:12 PM","9/2/2026 2:39:12 PM",
"1474","17.97632","9/2/2026 2:39:12 PM","9/2/2026 2:39:12 PM",
"1475","17.97632","9/2/2026 2:39:12 PM","9/2/2026 2:39:12 PM",
"1476","17.97658","9/2/2026 2:39:12 PM","9/2/2026 2:39:12 PM",
"1477","17.97658","9/2/2026 2:39:12 PM","9/2/2026 2:39:12 PM",
"1478","17.97698","9/2/2026 2:39:12 PM","9/2/2026 2:39:12 PM",
"1479","17.97698","9/2/2026 2:39:12 PM","9/2/2026 2:39:12 PM",
"1480","17.97584","9/2/2026 2:39:12 PM","9/2/2026 2:39:12 PM",
"1481","17.97584","9/2/2026 2:39:12 PM","9/2/2026 2:39:12 PM",
"1482","17.97643","9/2/2026 2:39:12 PM","9/2/2026 2:39:12 PM",
"1483","17.97643","9/2/2026 2:39:12 PM","9/2/2026 2:39:12 PM",
"1484","17.97657","9/2/2026 2:39:12 PM","9/2/2026 2:39:12 PM",
"1485","17.97657","9/2/2026 2:39:12 PM","9/2/2026 2:39:12 PM",
"1486","17.97768","9/2/2026 2:39:12 PM","9/2/2026 2:39:12 PM",
"1487","17.97768","9/2/2026 2:39:12 PM","9/2/2026 2:39:12 PM",
"1488","17.97659","9/2/2026 2:39:12 PM","9/2/2026 2:39:12 PM",
"1489","17.97659","9/2/2026 2:39:12 PM","9/2/2026 2:39:12 PM",
"1490","17.9772","9/2/2026 2:39:12 PM","9/2/2026 2:39:12 PM",
"1491","17.9772","9/2/2026 2:39:12 PM","9/2/2026 2:39:12 PM",
"1492","17.97637","9/2/2026 2:39:12 PM","9/2/2026 2:39:12 PM",
"1493","17.97637","9/2/2026 2:39:12 PM","9/2/2026 2:39:12 PM",
"1494","17.97682","9/2/2026 2:39:12 PM","9/2/2026 2:39:12 PM",
"1495","17.97682","9/2/2026 2:39:12 PM","9/2/2026 2:39:12 PM",
"1496","17.97673","9/2/2026 2:39:12 PM","9/2/2026 2:39:12 PM",
"1497","17.97673","9/2/2026 2:39:12 PM","9/2/2026 2:39:12 PM",
"1498","17.97722","9/2/2026 2:39:12 PM","9/2/2026 2:39:12 PM",
"1499","17.97722","9/2/2026 2:39:12 PM","9/2/2026 2:39:12 PM",
"1500","17.97714","9/2/2026 2:39:12 PM","9/2/2026 2:39:12 PM",
"1501","17.97714","9/2/2026 2:39:12 PM","9/2/2026 2:39:12 PM",
"1502","17.97611","9/2/2026 2:39:12 PM","9/2/2026 2:39:12 PM",
"1503","17.97611","9/2/2026 2:39:12 PM","9/2/2026 2:39:12 PM",
"1504","17.97639","9/2/2026 2:39:12 PM","9/2/2026 2:39:12 PM",
"1505","17.97639","9/2/2026 2:39:12 PM","9/2/2026 2:39:12 PM",
"1506","17.97695","9/2/2026 2:39:12 PM","9/2/2026 2:39:12 PM",
"1507","17.97695","9/2/2026 2:39:12 PM","9/2/2026 2:39:12 PM",
"1508","17.97652","9/2/2026 2:39:12 PM","9/2/2026 2:39:12 PM",
"1509","17.97652","9/2/2026 2:39:12 PM","9/2/2026 2:39:12 PM",
"1510","17.97706","9/2/2026 2:39:12 PM","9/2/2026 2:39:12 PM",
"1511","17.97706","9/2/2026 2:39:12 PM","9/2/2026 2:39:12 PM",
"1512","17.97611","9/2/2026 2:39:12 PM","9/2/2026 2:39:12 PM",
"1513","17.97611","9/2/2026 2:39:12 PM","9/2/2026 2:39:12 PM",
"1514","17.97683","9/2/2026 2:39:12 PM","9/2/2026 2:39:12 PM",
"1515","17.97683","9/2/2026 2:39:12 PM","9/2/2026 2:39:12 PM",
"1516","17.97706","9/2/2026 2:39:12 PM","9/2/2026 2:39:12 PM",
"1517","17.97706","9/2/2026 2:39:12 PM","9/2/2026 2:39:12 PM",
"1518","17.97706","9/2/2026 2:39:12 PM","9/2/2026 2:39:12 PM",
"1519","17.97706","9/2/2026 2:39:12 PM","9/2/2026 2:39:12 PM",
"1520","17.97659","9/2/2026 2:39:12 PM","9/2/2026 2:39:12 PM",
"1521","17.97659","9/2/2026 2:39:12 PM","9/2/2026 2:39:12 PM",
"1522","17.97659","9/2/2026 2:39:12 PM","9/2/2026 2:39:12 PM",
"1523","17.9762","9/2/2026 2:39:12 PM","9/2/2026 2:39:12 PM",
"1524","17.9762","9/2/2026 2:39:12 PM","9/2/2026 2:39:12 PM",
"1525","17.97735","9/2/2026 2:39:12 PM","9/2/2026 2:39:12 PM",
"1526","17.97735","9/2/2026 2:39:12 PM","9/2/2026 2:39:12 PM",
"1527","17.977","9/2/2026 2:39:12 PM","9/2/2026 2:39:12 PM",
"1528","17.977","9/2/2026 2:39:12 PM","9/2/2026 2:39:12 PM",
"1529","17.97648","9/2/2026 2:39:12 PM","9/2/2026 2:39:12 PM",
"1530","17.97648","9/2/2026 2:39:12 PM","9/2/2026 2:39:12 PM",
"1531","17.97695","9/2/2026 2:39:12 PM","9/2/2026 2:39:12 PM",
"1532","17.97695","9/2/2026 2:39:12 PM","9/2/2026 2:39:12 PM",
"1533","17.97691","9/2/2026 2:39:12 PM","9/2/2026 2:39:12 PM",
"1534","17.97691","9/2/2026 2:39:12 PM","9/2/2026 2:39:12 PM",
"1535","17.97709","9/2/2026 2:39:12 PM","9/2/2026 2:39:12 PM",
"1536","17.97709","9/2/2026 2:39:12 PM","9/2/2026 2:39:12 PM",
"1537","17.97686","9/2/2026 2:39:12 PM","9/2/2026 2:39:12 PM",
"1538","17.97686","9/2/2026 2:39:12 PM","9/2/2026 2:39:12 PM",
"1539","17.97676","9/2/2026 2:39:12 PM","9/2/2026 2:39:12 PM",
"1540","17.97676","9/2/2026 2:39:12 PM","9/2/2026 2:39:12 PM",
"1541","17.97588","9/2/2026 2:39:12 PM","9/2/2026 2:39:12 PM",
"1542","17.97588","9/2/2026 2:39:12 PM","9/2/2026 2:39:12 PM",
"1543","17.97602","9/2/2026 2:39:12 PM","9/2/2026 2:39:12 PM",
"1544","17.97602","9/2/2026 2:39:12 PM","9/2/2026 2:39:12 PM",
"1545","17.97667","9/2/2026 2:39:12 PM","9/2/2026 2:39:12 PM",
"1546","17.97667","9/2/2026 2:39:12 PM","9/2/2026 2:39:12 PM",
"1547","17.9761","9/2/2026 2:39:12 PM","9/2/2026 2:39:12 PM",
"1548","17.9761","9/2/2026 2:39:12 PM","9/2/2026 2:39:12 PM",
"1549","17.97617","9/2/2026 2:39:12 PM","9/2/2026 2:39:12 PM",
"1550","17.97617","9/2/2026 2:39:12 PM","9/2/2026 2:39:12 PM",
"1551","17.97599","9/2/2026 2:39:12 PM","9/2/2026 2:39:12 PM",
"1552","17.97599","9/2/2026 2:39:12 PM","9/2/2026 2:39:12 PM",
"1553","17.97671","9/2/2026 2:39:13 PM","9/2/2026 2:39:13 PM",
"1554","17.97671","9/2/2026 2:39:13 PM","9/2/2026 2:39:13 PM",
"1555","17.97744","9/2/2026 2:39:13 PM","9/2/2026 2:39:13 PM",
"1556","17.97744","9/2/2026 2:39:13 PM","9/2/2026 2:39:13 PM",
"1557","17.97776","9/2/2026 2:39:13 PM","9/2/2026 2:39:13 PM",
"1558","17.97776","9/2/2026 2:39:13 PM","9/2/2026 2:39:13 PM",
"1559","17.97647","9/2/2026 2:39:13 PM","9/2/2026 2:39:13 PM",
"1560","17.97647","9/2/2026 2:39:13 PM","9/2/2026 2:39:13 PM",
"1561","17.97673","9/2/2026 2:39:13 PM","9/2/2026 2:39:13 PM",
"1562","17.97673","9/2/2026 2:39:13 PM","9/2/2026 2:39:13 PM",
"1563","17.9776","9/2/2026 2:39:13 PM","9/2/2026 2:39:13 PM",
"1564","17.9776","9/2/2026 2:39:13 PM","9/2/2026 2:39:13 PM",
"1565","17.97733","9/2/2026 2:39:13 PM","9/2/2026 2:39:13 PM",
"1566","17.97733","9/2/2026 2:39:13 PM","9/2/2026 2:39:13 PM",
"1567","17.97672","9/2/2026 2:39:13 PM","9/2/2026 2:39:13 PM",
"1568","17.97672","9/2/2026 2:39:13 PM","9/2/2026 2:39:13 PM",
"1569","17.97628","9/2/2026 2:39:13 PM","9/2/2026 2:39:13 PM",
"1570","17.97628","9/2/2026 2:39:13 PM","9/2/2026 2:39:13 PM",
"1571","17.97746","9/2/2026 2:39:13 PM","9/2/2026 2:39:13 PM",
"1572","17.97746","9/2/2026 2:39:13 PM","9/2/2026 2:39:13 PM",
"1573","17.97762","9/2/2026 2:39:13 PM","9/2/2026 2:39:13 PM",
"1574","17.97762","9/2/2026 2:39:13 PM","9/2/2026 2:39:13 PM",
"1575","17.97826","9/2/2026 2:39:13 PM","9/2/2026 2:39:13 PM",
"1576","17.97826","9/2/2026 2:39:13 PM","9/2/2026 2:39:13 PM",
"1577","17.97758","9/2/2026 2:39:13 PM","9/2/2026 2:39:13 PM",
"1578","17.97758","9/2/2026 2:39:13 PM","9/2/2026 2:39:13 PM",
"1579","17.97646","9/2/2026 2:39:13 PM","9/2/2026 2:39:13 PM",
"1580","17.97646","9/2/2026 2:39:13 PM","9/2/2026 2:39:13 PM",
"1581","17.97596","9/2/2026 2:39:13 PM","9/2/2026 2:39:13 PM",
"1582","17.97596","9/2/2026 2:39:13 PM","9/2/2026 2:39:13 PM",
"1583","17.97642","9/2/2026 2:39:13 PM","9/2/2026 2:39:13 PM",
"1584","17.97642","9/2/2026 2:39:13 PM","9/2/2026 2:39:13 PM",
"1585","17.97737","9/2/2026 2:39:13 PM","9/2/2026 2:39:13 PM",
"1586","17.97737","9/2/2026 2:39:13 PM","9/2/2026 2:39:13 PM",
"1587","17.97566","9/2/2026 2:39:13 PM","9/2/2026 2:39:13 PM",
"1588","17.97566","9/2/2026 2:39:13 PM","9/2/2026 2:39:13 PM",
"1589","17.97647","9/2/2026 2:39:13 PM","9/2/2026 2:39:13 PM",
"1590","17.97647","9/2/2026 2:39:13 PM","9/2/2026 2:39:13 PM",
"1591","17.97667","9/2/2026 2:39:13 PM","9/2/2026 2:39:13 PM",
"1592","17.97667","9/2/2026 2:39:13 PM","9/2/2026 2:39:13 PM",
"1593","17.9768","9/2/2026 2:39:13 PM","9/2/2026 2:39:13 PM",
"1594","17.9768","9/2/2026 2:39:13 PM","9/2/2026 2:39:13 PM",
"1595","17.97647","9/2/2026 2:39:13 PM","9/2/2026 2:39:13 PM",
"1596","17.97647","9/2/2026 2:39:13 PM","9/2/2026 2:39:13 PM",
"1597","17.97684","9/2/2026 2:39:13 PM","9/2/2026 2:39:13 PM",
"1598","17.97684","9/2/2026 2:39:13 PM","9/2/2026 2:39:13 PM",
"1599","17.97734","9/2/2026 2:39:13 PM","9/2/2026 2:39:13 PM",
"1600","17.97734","9/2/2026 2:39:13 PM","9/2/2026 2:39:13 PM",
"1601","17.97733","9/2/2026 2:39:13 PM","9/2/2026 2:39:13 PM",
"1602","17.97733","9/2/2026 2:39:13 PM","9/2/2026 2:39:13 PM",
"1603","17.97693","9/2/2026 2:39:13 PM","9/2/2026 2:39:13 PM",
"1604","17.97693","9/2/2026 2:39:13 PM","9/2/2026 2:39:13 PM",
"1605","17.97683","9/2/2026 2:39:13 PM","9/2/2026 2:39:13 PM",
"1606","17.97683","9/2/2026 2:39:13 PM","9/2/2026 2:39:13 PM",
"1607","17.97713","9/2/2026 2:39:13 PM","9/2/2026 2:39:13 PM",
"1608","17.97713","9/2/2026 2:39:13 PM","9/2/2026 2:39:13 PM",
"1609","17.97811","9/2/2026 2:39:13 PM","9/2/2026 2:39:13 PM",
"1610","17.97811","9/2/2026 2:39:13 PM","9/2/2026 2:39:13 PM",
"1611","17.97748","9/2/2026 2:39:13 PM","9/2/2026 2:39:13 PM",
"1612","17.97748","9/2/2026 2:39:13 PM","9/2/2026 2:39:13 PM",
"1613","17.97697","9/2/2026 2:39:13 PM","9/2/2026 2:39:13 PM",
"1614","17.97697","9/2/2026 2:39:13 PM","9/2/2026 2:39:13 PM",
"1615","17.97734","9/2/2026 2:39:13 PM","9/2/2026 2:39:13 PM",
"1616","17.97734","9/2/2026 2:39:13 PM","9/2/2026 2:39:13 PM",
"1617","17.97661","9/2/2026 2:39:13 PM","9/2/2026 2:39:13 PM",
"1618","17.97661","9/2/2026 2:39:13 PM","9/2/2026 2:39:13 PM",
"1619","17.97645","9/2/2026 2:39:13 PM","9/2/2026 2:39:13 PM",
"1620","17.97645","9/2/2026 2:39:13 PM","9/2/2026 2:39:13 PM",
"1621","17.9762","9/2/2026 2:39:13 PM","9/2/2026 2:39:13 PM",
"1622","17.9762","9/2/2026 2:39:13 PM","9/2/2026 2:39:13 PM",
"1623","17.97663","9/2/2026 2:39:13 PM","9/2/2026 2:39:13 PM",
"1624","17.97663","9/2/2026 2:39:13 PM","9/2/2026 2:39:13 PM",
"1625","17.9777","9/2/2026 2:39:13 PM","9/2/2026 2:39:13 PM",
"1626","17.9777","9/2/2026 2:39:13 PM","9/2/2026 2:39:13 PM",
"1627","17.97745","9/2/2026 2:39:13 PM","9/2/2026 2:39:13 PM",
"1628","17.97745","9/2/2026 2:39:13 PM","9/2/2026 2:39:13 PM",
"1629","17.97692","9/2/2026 2:39:13 PM","9/2/2026 2:39:13 PM",
"1630","17.97692","9/2/2026 2:39:13 PM","9/2/2026 2:39:13 PM",
"1631","17.97706","9/2/2026 2:39:13 PM","9/2/2026 2:39:13 PM",
"1632","17.97706","9/2/2026 2:39:13 PM","9/2/2026 2:39:13 PM",
"1633","17.97645","9/2/2026 2:39:13 PM","9/2/2026 2:39:13 PM",

