"Live Graph Properties",
"Device","Status","Serial Number",
"1","Enabled","354044",
"2","Disabled","",
"3","Disabled","",
"4","Disabled","",
"5","Disabled","",
"6","Disabled","",
"7","Disabled","",
"8","Disabled","",
"9","Disabled","",
"10","Disabled","",
"11","Disabled","",
"12","Disabled","",
"13","Disabled","",
"14","Disabled","",
"15","Disabled","",
"16","Disabled","",
"Sum","Disabled","",
"Math","Disabled","",

"Device 1",
"Live Graph Table",
"Sample Number","Tracking Value","Date","Time",
"0","18.17075","9/2/2026 2:36:49 PM","9/2/2026 2:36:49 PM",
"1","18.17075","9/2/2026 2:36:49 PM","9/2/2026 2:36:49 PM",
"2","18.17083","9/2/2026 2:36:49 PM","9/2/2026 2:36:49 PM",
"3","18.17083","9/2/2026 2:36:49 PM","9/2/2026 2:36:49 PM",
"4","18.1709","9/2/2026 2:36:49 PM","9/2/2026 2:36:49 PM",
"5","18.1709","9/2/2026 2:36:49 PM","9/2/2026 2:36:49 PM",
"6","18.17097","9/2/2026 2:36:49 PM","9/2/2026 2:36:49 PM",
"7","18.17097","9/2/2026 2:36:49 PM","9/2/2026 2:36:49 PM",
"8","18.16989","9/2/2026 2:36:49 PM","9/2/2026 2:36:49 PM",
"9","18.16989","9/2/2026 2:36:49 PM","9/2/2026 2:36:49 PM",
"10","18.17097","9/2/2026 2:36:49 PM","9/2/2026 2:36:49 PM",
"11","18.17097","9/2/2026 2:36:49 PM","9/2/2026 2:36:49 PM",
"12","18.16967","9/2/2026 2:36:49 PM","9/2/2026 2:36:49 PM",
"13","18.16967","9/2/2026 2:36:49 PM","9/2/2026 2:36:49 PM",
"14","18.17055","9/2/2026 2:36:49 PM","9/2/2026 2:36:49 PM",
"15","18.17055","9/2/2026 2:36:49 PM","9/2/2026 2:36:49 PM",
"16","18.16998","9/2/2026 2:36:49 PM","9/2/2026 2:36:49 PM",
"17","18.16998","9/2/2026 2:36:49 PM","9/2/2026 2:36:49 PM",
"18","18.17068","9/2/2026 2:36:49 PM","9/2/2026 2:36:49 PM",
"19","18.17068","9/2/2026 2:36:49 PM","9/2/2026 2:36:49 PM",
"20","18.16954","9/2/2026 2:36:49 PM","9/2/2026 2:36:49 PM",
"21","18.16954","9/2/2026 2:36:49 PM","9/2/2026 2:36:49 PM",
"22","18.1706","9/2/2026 2:36:49 PM","9/2/2026 2:36:49 PM",
"23","18.1706","9/2/2026 2:36:49 PM","9/2/2026 2:36:49 PM",
"24","18.17007","9/2/2026 2:36:49 PM","9/2/2026 2:36:49 PM",
"25","18.17007","9/2/2026 2:36:49 PM","9/2/2026 2:36:49 PM",
"26","18.17112","9/2/2026 2:36:49 PM","9/2/2026 2:36:49 PM",
"27","18.17112","9/2/2026 2:36:49 PM","9/2/2026 2:36:49 PM",
"28","18.17042","9/2/2026 2:36:49 PM","9/2/2026 2:36:49 PM",
"29","18.17042","9/2/2026 2:36:49 PM","9/2/2026 2:36:49 PM",
"30","18.17116","9/2/2026 2:36:49 PM","9/2/2026 2:36:49 PM",
"31","18.17116","9/2/2026 2:36:49 PM","9/2/2026 2:36:49 PM",
"32","18.17001","9/2/2026 2:36:49 PM","9/2/2026 2:36:49 PM",
"33","18.17001","9/2/2026 2:36:49 PM","9/2/2026 2:36:49 PM",
"34","18.17097","9/2/2026 2:36:49 PM","9/2/2026 2:36:49 PM",
"35","18.17097","9/2/2026 2:36:49 PM","9/2/2026 2:36:49 PM",
"36","18.17057","9/2/2026 2:36:49 PM","9/2/2026 2:36:49 PM",
"37","18.17057","9/2/2026 2:36:49 PM","9/2/2026 2:36:49 PM",
"38","18.17123","9/2/2026 2:36:49 PM","9/2/2026 2:36:49 PM",
"39","18.17123","9/2/2026 2:36:49 PM","9/2/2026 2:36:49 PM",
"40","18.17026","9/2/2026 2:36:49 PM","9/2/2026 2:36:49 PM",
"41","18.17026","9/2/2026 2:36:49 PM","9/2/2026 2:36:49 PM",
"42","18.17041","9/2/2026 2:36:49 PM","9/2/2026 2:36:49 PM",
"43","18.17041","9/2/2026 2:36:49 PM","9/2/2026 2:36:49 PM",
"44","18.17026","9/2/2026 2:36:49 PM","9/2/2026 2:36:49 PM",
"45","18.17026","9/2/2026 2:36:49 PM","9/2/2026 2:36:49 PM",
"46","18.17026","9/2/2026 2:36:49 PM","9/2/2026 2:36:49 PM",
"47","18.17027","9/2/2026 2:36:49 PM","9/2/2026 2:36:49 PM",
"48","18.17027","9/2/2026 2:36:49 PM","9/2/2026 2:36:49 PM",
"49","18.16984","9/2/2026 2:36:49 PM","9/2/2026 2:36:49 PM",
"50","18.16984","9/2/2026 2:36:49 PM","9/2/2026 2:36:49 PM",
"51","18.17051","9/2/2026 2:36:49 PM","9/2/2026 2:36:49 PM",
"52","18.17051","9/2/2026 2:36:49 PM","9/2/2026 2:36:49 PM",
"53","18.17049","9/2/2026 2:36:49 PM","9/2/2026 2:36:49 PM",
"54","18.17049","9/2/2026 2:36:49 PM","9/2/2026 2:36:49 PM",
"55","18.17104","9/2/2026 2:36:49 PM","9/2/2026 2:36:49 PM",
"56","18.17104","9/2/2026 2:36:49 PM","9/2/2026 2:36:49 PM",
"57","18.17066","9/2/2026 2:36:49 PM","9/2/2026 2:36:49 PM",
"58","18.17066","9/2/2026 2:36:49 PM","9/2/2026 2:36:49 PM",
"59","18.17015","9/2/2026 2:36:49 PM","9/2/2026 2:36:49 PM",
"60","18.17015","9/2/2026 2:36:49 PM","9/2/2026 2:36:49 PM",
"61","18.17062","9/2/2026 2:36:49 PM","9/2/2026 2:36:49 PM",
"62","18.17062","9/2/2026 2:36:49 PM","9/2/2026 2:36:49 PM",
"63","18.1709","9/2/2026 2:36:49 PM","9/2/2026 2:36:49 PM",
"64","18.1709","9/2/2026 2:36:49 PM","9/2/2026 2:36:49 PM",
"65","18.17034","9/2/2026 2:36:49 PM","9/2/2026 2:36:49 PM",
"66","18.17034","9/2/2026 2:36:49 PM","9/2/2026 2:36:49 PM",
"67","18.1702","9/2/2026 2:36:49 PM","9/2/2026 2:36:49 PM",
"68","18.1702","9/2/2026 2:36:49 PM","9/2/2026 2:36:49 PM",
"69","18.16971","9/2/2026 2:36:49 PM","9/2/2026 2:36:49 PM",
"70","18.16971","9/2/2026 2:36:49 PM","9/2/2026 2:36:49 PM",
"71","18.17124","9/2/2026 2:36:49 PM","9/2/2026 2:36:49 PM",
"72","18.17124","9/2/2026 2:36:49 PM","9/2/2026 2:36:49 PM",
"73","18.16982","9/2/2026 2:36:49 PM","9/2/2026 2:36:49 PM",
"74","18.16982","9/2/2026 2:36:49 PM","9/2/2026 2:36:49 PM",
"75","18.17055","9/2/2026 2:36:49 PM","9/2/2026 2:36:49 PM",
"76","18.17055","9/2/2026 2:36:49 PM","9/2/2026 2:36:49 PM",
"77","18.16997","9/2/2026 2:36:49 PM","9/2/2026 2:36:49 PM",
"78","18.16997","9/2/2026 2:36:49 PM","9/2/2026 2:36:49 PM",
"79","18.17045","9/2/2026 2:36:49 PM","9/2/2026 2:36:49 PM",
"80","18.17045","9/2/2026 2:36:49 PM","9/2/2026 2:36:49 PM",
"81","18.17058","9/2/2026 2:36:49 PM","9/2/2026 2:36:49 PM",
"82","18.17058","9/2/2026 2:36:49 PM","9/2/2026 2:36:49 PM",
"83","18.17122","9/2/2026 2:36:49 PM","9/2/2026 2:36:49 PM",
"84","18.17122","9/2/2026 2:36:49 PM","9/2/2026 2:36:49 PM",
"85","18.16994","9/2/2026 2:36:49 PM","9/2/2026 2:36:49 PM",
"86","18.16994","9/2/2026 2:36:49 PM","9/2/2026 2:36:49 PM",
"87","18.17208","9/2/2026 2:36:49 PM","9/2/2026 2:36:49 PM",
"88","18.17208","9/2/2026 2:36:49 PM","9/2/2026 2:36:49 PM",
"89","18.17029","9/2/2026 2:36:49 PM","9/2/2026 2:36:49 PM",
"90","18.17029","9/2/2026 2:36:49 PM","9/2/2026 2:36:49 PM",
"91","18.17124","9/2/2026 2:36:49 PM","9/2/2026 2:36:49 PM",
"92","18.17124","9/2/2026 2:36:49 PM","9/2/2026 2:36:49 PM",
"93","18.16955","9/2/2026 2:36:49 PM","9/2/2026 2:36:49 PM",
"94","18.16955","9/2/2026 2:36:50 PM","9/2/2026 2:36:50 PM",
"95","18.17136","9/2/2026 2:36:50 PM","9/2/2026 2:36:50 PM",
"96","18.17136","9/2/2026 2:36:50 PM","9/2/2026 2:36:50 PM",
"97","18.16978","9/2/2026 2:36:50 PM","9/2/2026 2:36:50 PM",
"98","18.16978","9/2/2026 2:36:50 PM","9/2/2026 2:36:50 PM",
"99","18.17176","9/2/2026 2:36:50 PM","9/2/2026 2:36:50 PM",
"100","18.17176","9/2/2026 2:36:50 PM","9/2/2026 2:36:50 PM",
"101","18.1703","9/2/2026 2:36:50 PM","9/2/2026 2:36:50 PM",
"102","18.1703","9/2/2026 2:36:50 PM","9/2/2026 2:36:50 PM",
"103","18.17","9/2/2026 2:36:50 PM","9/2/2026 2:36:50 PM",
"104","18.17","9/2/2026 2:36:50 PM","9/2/2026 2:36:50 PM",
"105","18.16979","9/2/2026 2:36:50 PM","9/2/2026 2:36:50 PM",
"106","18.16979","9/2/2026 2:36:50 PM","9/2/2026 2:36:50 PM",
"107","18.1711","9/2/2026 2:36:50 PM","9/2/2026 2:36:50 PM",
"108","18.1711","9/2/2026 2:36:50 PM","9/2/2026 2:36:50 PM",
"109","18.16944","9/2/2026 2:36:50 PM","9/2/2026 2:36:50 PM",
"110","18.16944","9/2/2026 2:36:50 PM","9/2/2026 2:36:50 PM",
"111","18.17047","9/2/2026 2:36:50 PM","9/2/2026 2:36:50 PM",
"112","18.17047","9/2/2026 2:36:50 PM","9/2/2026 2:36:50 PM",
"113","18.1702","9/2/2026 2:36:50 PM","9/2/2026 2:36:50 PM",
"114","18.1702","9/2/2026 2:36:50 PM","9/2/2026 2:36:50 PM",
"115","18.17014","9/2/2026 2:36:50 PM","9/2/2026 2:36:50 PM",
"116","18.17014","9/2/2026 2:36:50 PM","9/2/2026 2:36:50 PM",
"117","18.17","9/2/2026 2:36:50 PM","9/2/2026 2:36:50 PM",
"118","18.17","9/2/2026 2:36:50 PM","9/2/2026 2:36:50 PM",
"119","18.17079","9/2/2026 2:36:50 PM","9/2/2026 2:36:50 PM",
"120","18.17079","9/2/2026 2:36:50 PM","9/2/2026 2:36:50 PM",
"121","18.17004","9/2/2026 2:36:50 PM","9/2/2026 2:36:50 PM",
"122","18.17004","9/2/2026 2:36:50 PM","9/2/2026 2:36:50 PM",
"123","18.17047","9/2/2026 2:36:50 PM","9/2/2026 2:36:50 PM",
"124","18.17047","9/2/2026 2:36:50 PM","9/2/2026 2:36:50 PM",
"125","18.16928","9/2/2026 2:36:50 PM","9/2/2026 2:36:50 PM",
"126","18.16928","9/2/2026 2:36:50 PM","9/2/2026 2:36:50 PM",
"127","18.17001","9/2/2026 2:36:50 PM","9/2/2026 2:36:50 PM",
"128","18.17001","9/2/2026 2:36:50 PM","9/2/2026 2:36:50 PM",
"129","18.16911","9/2/2026 2:36:50 PM","9/2/2026 2:36:50 PM",
"130","18.16911","9/2/2026 2:36:50 PM","9/2/2026 2:36:50 PM",
"131","18.17086","9/2/2026 2:36:50 PM","9/2/2026 2:36:50 PM",
"132","18.17086","9/2/2026 2:36:50 PM","9/2/2026 2:36:50 PM",
"133","18.16971","9/2/2026 2:36:50 PM","9/2/2026 2:36:50 PM",
"134","18.16971","9/2/2026 2:36:50 PM","9/2/2026 2:36:50 PM",
"135","18.17054","9/2/2026 2:36:50 PM","9/2/2026 2:36:50 PM",
"136","18.17054","9/2/2026 2:36:50 PM","9/2/2026 2:36:50 PM",
"137","18.17006","9/2/2026 2:36:50 PM","9/2/2026 2:36:50 PM",
"138","18.17006","9/2/2026 2:36:50 PM","9/2/2026 2:36:50 PM",
"139","18.17021","9/2/2026 2:36:50 PM","9/2/2026 2:36:50 PM",
"140","18.17021","9/2/2026 2:36:50 PM","9/2/2026 2:36:50 PM",
"141","18.16915","9/2/2026 2:36:50 PM","9/2/2026 2:36:50 PM",
"142","18.16915","9/2/2026 2:36:50 PM","9/2/2026 2:36:50 PM",
"143","18.16992","9/2/2026 2:36:50 PM","9/2/2026 2:36:50 PM",
"144","18.16992","9/2/2026 2:36:50 PM","9/2/2026 2:36:50 PM",
"145","18.16897","9/2/2026 2:36:50 PM","9/2/2026 2:36:50 PM",
"146","18.16897","9/2/2026 2:36:50 PM","9/2/2026 2:36:50 PM",
"147","18.16789","9/2/2026 2:36:50 PM","9/2/2026 2:36:50 PM",
"148","18.16789","9/2/2026 2:36:50 PM","9/2/2026 2:36:50 PM",
"149","18.16791","9/2/2026 2:36:50 PM","9/2/2026 2:36:50 PM",
"150","18.16791","9/2/2026 2:36:50 PM","9/2/2026 2:36:50 PM",
"151","18.16927","9/2/2026 2:36:50 PM","9/2/2026 2:36:50 PM",
"152","18.16927","9/2/2026 2:36:50 PM","9/2/2026 2:36:50 PM",
"153","18.16857","9/2/2026 2:36:50 PM","9/2/2026 2:36:50 PM",
"154","18.16857","9/2/2026 2:36:50 PM","9/2/2026 2:36:50 PM",
"155","18.16852","9/2/2026 2:36:50 PM","9/2/2026 2:36:50 PM",
"156","18.16852","9/2/2026 2:36:50 PM","9/2/2026 2:36:50 PM",
"157","18.1686","9/2/2026 2:36:50 PM","9/2/2026 2:36:50 PM",
"158","18.1686","9/2/2026 2:36:50 PM","9/2/2026 2:36:50 PM",
"159","18.16837","9/2/2026 2:36:50 PM","9/2/2026 2:36:50 PM",
"160","18.16837","9/2/2026 2:36:50 PM","9/2/2026 2:36:50 PM",
"161","18.16673","9/2/2026 2:36:50 PM","9/2/2026 2:36:50 PM",
"162","18.16673","9/2/2026 2:36:50 PM","9/2/2026 2:36:50 PM",
"163","18.16707","9/2/2026 2:36:50 PM","9/2/2026 2:36:50 PM",
"164","18.16707","9/2/2026 2:36:50 PM","9/2/2026 2:36:50 PM",
"165","18.16773","9/2/2026 2:36:50 PM","9/2/2026 2:36:50 PM",
"166","18.16773","9/2/2026 2:36:50 PM","9/2/2026 2:36:50 PM",
"167","18.16751","9/2/2026 2:36:50 PM","9/2/2026 2:36:50 PM",
"168","18.16751","9/2/2026 2:36:50 PM","9/2/2026 2:36:50 PM",
"169","18.16586","9/2/2026 2:36:50 PM","9/2/2026 2:36:50 PM",
"170","18.16586","9/2/2026 2:36:50 PM","9/2/2026 2:36:50 PM",
"171","18.1656","9/2/2026 2:36:50 PM","9/2/2026 2:36:50 PM",
"172","18.1656","9/2/2026 2:36:50 PM","9/2/2026 2:36:50 PM",
"173","18.16415","9/2/2026 2:36:50 PM","9/2/2026 2:36:50 PM",
"174","18.16415","9/2/2026 2:36:50 PM","9/2/2026 2:36:50 PM",
"175","18.16425","9/2/2026 2:36:50 PM","9/2/2026 2:36:50 PM",
"176","18.16425","9/2/2026 2:36:50 PM","9/2/2026 2:36:50 PM",
"177","18.16493","9/2/2026 2:36:50 PM","9/2/2026 2:36:50 PM",
"178","18.16493","9/2/2026 2:36:50 PM","9/2/2026 2:36:50 PM",
"179","18.16454","9/2/2026 2:36:50 PM","9/2/2026 2:36:50 PM",
"180","18.16454","9/2/2026 2:36:50 PM","9/2/2026 2:36:50 PM",
"181","18.16407","9/2/2026 2:36:50 PM","9/2/2026 2:36:50 PM",
"182","18.16407","9/2/2026 2:36:50 PM","9/2/2026 2:36:50 PM",
"183","18.16356","9/2/2026 2:36:50 PM","9/2/2026 2:36:50 PM",
"184","18.16356","9/2/2026 2:36:50 PM","9/2/2026 2:36:50 PM",
"185","18.16225","9/2/2026 2:36:50 PM","9/2/2026 2:36:50 PM",
"186","18.16225","9/2/2026 2:36:50 PM","9/2/2026 2:36:50 PM",
"187","18.16164","9/2/2026 2:36:50 PM","9/2/2026 2:36:50 PM",
"188","18.16164","9/2/2026 2:36:50 PM","9/2/2026 2:36:50 PM",
"189","18.16136","9/2/2026 2:36:50 PM","9/2/2026 2:36:50 PM",
"190","18.16136","9/2/2026 2:36:50 PM","9/2/2026 2:36:50 PM",
"191","18.16091","9/2/2026 2:36:50 PM","9/2/2026 2:36:50 PM",
"192","18.16091","9/2/2026 2:36:50 PM","9/2/2026 2:36:50 PM",
"193","18.16019","9/2/2026 2:36:50 PM","9/2/2026 2:36:50 PM",
"194","18.16019","9/2/2026 2:36:51 PM","9/2/2026 2:36:51 PM",
"195","18.16033","9/2/2026 2:36:51 PM","9/2/2026 2:36:51 PM",
"196","18.16033","9/2/2026 2:36:51 PM","9/2/2026 2:36:51 PM",
"197","18.15899","9/2/2026 2:36:51 PM","9/2/2026 2:36:51 PM",
"198","18.15899","9/2/2026 2:36:51 PM","9/2/2026 2:36:51 PM",
"199","18.15986","9/2/2026 2:36:51 PM","9/2/2026 2:36:51 PM",
"200","18.15986","9/2/2026 2:36:51 PM","9/2/2026 2:36:51 PM",
"201","18.15956","9/2/2026 2:36:51 PM","9/2/2026 2:36:51 PM",
"202","18.15956","9/2/2026 2:36:51 PM","9/2/2026 2:36:51 PM",
"203","18.15884","9/2/2026 2:36:51 PM","9/2/2026 2:36:51 PM",
"204","18.15884","9/2/2026 2:36:51 PM","9/2/2026 2:36:51 PM",
"205","18.15647","9/2/2026 2:36:51 PM","9/2/2026 2:36:51 PM",
"206","18.15647","9/2/2026 2:36:51 PM","9/2/2026 2:36:51 PM",
"207","18.15728","9/2/2026 2:36:51 PM","9/2/2026 2:36:51 PM",
"208","18.15728","9/2/2026 2:36:51 PM","9/2/2026 2:36:51 PM",
"209","18.15712","9/2/2026 2:36:51 PM","9/2/2026 2:36:51 PM",
"210","18.15712","9/2/2026 2:36:51 PM","9/2/2026 2:36:51 PM",
"211","18.15726","9/2/2026 2:36:51 PM","9/2/2026 2:36:51 PM",
"212","18.15726","9/2/2026 2:36:51 PM","9/2/2026 2:36:51 PM",
"213","18.15544","9/2/2026 2:36:51 PM","9/2/2026 2:36:51 PM",
"214","18.15544","9/2/2026 2:36:51 PM","9/2/2026 2:36:51 PM",
"215","18.15535","9/2/2026 2:36:51 PM","9/2/2026 2:36:51 PM",
"216","18.15535","9/2/2026 2:36:51 PM","9/2/2026 2:36:51 PM",
"217","18.15422","9/2/2026 2:36:51 PM","9/2/2026 2:36:51 PM",
"218","18.15422","9/2/2026 2:36:51 PM","9/2/2026 2:36:51 PM",
"219","18.15464","9/2/2026 2:36:51 PM","9/2/2026 2:36:51 PM",
"220","18.15464","9/2/2026 2:36:51 PM","9/2/2026 2:36:51 PM",
"221","18.15463","9/2/2026 2:36:51 PM","9/2/2026 2:36:51 PM",
"222","18.15463","9/2/2026 2:36:51 PM","9/2/2026 2:36:51 PM",
"223","18.15317","9/2/2026 2:36:51 PM","9/2/2026 2:36:51 PM",
"224","18.15317","9/2/2026 2:36:51 PM","9/2/2026 2:36:51 PM",
"225","18.15385","9/2/2026 2:36:51 PM","9/2/2026 2:36:51 PM",
"226","18.15385","9/2/2026 2:36:51 PM","9/2/2026 2:36:51 PM",
"227","18.15225","9/2/2026 2:36:51 PM","9/2/2026 2:36:51 PM",
"228","18.15225","9/2/2026 2:36:51 PM","9/2/2026 2:36:51 PM",
"229","18.15295","9/2/2026 2:36:51 PM","9/2/2026 2:36:51 PM",
"230","18.15295","9/2/2026 2:36:51 PM","9/2/2026 2:36:51 PM",
"231","18.15152","9/2/2026 2:36:51 PM","9/2/2026 2:36:51 PM",
"232","18.15152","9/2/2026 2:36:51 PM","9/2/2026 2:36:51 PM",
"233","18.15141","9/2/2026 2:36:51 PM","9/2/2026 2:36:51 PM",
"234","18.15141","9/2/2026 2:36:51 PM","9/2/2026 2:36:51 PM",
"235","18.15083","9/2/2026 2:36:51 PM","9/2/2026 2:36:51 PM",
"236","18.15083","9/2/2026 2:36:51 PM","9/2/2026 2:36:51 PM",
"237","18.15022","9/2/2026 2:36:51 PM","9/2/2026 2:36:51 PM",
"238","18.15022","9/2/2026 2:36:51 PM","9/2/2026 2:36:51 PM",
"239","18.15007","9/2/2026 2:36:51 PM","9/2/2026 2:36:51 PM",
"240","18.15007","9/2/2026 2:36:51 PM","9/2/2026 2:36:51 PM",
"241","18.15","9/2/2026 2:36:51 PM","9/2/2026 2:36:51 PM",
"242","18.15","9/2/2026 2:36:51 PM","9/2/2026 2:36:51 PM",
"243","18.15029","9/2/2026 2:36:51 PM","9/2/2026 2:36:51 PM",
"244","18.15029","9/2/2026 2:36:51 PM","9/2/2026 2:36:51 PM",
"245","18.14987","9/2/2026 2:36:51 PM","9/2/2026 2:36:51 PM",
"246","18.14987","9/2/2026 2:36:51 PM","9/2/2026 2:36:51 PM",
"247","18.14907","9/2/2026 2:36:51 PM","9/2/2026 2:36:51 PM",
"248","18.14907","9/2/2026 2:36:51 PM","9/2/2026 2:36:51 PM",
"249","18.14797","9/2/2026 2:36:51 PM","9/2/2026 2:36:51 PM",
"250","18.14797","9/2/2026 2:36:51 PM","9/2/2026 2:36:51 PM",
"251","18.1482","9/2/2026 2:36:51 PM","9/2/2026 2:36:51 PM",
"252","18.1482","9/2/2026 2:36:51 PM","9/2/2026 2:36:51 PM",
"253","18.14816","9/2/2026 2:36:51 PM","9/2/2026 2:36:51 PM",
"254","18.14816","9/2/2026 2:36:51 PM","9/2/2026 2:36:51 PM",
"255","18.14856","9/2/2026 2:36:51 PM","9/2/2026 2:36:51 PM",
"256","18.14856","9/2/2026 2:36:51 PM","9/2/2026 2:36:51 PM",
"257","18.14786","9/2/2026 2:36:51 PM","9/2/2026 2:36:51 PM",
"258","18.14786","9/2/2026 2:36:51 PM","9/2/2026 2:36:51 PM",
"259","18.14933","9/2/2026 2:36:51 PM","9/2/2026 2:36:51 PM",
"260","18.14933","9/2/2026 2:36:51 PM","9/2/2026 2:36:51 PM",
"261","18.14771","9/2/2026 2:36:51 PM","9/2/2026 2:36:51 PM",
"262","18.14771","9/2/2026 2:36:51 PM","9/2/2026 2:36:51 PM",
"263","18.14777","9/2/2026 2:36:51 PM","9/2/2026 2:36:51 PM",
"264","18.14777","9/2/2026 2:36:51 PM","9/2/2026 2:36:51 PM",
"265","18.14777","9/2/2026 2:36:51 PM","9/2/2026 2:36:51 PM",
"266","18.14691","9/2/2026 2:36:51 PM","9/2/2026 2:36:51 PM",
"267","18.14691","9/2/2026 2:36:51 PM","9/2/2026 2:36:51 PM",
"268","18.14733","9/2/2026 2:36:51 PM","9/2/2026 2:36:51 PM",
"269","18.14733","9/2/2026 2:36:51 PM","9/2/2026 2:36:51 PM",
"270","18.14633","9/2/2026 2:36:51 PM","9/2/2026 2:36:51 PM",
"271","18.14633","9/2/2026 2:36:51 PM","9/2/2026 2:36:51 PM",
"272","18.14692","9/2/2026 2:36:51 PM","9/2/2026 2:36:51 PM",
"273","18.14692","9/2/2026 2:36:51 PM","9/2/2026 2:36:51 PM",
"274","18.1457","9/2/2026 2:36:51 PM","9/2/2026 2:36:51 PM",
"275","18.1457","9/2/2026 2:36:51 PM","9/2/2026 2:36:51 PM",
"276","18.14639","9/2/2026 2:36:51 PM","9/2/2026 2:36:51 PM",
"277","18.14639","9/2/2026 2:36:51 PM","9/2/2026 2:36:51 PM",
"278","18.14605","9/2/2026 2:36:51 PM","9/2/2026 2:36:51 PM",
"279","18.14605","9/2/2026 2:36:51 PM","9/2/2026 2:36:51 PM",
"280","18.14665","9/2/2026 2:36:51 PM","9/2/2026 2:36:51 PM",
"281","18.14665","9/2/2026 2:36:51 PM","9/2/2026 2:36:51 PM",
"282","18.14468","9/2/2026 2:36:51 PM","9/2/2026 2:36:51 PM",
"283","18.14468","9/2/2026 2:36:51 PM","9/2/2026 2:36:51 PM",
"284","18.14614","9/2/2026 2:36:51 PM","9/2/2026 2:36:51 PM",
"285","18.14614","9/2/2026 2:36:51 PM","9/2/2026 2:36:51 PM",
"286","18.14538","9/2/2026 2:36:51 PM","9/2/2026 2:36:51 PM",
"287","18.14538","9/2/2026 2:36:51 PM","9/2/2026 2:36:51 PM",
"288","18.14354","9/2/2026 2:36:51 PM","9/2/2026 2:36:51 PM",
"289","18.14354","9/2/2026 2:36:51 PM","9/2/2026 2:36:51 PM",
"290","18.1431","9/2/2026 2:36:51 PM","9/2/2026 2:36:51 PM",
"291","18.1431","9/2/2026 2:36:51 PM","9/2/2026 2:36:51 PM",
"292","18.14544","9/2/2026 2:36:51 PM","9/2/2026 2:36:51 PM",
"293","18.14544","9/2/2026 2:36:51 PM","9/2/2026 2:36:51 PM",
"294","18.14458","9/2/2026 2:36:52 PM","9/2/2026 2:36:52 PM",
"295","18.14458","9/2/2026 2:36:52 PM","9/2/2026 2:36:52 PM",
"296","18.14365","9/2/2026 2:36:52 PM","9/2/2026 2:36:52 PM",
"297","18.14365","9/2/2026 2:36:52 PM","9/2/2026 2:36:52 PM",
"298","18.1431","9/2/2026 2:36:52 PM","9/2/2026 2:36:52 PM",
"299","18.1431","9/2/2026 2:36:52 PM","9/2/2026 2:36:52 PM",
"300","18.14363","9/2/2026 2:36:52 PM","9/2/2026 2:36:52 PM",
"301","18.14363","9/2/2026 2:36:52 PM","9/2/2026 2:36:52 PM",
"302","18.14259","9/2/2026 2:36:52 PM","9/2/2026 2:36:52 PM",
"303","18.14259","9/2/2026 2:36:52 PM","9/2/2026 2:36:52 PM",
"304","18.144","9/2/2026 2:36:52 PM","9/2/2026 2:36:52 PM",
"305","18.144","9/2/2026 2:36:52 PM","9/2/2026 2:36:52 PM",
"306","18.14139","9/2/2026 2:36:52 PM","9/2/2026 2:36:52 PM",
"307","18.14139","9/2/2026 2:36:52 PM","9/2/2026 2:36:52 PM",
"308","18.14013","9/2/2026 2:36:52 PM","9/2/2026 2:36:52 PM",
"309","18.14013","9/2/2026 2:36:52 PM","9/2/2026 2:36:52 PM",
"310","18.13953","9/2/2026 2:36:52 PM","9/2/2026 2:36:52 PM",
"311","18.13953","9/2/2026 2:36:52 PM","9/2/2026 2:36:52 PM",
"312","18.14121","9/2/2026 2:36:52 PM","9/2/2026 2:36:52 PM",
"313","18.14121","9/2/2026 2:36:52 PM","9/2/2026 2:36:52 PM",
"314","18.14046","9/2/2026 2:36:52 PM","9/2/2026 2:36:52 PM",
"315","18.14046","9/2/2026 2:36:52 PM","9/2/2026 2:36:52 PM",
"316","18.13995","9/2/2026 2:36:52 PM","9/2/2026 2:36:52 PM",
"317","18.13995","9/2/2026 2:36:52 PM","9/2/2026 2:36:52 PM",
"318","18.13928","9/2/2026 2:36:52 PM","9/2/2026 2:36:52 PM",
"319","18.13928","9/2/2026 2:36:52 PM","9/2/2026 2:36:52 PM",
"320","18.13853","9/2/2026 2:36:52 PM","9/2/2026 2:36:52 PM",
"321","18.13853","9/2/2026 2:36:52 PM","9/2/2026 2:36:52 PM",
"322","18.13842","9/2/2026 2:36:52 PM","9/2/2026 2:36:52 PM",
"323","18.13842","9/2/2026 2:36:52 PM","9/2/2026 2:36:52 PM",
"324","18.13834","9/2/2026 2:36:52 PM","9/2/2026 2:36:52 PM",
"325","18.13834","9/2/2026 2:36:52 PM","9/2/2026 2:36:52 PM",
"326","18.13689","9/2/2026 2:36:52 PM","9/2/2026 2:36:52 PM",
"327","18.13689","9/2/2026 2:36:52 PM","9/2/2026 2:36:52 PM",
"328","18.13613","9/2/2026 2:36:52 PM","9/2/2026 2:36:52 PM",
"329","18.13613","9/2/2026 2:36:52 PM","9/2/2026 2:36:52 PM",
"330","18.13638","9/2/2026 2:36:52 PM","9/2/2026 2:36:52 PM",
"331","18.13638","9/2/2026 2:36:52 PM","9/2/2026 2:36:52 PM",
"332","18.1371","9/2/2026 2:36:52 PM","9/2/2026 2:36:52 PM",
"333","18.1371","9/2/2026 2:36:52 PM","9/2/2026 2:36:52 PM",
"334","18.13651","9/2/2026 2:36:52 PM","9/2/2026 2:36:52 PM",
"335","18.13651","9/2/2026 2:36:52 PM","9/2/2026 2:36:52 PM",
"336","18.13508","9/2/2026 2:36:52 PM","9/2/2026 2:36:52 PM",
"337","18.13508","9/2/2026 2:36:52 PM","9/2/2026 2:36:52 PM",
"338","18.13625","9/2/2026 2:36:52 PM","9/2/2026 2:36:52 PM",
"339","18.13625","9/2/2026 2:36:52 PM","9/2/2026 2:36:52 PM",
"340","18.13453","9/2/2026 2:36:52 PM","9/2/2026 2:36:52 PM",
"341","18.13453","9/2/2026 2:36:52 PM","9/2/2026 2:36:52 PM",
"342","18.13501","9/2/2026 2:36:52 PM","9/2/2026 2:36:52 PM",
"343","18.13501","9/2/2026 2:36:52 PM","9/2/2026 2:36:52 PM",
"344","18.13396","9/2/2026 2:36:52 PM","9/2/2026 2:36:52 PM",
"345","18.13396","9/2/2026 2:36:52 PM","9/2/2026 2:36:52 PM",
"346","18.13374","9/2/2026 2:36:52 PM","9/2/2026 2:36:52 PM",
"347","18.13374","9/2/2026 2:36:52 PM","9/2/2026 2:36:52 PM",
"348","18.13383","9/2/2026 2:36:52 PM","9/2/2026 2:36:52 PM",
"349","18.13383","9/2/2026 2:36:52 PM","9/2/2026 2:36:52 PM",
"350","18.1333","9/2/2026 2:36:52 PM","9/2/2026 2:36:52 PM",
"351","18.1333","9/2/2026 2:36:52 PM","9/2/2026 2:36:52 PM",
"352","18.13193","9/2/2026 2:36:52 PM","9/2/2026 2:36:52 PM",
"353","18.13193","9/2/2026 2:36:52 PM","9/2/2026 2:36:52 PM",
"354","18.13279","9/2/2026 2:36:52 PM","9/2/2026 2:36:52 PM",
"355","18.13279","9/2/2026 2:36:52 PM","9/2/2026 2:36:52 PM",
"356","18.13294","9/2/2026 2:36:52 PM","9/2/2026 2:36:52 PM",
"357","18.13294","9/2/2026 2:36:52 PM","9/2/2026 2:36:52 PM",
"358","18.13167","9/2/2026 2:36:52 PM","9/2/2026 2:36:52 PM",
"359","18.13167","9/2/2026 2:36:52 PM","9/2/2026 2:36:52 PM",
"360","18.13133","9/2/2026 2:36:52 PM","9/2/2026 2:36:52 PM",
"361","18.13133","9/2/2026 2:36:52 PM","9/2/2026 2:36:52 PM",
"362","18.13121","9/2/2026 2:36:52 PM","9/2/2026 2:36:52 PM",
"363","18.13121","9/2/2026 2:36:52 PM","9/2/2026 2:36:52 PM",
"364","18.12995","9/2/2026 2:36:52 PM","9/2/2026 2:36:52 PM",
"365","18.12995","9/2/2026 2:36:52 PM","9/2/2026 2:36:52 PM",
"366","18.12986","9/2/2026 2:36:52 PM","9/2/2026 2:36:52 PM",
"367","18.12986","9/2/2026 2:36:52 PM","9/2/2026 2:36:52 PM",
"368","18.12998","9/2/2026 2:36:52 PM","9/2/2026 2:36:52 PM",
"369","18.12998","9/2/2026 2:36:52 PM","9/2/2026 2:36:52 PM",
"370","18.12959","9/2/2026 2:36:52 PM","9/2/2026 2:36:52 PM",
"371","18.12959","9/2/2026 2:36:52 PM","9/2/2026 2:36:52 PM",
"372","18.12797","9/2/2026 2:36:52 PM","9/2/2026 2:36:52 PM",
"373","18.12797","9/2/2026 2:36:52 PM","9/2/2026 2:36:52 PM",
"374","18.12854","9/2/2026 2:36:52 PM","9/2/2026 2:36:52 PM",
"375","18.12854","9/2/2026 2:36:52 PM","9/2/2026 2:36:52 PM",
"376","18.12824","9/2/2026 2:36:52 PM","9/2/2026 2:36:52 PM",
"377","18.12824","9/2/2026 2:36:52 PM","9/2/2026 2:36:52 PM",
"378","18.12714","9/2/2026 2:36:52 PM","9/2/2026 2:36:52 PM",
"379","18.12714","9/2/2026 2:36:52 PM","9/2/2026 2:36:52 PM",
"380","18.12688","9/2/2026 2:36:52 PM","9/2/2026 2:36:52 PM",
"381","18.12688","9/2/2026 2:36:52 PM","9/2/2026 2:36:52 PM",
"382","18.12677","9/2/2026 2:36:52 PM","9/2/2026 2:36:52 PM",
"383","18.12677","9/2/2026 2:36:52 PM","9/2/2026 2:36:52 PM",
"384","18.12602","9/2/2026 2:36:52 PM","9/2/2026 2:36:52 PM",
"385","18.12602","9/2/2026 2:36:52 PM","9/2/2026 2:36:52 PM",
"386","18.12625","9/2/2026 2:36:52 PM","9/2/2026 2:36:52 PM",
"387","18.12625","9/2/2026 2:36:52 PM","9/2/2026 2:36:52 PM",
"388","18.12565","9/2/2026 2:36:52 PM","9/2/2026 2:36:52 PM",
"389","18.12565","9/2/2026 2:36:52 PM","9/2/2026 2:36:52 PM",
"390","18.12441","9/2/2026 2:36:52 PM","9/2/2026 2:36:52 PM",
"391","18.12441","9/2/2026 2:36:52 PM","9/2/2026 2:36:52 PM",
"392","18.12456","9/2/2026 2:36:52 PM","9/2/2026 2:36:52 PM",
"393","18.12456","9/2/2026 2:36:52 PM","9/2/2026 2:36:52 PM",
"394","18.12445","9/2/2026 2:36:53 PM","9/2/2026 2:36:53 PM",
"395","18.12445","9/2/2026 2:36:53 PM","9/2/2026 2:36:53 PM",
"396","18.12271","9/2/2026 2:36:53 PM","9/2/2026 2:36:53 PM",
"397","18.12271","9/2/2026 2:36:53 PM","9/2/2026 2:36:53 PM",
"398","18.12262","9/2/2026 2:36:53 PM","9/2/2026 2:36:53 PM",
"399","18.12262","9/2/2026 2:36:53 PM","9/2/2026 2:36:53 PM",
"400","18.12237","9/2/2026 2:36:53 PM","9/2/2026 2:36:53 PM",
"401","18.12237","9/2/2026 2:36:53 PM","9/2/2026 2:36:53 PM",
"402","18.1226","9/2/2026 2:36:53 PM","9/2/2026 2:36:53 PM",
"403","18.1226","9/2/2026 2:36:53 PM","9/2/2026 2:36:53 PM",
"404","18.12136","9/2/2026 2:36:53 PM","9/2/2026 2:36:53 PM",
"405","18.12136","9/2/2026 2:36:53 PM","9/2/2026 2:36:53 PM",
"406","18.12153","9/2/2026 2:36:53 PM","9/2/2026 2:36:53 PM",
"407","18.12153","9/2/2026 2:36:53 PM","9/2/2026 2:36:53 PM",
"408","18.11966","9/2/2026 2:36:53 PM","9/2/2026 2:36:53 PM",
"409","18.11966","9/2/2026 2:36:53 PM","9/2/2026 2:36:53 PM",
"410","18.11925","9/2/2026 2:36:53 PM","9/2/2026 2:36:53 PM",
"411","18.11925","9/2/2026 2:36:53 PM","9/2/2026 2:36:53 PM",
"412","18.12013","9/2/2026 2:36:53 PM","9/2/2026 2:36:53 PM",
"413","18.12013","9/2/2026 2:36:53 PM","9/2/2026 2:36:53 PM",
"414","18.11904","9/2/2026 2:36:53 PM","9/2/2026 2:36:53 PM",
"415","18.11904","9/2/2026 2:36:53 PM","9/2/2026 2:36:53 PM",
"416","18.11896","9/2/2026 2:36:53 PM","9/2/2026 2:36:53 PM",
"417","18.11896","9/2/2026 2:36:53 PM","9/2/2026 2:36:53 PM",
"418","18.11834","9/2/2026 2:36:53 PM","9/2/2026 2:36:53 PM",
"419","18.11834","9/2/2026 2:36:53 PM","9/2/2026 2:36:53 PM",
"420","18.11882","9/2/2026 2:36:53 PM","9/2/2026 2:36:53 PM",
"421","18.11882","9/2/2026 2:36:53 PM","9/2/2026 2:36:53 PM",
"422","18.1177","9/2/2026 2:36:53 PM","9/2/2026 2:36:53 PM",
"423","18.1177","9/2/2026 2:36:53 PM","9/2/2026 2:36:53 PM",
"424","18.11719","9/2/2026 2:36:53 PM","9/2/2026 2:36:53 PM",
"425","18.11719","9/2/2026 2:36:53 PM","9/2/2026 2:36:53 PM",
"426","18.11634","9/2/2026 2:36:53 PM","9/2/2026 2:36:53 PM",
"427","18.11634","9/2/2026 2:36:53 PM","9/2/2026 2:36:53 PM",
"428","18.11628","9/2/2026 2:36:53 PM","9/2/2026 2:36:53 PM",
"429","18.11628","9/2/2026 2:36:53 PM","9/2/2026 2:36:53 PM",
"430","18.11567","9/2/2026 2:36:53 PM","9/2/2026 2:36:53 PM",
"431","18.11567","9/2/2026 2:36:53 PM","9/2/2026 2:36:53 PM",
"432","18.11592","9/2/2026 2:36:53 PM","9/2/2026 2:36:53 PM",
"433","18.11592","9/2/2026 2:36:53 PM","9/2/2026 2:36:53 PM",
"434","18.11541","9/2/2026 2:36:53 PM","9/2/2026 2:36:53 PM",
"435","18.11541","9/2/2026 2:36:53 PM","9/2/2026 2:36:53 PM",
"436","18.11522","9/2/2026 2:36:53 PM","9/2/2026 2:36:53 PM",
"437","18.11522","9/2/2026 2:36:53 PM","9/2/2026 2:36:53 PM",
"438","18.11535","9/2/2026 2:36:53 PM","9/2/2026 2:36:53 PM",
"439","18.11535","9/2/2026 2:36:53 PM","9/2/2026 2:36:53 PM",
"440","18.11496","9/2/2026 2:36:53 PM","9/2/2026 2:36:53 PM",
"441","18.11496","9/2/2026 2:36:53 PM","9/2/2026 2:36:53 PM",
"442","18.11459","9/2/2026 2:36:53 PM","9/2/2026 2:36:53 PM",
"443","18.11459","9/2/2026 2:36:53 PM","9/2/2026 2:36:53 PM",
"444","18.11337","9/2/2026 2:36:53 PM","9/2/2026 2:36:53 PM",
"445","18.11337","9/2/2026 2:36:53 PM","9/2/2026 2:36:53 PM",
"446","18.11348","9/2/2026 2:36:53 PM","9/2/2026 2:36:53 PM",
"447","18.11348","9/2/2026 2:36:53 PM","9/2/2026 2:36:53 PM",
"448","18.1127","9/2/2026 2:36:53 PM","9/2/2026 2:36:53 PM",
"449","18.1127","9/2/2026 2:36:53 PM","9/2/2026 2:36:53 PM",
"450","18.1128","9/2/2026 2:36:53 PM","9/2/2026 2:36:53 PM",
"451","18.1128","9/2/2026 2:36:53 PM","9/2/2026 2:36:53 PM",
"452","18.11156","9/2/2026 2:36:53 PM","9/2/2026 2:36:53 PM",
"453","18.11156","9/2/2026 2:36:53 PM","9/2/2026 2:36:53 PM",
"454","18.11153","9/2/2026 2:36:53 PM","9/2/2026 2:36:53 PM",
"455","18.11153","9/2/2026 2:36:53 PM","9/2/2026 2:36:53 PM",
"456","18.11222","9/2/2026 2:36:53 PM","9/2/2026 2:36:53 PM",
"457","18.11222","9/2/2026 2:36:53 PM","9/2/2026 2:36:53 PM",
"458","18.11102","9/2/2026 2:36:53 PM","9/2/2026 2:36:53 PM",
"459","18.11102","9/2/2026 2:36:53 PM","9/2/2026 2:36:53 PM",
"460","18.11096","9/2/2026 2:36:53 PM","9/2/2026 2:36:53 PM",
"461","18.11096","9/2/2026 2:36:53 PM","9/2/2026 2:36:53 PM",
"462","18.11036","9/2/2026 2:36:53 PM","9/2/2026 2:36:53 PM",
"463","18.11036","9/2/2026 2:36:53 PM","9/2/2026 2:36:53 PM",
"464","18.11024","9/2/2026 2:36:53 PM","9/2/2026 2:36:53 PM",
"465","18.11024","9/2/2026 2:36:53 PM","9/2/2026 2:36:53 PM",
"466","18.11024","9/2/2026 2:36:53 PM","9/2/2026 2:36:53 PM",
"467","18.10959","9/2/2026 2:36:53 PM","9/2/2026 2:36:53 PM",
"468","18.10959","9/2/2026 2:36:53 PM","9/2/2026 2:36:53 PM",
"469","18.10949","9/2/2026 2:36:53 PM","9/2/2026 2:36:53 PM",
"470","18.10949","9/2/2026 2:36:53 PM","9/2/2026 2:36:53 PM",
"471","18.10965","9/2/2026 2:36:53 PM","9/2/2026 2:36:53 PM",
"472","18.10965","9/2/2026 2:36:53 PM","9/2/2026 2:36:53 PM",
"473","18.10913","9/2/2026 2:36:53 PM","9/2/2026 2:36:53 PM",
"474","18.10913","9/2/2026 2:36:53 PM","9/2/2026 2:36:53 PM",
"475","18.10879","9/2/2026 2:36:53 PM","9/2/2026 2:36:53 PM",
"476","18.10879","9/2/2026 2:36:53 PM","9/2/2026 2:36:53 PM",
"477","18.10883","9/2/2026 2:36:53 PM","9/2/2026 2:36:53 PM",
"478","18.10883","9/2/2026 2:36:53 PM","9/2/2026 2:36:53 PM",
"479","18.10899","9/2/2026 2:36:53 PM","9/2/2026 2:36:53 PM",
"480","18.10899","9/2/2026 2:36:53 PM","9/2/2026 2:36:53 PM",
"481","18.10844","9/2/2026 2:36:53 PM","9/2/2026 2:36:53 PM",
"482","18.10844","9/2/2026 2:36:53 PM","9/2/2026 2:36:53 PM",
"483","18.10744","9/2/2026 2:36:53 PM","9/2/2026 2:36:53 PM",
"484","18.10744","9/2/2026 2:36:53 PM","9/2/2026 2:36:53 PM",
"485","18.10771","9/2/2026 2:36:53 PM","9/2/2026 2:36:53 PM",
"486","18.10771","9/2/2026 2:36:53 PM","9/2/2026 2:36:53 PM",
"487","18.10665","9/2/2026 2:36:53 PM","9/2/2026 2:36:53 PM",
"488","18.10665","9/2/2026 2:36:53 PM","9/2/2026 2:36:53 PM",
"489","18.10661","9/2/2026 2:36:53 PM","9/2/2026 2:36:53 PM",
"490","18.10661","9/2/2026 2:36:53 PM","9/2/2026 2:36:53 PM",
"491","18.10592","9/2/2026 2:36:53 PM","9/2/2026 2:36:53 PM",
"492","18.10592","9/2/2026 2:36:53 PM","9/2/2026 2:36:53 PM",
"493","18.10568","9/2/2026 2:36:53 PM","9/2/2026 2:36:53 PM",
"494","18.10568","9/2/2026 2:36:54 PM","9/2/2026 2:36:54 PM",
"495","18.10574","9/2/2026 2:36:54 PM","9/2/2026 2:36:54 PM",
"496","18.10574","9/2/2026 2:36:54 PM","9/2/2026 2:36:54 PM",
"497","18.10608","9/2/2026 2:36:54 PM","9/2/2026 2:36:54 PM",
"498","18.10608","9/2/2026 2:36:54 PM","9/2/2026 2:36:54 PM",
"499","18.1057","9/2/2026 2:36:54 PM","9/2/2026 2:36:54 PM",
"500","18.1057","9/2/2026 2:36:54 PM","9/2/2026 2:36:54 PM",
"501","18.10538","9/2/2026 2:36:54 PM","9/2/2026 2:36:54 PM",
"502","18.10538","9/2/2026 2:36:54 PM","9/2/2026 2:36:54 PM",
"503","18.1051","9/2/2026 2:36:54 PM","9/2/2026 2:36:54 PM",
"504","18.1051","9/2/2026 2:36:54 PM","9/2/2026 2:36:54 PM",
"505","18.10517","9/2/2026 2:36:54 PM","9/2/2026 2:36:54 PM",
"506","18.10517","9/2/2026 2:36:54 PM","9/2/2026 2:36:54 PM",
"507","18.10381","9/2/2026 2:36:54 PM","9/2/2026 2:36:54 PM",
"508","18.10381","9/2/2026 2:36:54 PM","9/2/2026 2:36:54 PM",
"509","18.10467","9/2/2026 2:36:54 PM","9/2/2026 2:36:54 PM",
"510","18.10467","9/2/2026 2:36:54 PM","9/2/2026 2:36:54 PM",
"511","18.10347","9/2/2026 2:36:54 PM","9/2/2026 2:36:54 PM",
"512","18.10347","9/2/2026 2:36:54 PM","9/2/2026 2:36:54 PM",
"513","18.10347","9/2/2026 2:36:54 PM","9/2/2026 2:36:54 PM",
"514","18.10347","9/2/2026 2:36:54 PM","9/2/2026 2:36:54 PM",
"515","18.1023","9/2/2026 2:36:54 PM","9/2/2026 2:36:54 PM",
"516","18.1023","9/2/2026 2:36:54 PM","9/2/2026 2:36:54 PM",
"517","18.10317","9/2/2026 2:36:54 PM","9/2/2026 2:36:54 PM",
"518","18.10317","9/2/2026 2:36:54 PM","9/2/2026 2:36:54 PM",
"519","18.10187","9/2/2026 2:36:54 PM","9/2/2026 2:36:54 PM",
"520","18.10187","9/2/2026 2:36:54 PM","9/2/2026 2:36:54 PM",
"521","18.10216","9/2/2026 2:36:54 PM","9/2/2026 2:36:54 PM",
"522","18.10216","9/2/2026 2:36:54 PM","9/2/2026 2:36:54 PM",
"523","18.10237","9/2/2026 2:36:54 PM","9/2/2026 2:36:54 PM",
"524","18.10237","9/2/2026 2:36:54 PM","9/2/2026 2:36:54 PM",
"525","18.10176","9/2/2026 2:36:54 PM","9/2/2026 2:36:54 PM",
"526","18.10176","9/2/2026 2:36:54 PM","9/2/2026 2:36:54 PM",
"527","18.1016","9/2/2026 2:36:54 PM","9/2/2026 2:36:54 PM",
"528","18.1016","9/2/2026 2:36:54 PM","9/2/2026 2:36:54 PM",
"529","18.10135","9/2/2026 2:36:54 PM","9/2/2026 2:36:54 PM",
"530","18.10135","9/2/2026 2:36:54 PM","9/2/2026 2:36:54 PM",
"531","18.10083","9/2/2026 2:36:54 PM","9/2/2026 2:36:54 PM",
"532","18.10083","9/2/2026 2:36:54 PM","9/2/2026 2:36:54 PM",
"533","18.10057","9/2/2026 2:36:54 PM","9/2/2026 2:36:54 PM",
"534","18.10057","9/2/2026 2:36:54 PM","9/2/2026 2:36:54 PM",
"535","18.09985","9/2/2026 2:36:54 PM","9/2/2026 2:36:54 PM",
"536","18.09985","9/2/2026 2:36:54 PM","9/2/2026 2:36:54 PM",
"537","18.09995","9/2/2026 2:36:54 PM","9/2/2026 2:36:54 PM",
"538","18.09995","9/2/2026 2:36:54 PM","9/2/2026 2:36:54 PM",
"539","18.09838","9/2/2026 2:36:54 PM","9/2/2026 2:36:54 PM",
"540","18.09838","9/2/2026 2:36:54 PM","9/2/2026 2:36:54 PM",
"541","18.099","9/2/2026 2:36:54 PM","9/2/2026 2:36:54 PM",
"542","18.099","9/2/2026 2:36:54 PM","9/2/2026 2:36:54 PM",
"543","18.09821","9/2/2026 2:36:54 PM","9/2/2026 2:36:54 PM",
"544","18.09821","9/2/2026 2:36:54 PM","9/2/2026 2:36:54 PM",
"545","18.09816","9/2/2026 2:36:54 PM","9/2/2026 2:36:54 PM",
"546","18.09816","9/2/2026 2:36:54 PM","9/2/2026 2:36:54 PM",
"547","18.09756","9/2/2026 2:36:54 PM","9/2/2026 2:36:54 PM",
"548","18.09756","9/2/2026 2:36:54 PM","9/2/2026 2:36:54 PM",
"549","18.09768","9/2/2026 2:36:54 PM","9/2/2026 2:36:54 PM",
"550","18.09768","9/2/2026 2:36:54 PM","9/2/2026 2:36:54 PM",
"551","18.09722","9/2/2026 2:36:54 PM","9/2/2026 2:36:54 PM",
"552","18.09722","9/2/2026 2:36:54 PM","9/2/2026 2:36:54 PM",
"553","18.09601","9/2/2026 2:36:54 PM","9/2/2026 2:36:54 PM",
"554","18.09601","9/2/2026 2:36:54 PM","9/2/2026 2:36:54 PM",
"555","18.09709","9/2/2026 2:36:54 PM","9/2/2026 2:36:54 PM",
"556","18.09709","9/2/2026 2:36:54 PM","9/2/2026 2:36:54 PM",
"557","18.09593","9/2/2026 2:36:54 PM","9/2/2026 2:36:54 PM",
"558","18.09593","9/2/2026 2:36:54 PM","9/2/2026 2:36:54 PM",
"559","18.09624","9/2/2026 2:36:54 PM","9/2/2026 2:36:54 PM",
"560","18.09624","9/2/2026 2:36:54 PM","9/2/2026 2:36:54 PM",
"561","18.09523","9/2/2026 2:36:54 PM","9/2/2026 2:36:54 PM",
"562","18.09523","9/2/2026 2:36:54 PM","9/2/2026 2:36:54 PM",
"563","18.09586","9/2/2026 2:36:54 PM","9/2/2026 2:36:54 PM",
"564","18.09586","9/2/2026 2:36:54 PM","9/2/2026 2:36:54 PM",
"565","18.09377","9/2/2026 2:36:54 PM","9/2/2026 2:36:54 PM",
"566","18.09377","9/2/2026 2:36:54 PM","9/2/2026 2:36:54 PM",
"567","18.09485","9/2/2026 2:36:54 PM","9/2/2026 2:36:54 PM",
"568","18.09485","9/2/2026 2:36:54 PM","9/2/2026 2:36:54 PM",
"569","18.09342","9/2/2026 2:36:54 PM","9/2/2026 2:36:54 PM",
"570","18.09342","9/2/2026 2:36:54 PM","9/2/2026 2:36:54 PM",
"571","18.09406","9/2/2026 2:36:54 PM","9/2/2026 2:36:54 PM",
"572","18.09406","9/2/2026 2:36:54 PM","9/2/2026 2:36:54 PM",
"573","18.09319","9/2/2026 2:36:54 PM","9/2/2026 2:36:54 PM",
"574","18.09319","9/2/2026 2:36:54 PM","9/2/2026 2:36:54 PM",
"575","18.09494","9/2/2026 2:36:54 PM","9/2/2026 2:36:54 PM",
"576","18.09494","9/2/2026 2:36:54 PM","9/2/2026 2:36:54 PM",
"577","18.09219","9/2/2026 2:36:54 PM","9/2/2026 2:36:54 PM",
"578","18.09219","9/2/2026 2:36:54 PM","9/2/2026 2:36:54 PM",
"579","18.09307","9/2/2026 2:36:54 PM","9/2/2026 2:36:54 PM",
"580","18.09307","9/2/2026 2:36:54 PM","9/2/2026 2:36:54 PM",
"581","18.09263","9/2/2026 2:36:54 PM","9/2/2026 2:36:54 PM",
"582","18.09263","9/2/2026 2:36:54 PM","9/2/2026 2:36:54 PM",
"583","18.09227","9/2/2026 2:36:54 PM","9/2/2026 2:36:54 PM",
"584","18.09227","9/2/2026 2:36:54 PM","9/2/2026 2:36:54 PM",
"585","18.09095","9/2/2026 2:36:54 PM","9/2/2026 2:36:54 PM",
"586","18.09095","9/2/2026 2:36:54 PM","9/2/2026 2:36:54 PM",
"587","18.09176","9/2/2026 2:36:54 PM","9/2/2026 2:36:54 PM",
"588","18.09176","9/2/2026 2:36:54 PM","9/2/2026 2:36:54 PM",
"589","18.09142","9/2/2026 2:36:54 PM","9/2/2026 2:36:54 PM",
"590","18.09142","9/2/2026 2:36:54 PM","9/2/2026 2:36:54 PM",
"591","18.08985","9/2/2026 2:36:54 PM","9/2/2026 2:36:54 PM",
"592","18.08985","9/2/2026 2:36:54 PM","9/2/2026 2:36:54 PM",
"593","18.09037","9/2/2026 2:36:55 PM","9/2/2026 2:36:55 PM",
"594","18.09037","9/2/2026 2:36:55 PM","9/2/2026 2:36:55 PM",
"595","18.08943","9/2/2026 2:36:55 PM","9/2/2026 2:36:55 PM",
"596","18.08943","9/2/2026 2:36:55 PM","9/2/2026 2:36:55 PM",
"597","18.08913","9/2/2026 2:36:55 PM","9/2/2026 2:36:55 PM",
"598","18.08913","9/2/2026 2:36:55 PM","9/2/2026 2:36:55 PM",
"599","18.08797","9/2/2026 2:36:55 PM","9/2/2026 2:36:55 PM",
"600","18.08797","9/2/2026 2:36:55 PM","9/2/2026 2:36:55 PM",
"601","18.08973","9/2/2026 2:36:55 PM","9/2/2026 2:36:55 PM",
"602","18.08973","9/2/2026 2:36:55 PM","9/2/2026 2:36:55 PM",
"603","18.08867","9/2/2026 2:36:55 PM","9/2/2026 2:36:55 PM",
"604","18.08867","9/2/2026 2:36:55 PM","9/2/2026 2:36:55 PM",
"605","18.08827","9/2/2026 2:36:55 PM","9/2/2026 2:36:55 PM",
"606","18.08827","9/2/2026 2:36:55 PM","9/2/2026 2:36:55 PM",
"607","18.08754","9/2/2026 2:36:55 PM","9/2/2026 2:36:55 PM",
"608","18.08754","9/2/2026 2:36:55 PM","9/2/2026 2:36:55 PM",
"609","18.08771","9/2/2026 2:36:55 PM","9/2/2026 2:36:55 PM",
"610","18.08771","9/2/2026 2:36:55 PM","9/2/2026 2:36:55 PM",
"611","18.08634","9/2/2026 2:36:55 PM","9/2/2026 2:36:55 PM",
"612","18.08634","9/2/2026 2:36:55 PM","9/2/2026 2:36:55 PM",
"613","18.08732","9/2/2026 2:36:55 PM","9/2/2026 2:36:55 PM",
"614","18.08732","9/2/2026 2:36:55 PM","9/2/2026 2:36:55 PM",
"615","18.08531","9/2/2026 2:36:55 PM","9/2/2026 2:36:55 PM",
"616","18.08531","9/2/2026 2:36:55 PM","9/2/2026 2:36:55 PM",
"617","18.08696","9/2/2026 2:36:55 PM","9/2/2026 2:36:55 PM",
"618","18.08696","9/2/2026 2:36:55 PM","9/2/2026 2:36:55 PM",
"619","18.08606","9/2/2026 2:36:55 PM","9/2/2026 2:36:55 PM",
"620","18.08606","9/2/2026 2:36:55 PM","9/2/2026 2:36:55 PM",
"621","18.0858","9/2/2026 2:36:55 PM","9/2/2026 2:36:55 PM",
"622","18.0858","9/2/2026 2:36:55 PM","9/2/2026 2:36:55 PM",
"623","18.08478","9/2/2026 2:36:55 PM","9/2/2026 2:36:55 PM",
"624","18.08478","9/2/2026 2:36:55 PM","9/2/2026 2:36:55 PM",
"625","18.08564","9/2/2026 2:36:55 PM","9/2/2026 2:36:55 PM",
"626","18.08564","9/2/2026 2:36:55 PM","9/2/2026 2:36:55 PM",
"627","18.08467","9/2/2026 2:36:55 PM","9/2/2026 2:36:55 PM",
"628","18.08467","9/2/2026 2:36:55 PM","9/2/2026 2:36:55 PM",
"629","18.08484","9/2/2026 2:36:55 PM","9/2/2026 2:36:55 PM",
"630","18.08484","9/2/2026 2:36:55 PM","9/2/2026 2:36:55 PM",
"631","18.08412","9/2/2026 2:36:55 PM","9/2/2026 2:36:55 PM",
"632","18.08412","9/2/2026 2:36:55 PM","9/2/2026 2:36:55 PM",
"633","18.08442","9/2/2026 2:36:55 PM","9/2/2026 2:36:55 PM",
"634","18.08442","9/2/2026 2:36:55 PM","9/2/2026 2:36:55 PM",
"635","18.08389","9/2/2026 2:36:55 PM","9/2/2026 2:36:55 PM",
"636","18.08389","9/2/2026 2:36:55 PM","9/2/2026 2:36:55 PM",
"637","18.08365","9/2/2026 2:36:55 PM","9/2/2026 2:36:55 PM",
"638","18.08365","9/2/2026 2:36:55 PM","9/2/2026 2:36:55 PM",
"639","18.08246","9/2/2026 2:36:55 PM","9/2/2026 2:36:55 PM",
"640","18.08246","9/2/2026 2:36:55 PM","9/2/2026 2:36:55 PM",
"641","18.08159","9/2/2026 2:36:55 PM","9/2/2026 2:36:55 PM",
"642","18.08159","9/2/2026 2:36:55 PM","9/2/2026 2:36:55 PM",
"643","18.08139","9/2/2026 2:36:55 PM","9/2/2026 2:36:55 PM",
"644","18.08139","9/2/2026 2:36:55 PM","9/2/2026 2:36:55 PM",
"645","18.08279","9/2/2026 2:36:55 PM","9/2/2026 2:36:55 PM",
"646","18.08279","9/2/2026 2:36:55 PM","9/2/2026 2:36:55 PM",
"647","18.0821","9/2/2026 2:36:55 PM","9/2/2026 2:36:55 PM",
"648","18.0821","9/2/2026 2:36:55 PM","9/2/2026 2:36:55 PM",
"649","18.08225","9/2/2026 2:36:55 PM","9/2/2026 2:36:55 PM",
"650","18.08225","9/2/2026 2:36:55 PM","9/2/2026 2:36:55 PM",
"651","18.08188","9/2/2026 2:36:55 PM","9/2/2026 2:36:55 PM",
"652","18.08188","9/2/2026 2:36:55 PM","9/2/2026 2:36:55 PM",
"653","18.0805","9/2/2026 2:36:55 PM","9/2/2026 2:36:55 PM",
"654","18.0805","9/2/2026 2:36:55 PM","9/2/2026 2:36:55 PM",
"655","18.08046","9/2/2026 2:36:55 PM","9/2/2026 2:36:55 PM",
"656","18.08046","9/2/2026 2:36:55 PM","9/2/2026 2:36:55 PM",
"657","18.08149","9/2/2026 2:36:55 PM","9/2/2026 2:36:55 PM",
"658","18.08149","9/2/2026 2:36:55 PM","9/2/2026 2:36:55 PM",
"659","18.08047","9/2/2026 2:36:55 PM","9/2/2026 2:36:55 PM",
"660","18.08047","9/2/2026 2:36:55 PM","9/2/2026 2:36:55 PM",
"661","18.08103","9/2/2026 2:36:55 PM","9/2/2026 2:36:55 PM",
"662","18.08103","9/2/2026 2:36:55 PM","9/2/2026 2:36:55 PM",
"663","18.07992","9/2/2026 2:36:55 PM","9/2/2026 2:36:55 PM",
"664","18.07992","9/2/2026 2:36:55 PM","9/2/2026 2:36:55 PM",
"665","18.08009","9/2/2026 2:36:55 PM","9/2/2026 2:36:55 PM",
"666","18.08009","9/2/2026 2:36:55 PM","9/2/2026 2:36:55 PM",
"667","18.08009","9/2/2026 2:36:55 PM","9/2/2026 2:36:55 PM",
"668","18.08001","9/2/2026 2:36:55 PM","9/2/2026 2:36:55 PM",
"669","18.08001","9/2/2026 2:36:55 PM","9/2/2026 2:36:55 PM",
"670","18.07995","9/2/2026 2:36:55 PM","9/2/2026 2:36:55 PM",
"671","18.07995","9/2/2026 2:36:55 PM","9/2/2026 2:36:55 PM",
"672","18.07906","9/2/2026 2:36:55 PM","9/2/2026 2:36:55 PM",
"673","18.07906","9/2/2026 2:36:55 PM","9/2/2026 2:36:55 PM",
"674","18.0791","9/2/2026 2:36:55 PM","9/2/2026 2:36:55 PM",
"675","18.0791","9/2/2026 2:36:55 PM","9/2/2026 2:36:55 PM",
"676","18.07944","9/2/2026 2:36:55 PM","9/2/2026 2:36:55 PM",
"677","18.07944","9/2/2026 2:36:55 PM","9/2/2026 2:36:55 PM",
"678","18.07922","9/2/2026 2:36:55 PM","9/2/2026 2:36:55 PM",
"679","18.07922","9/2/2026 2:36:55 PM","9/2/2026 2:36:55 PM",
"680","18.08002","9/2/2026 2:36:55 PM","9/2/2026 2:36:55 PM",
"681","18.08002","9/2/2026 2:36:55 PM","9/2/2026 2:36:55 PM",
"682","18.07936","9/2/2026 2:36:55 PM","9/2/2026 2:36:55 PM",
"683","18.07936","9/2/2026 2:36:55 PM","9/2/2026 2:36:55 PM",
"684","18.07918","9/2/2026 2:36:55 PM","9/2/2026 2:36:55 PM",
"685","18.07918","9/2/2026 2:36:55 PM","9/2/2026 2:36:55 PM",
"686","18.07884","9/2/2026 2:36:55 PM","9/2/2026 2:36:55 PM",
"687","18.07884","9/2/2026 2:36:55 PM","9/2/2026 2:36:55 PM",
"688","18.07798","9/2/2026 2:36:55 PM","9/2/2026 2:36:55 PM",
"689","18.07798","9/2/2026 2:36:55 PM","9/2/2026 2:36:55 PM",
"690","18.07766","9/2/2026 2:36:55 PM","9/2/2026 2:36:55 PM",
"691","18.07766","9/2/2026 2:36:55 PM","9/2/2026 2:36:55 PM",
"692","18.07661","9/2/2026 2:36:55 PM","9/2/2026 2:36:55 PM",
"693","18.07661","9/2/2026 2:36:55 PM","9/2/2026 2:36:55 PM",
"694","18.07739","9/2/2026 2:36:56 PM","9/2/2026 2:36:56 PM",
"695","18.07739","9/2/2026 2:36:56 PM","9/2/2026 2:36:56 PM",
"696","18.07623","9/2/2026 2:36:56 PM","9/2/2026 2:36:56 PM",
"697","18.07623","9/2/2026 2:36:56 PM","9/2/2026 2:36:56 PM",
"698","18.07737","9/2/2026 2:36:56 PM","9/2/2026 2:36:56 PM",
"699","18.07737","9/2/2026 2:36:56 PM","9/2/2026 2:36:56 PM",
"700","18.07634","9/2/2026 2:36:56 PM","9/2/2026 2:36:56 PM",
"701","18.07634","9/2/2026 2:36:56 PM","9/2/2026 2:36:56 PM",
"702","18.07726","9/2/2026 2:36:56 PM","9/2/2026 2:36:56 PM",
"703","18.07726","9/2/2026 2:36:56 PM","9/2/2026 2:36:56 PM",
"704","18.07557","9/2/2026 2:36:56 PM","9/2/2026 2:36:56 PM",
"705","18.07557","9/2/2026 2:36:56 PM","9/2/2026 2:36:56 PM",
"706","18.07605","9/2/2026 2:36:56 PM","9/2/2026 2:36:56 PM",
"707","18.07605","9/2/2026 2:36:56 PM","9/2/2026 2:36:56 PM",
"708","18.07474","9/2/2026 2:36:56 PM","9/2/2026 2:36:56 PM",
"709","18.07474","9/2/2026 2:36:56 PM","9/2/2026 2:36:56 PM",
"710","18.0757","9/2/2026 2:36:56 PM","9/2/2026 2:36:56 PM",
"711","18.0757","9/2/2026 2:36:56 PM","9/2/2026 2:36:56 PM",
"712","18.07388","9/2/2026 2:36:56 PM","9/2/2026 2:36:56 PM",
"713","18.07388","9/2/2026 2:36:56 PM","9/2/2026 2:36:56 PM",
"714","18.07455","9/2/2026 2:36:56 PM","9/2/2026 2:36:56 PM",
"715","18.07455","9/2/2026 2:36:56 PM","9/2/2026 2:36:56 PM",
"716","18.07372","9/2/2026 2:36:56 PM","9/2/2026 2:36:56 PM",
"717","18.07372","9/2/2026 2:36:56 PM","9/2/2026 2:36:56 PM",
"718","18.07452","9/2/2026 2:36:56 PM","9/2/2026 2:36:56 PM",
"719","18.07452","9/2/2026 2:36:56 PM","9/2/2026 2:36:56 PM",
"720","18.07323","9/2/2026 2:36:56 PM","9/2/2026 2:36:56 PM",
"721","18.07323","9/2/2026 2:36:56 PM","9/2/2026 2:36:56 PM",
"722","18.07435","9/2/2026 2:36:56 PM","9/2/2026 2:36:56 PM",
"723","18.07435","9/2/2026 2:36:56 PM","9/2/2026 2:36:56 PM",
"724","18.07292","9/2/2026 2:36:56 PM","9/2/2026 2:36:56 PM",
"725","18.07292","9/2/2026 2:36:56 PM","9/2/2026 2:36:56 PM",
"726","18.07264","9/2/2026 2:36:56 PM","9/2/2026 2:36:56 PM",
"727","18.07264","9/2/2026 2:36:56 PM","9/2/2026 2:36:56 PM",
"728","18.07167","9/2/2026 2:36:56 PM","9/2/2026 2:36:56 PM",
"729","18.07167","9/2/2026 2:36:56 PM","9/2/2026 2:36:56 PM",
"730","18.07168","9/2/2026 2:36:56 PM","9/2/2026 2:36:56 PM",
"731","18.07168","9/2/2026 2:36:56 PM","9/2/2026 2:36:56 PM",
"732","18.07144","9/2/2026 2:36:56 PM","9/2/2026 2:36:56 PM",
"733","18.07144","9/2/2026 2:36:56 PM","9/2/2026 2:36:56 PM",
"734","18.07088","9/2/2026 2:36:56 PM","9/2/2026 2:36:56 PM",
"735","18.07088","9/2/2026 2:36:56 PM","9/2/2026 2:36:56 PM",
"736","18.0708","9/2/2026 2:36:56 PM","9/2/2026 2:36:56 PM",
"737","18.0708","9/2/2026 2:36:56 PM","9/2/2026 2:36:56 PM",
"738","18.07077","9/2/2026 2:36:56 PM","9/2/2026 2:36:56 PM",
"739","18.07077","9/2/2026 2:36:56 PM","9/2/2026 2:36:56 PM",
"740","18.07084","9/2/2026 2:36:56 PM","9/2/2026 2:36:56 PM",
"741","18.07084","9/2/2026 2:36:56 PM","9/2/2026 2:36:56 PM",
"742","18.07042","9/2/2026 2:36:56 PM","9/2/2026 2:36:56 PM",
"743","18.07042","9/2/2026 2:36:56 PM","9/2/2026 2:36:56 PM",
"744","18.06936","9/2/2026 2:36:56 PM","9/2/2026 2:36:56 PM",
"745","18.06936","9/2/2026 2:36:56 PM","9/2/2026 2:36:56 PM",
"746","18.06988","9/2/2026 2:36:56 PM","9/2/2026 2:36:56 PM",
"747","18.06988","9/2/2026 2:36:56 PM","9/2/2026 2:36:56 PM",
"748","18.06958","9/2/2026 2:36:56 PM","9/2/2026 2:36:56 PM",
"749","18.06958","9/2/2026 2:36:56 PM","9/2/2026 2:36:56 PM",
"750","18.06909","9/2/2026 2:36:56 PM","9/2/2026 2:36:56 PM",
"751","18.06909","9/2/2026 2:36:56 PM","9/2/2026 2:36:56 PM",
"752","18.06839","9/2/2026 2:36:56 PM","9/2/2026 2:36:56 PM",
"753","18.06839","9/2/2026 2:36:56 PM","9/2/2026 2:36:56 PM",
"754","18.06762","9/2/2026 2:36:56 PM","9/2/2026 2:36:56 PM",
"755","18.06762","9/2/2026 2:36:56 PM","9/2/2026 2:36:56 PM",
"756","18.06709","9/2/2026 2:36:56 PM","9/2/2026 2:36:56 PM",
"757","18.06709","9/2/2026 2:36:56 PM","9/2/2026 2:36:56 PM",
"758","18.0679","9/2/2026 2:36:56 PM","9/2/2026 2:36:56 PM",
"759","18.0679","9/2/2026 2:36:56 PM","9/2/2026 2:36:56 PM",
"760","18.06779","9/2/2026 2:36:56 PM","9/2/2026 2:36:56 PM",
"761","18.06779","9/2/2026 2:36:56 PM","9/2/2026 2:36:56 PM",
"762","18.06794","9/2/2026 2:36:56 PM","9/2/2026 2:36:56 PM",
"763","18.06794","9/2/2026 2:36:56 PM","9/2/2026 2:36:56 PM",
"764","18.06747","9/2/2026 2:36:56 PM","9/2/2026 2:36:56 PM",
"765","18.06747","9/2/2026 2:36:56 PM","9/2/2026 2:36:56 PM",
"766","18.06742","9/2/2026 2:36:56 PM","9/2/2026 2:36:56 PM",
"767","18.06742","9/2/2026 2:36:56 PM","9/2/2026 2:36:56 PM",
"768","18.06718","9/2/2026 2:36:56 PM","9/2/2026 2:36:56 PM",
"769","18.06718","9/2/2026 2:36:56 PM","9/2/2026 2:36:56 PM",
"770","18.06701","9/2/2026 2:36:56 PM","9/2/2026 2:36:56 PM",
"771","18.06701","9/2/2026 2:36:56 PM","9/2/2026 2:36:56 PM",
"772","18.06647","9/2/2026 2:36:56 PM","9/2/2026 2:36:56 PM",
"773","18.06647","9/2/2026 2:36:56 PM","9/2/2026 2:36:56 PM",
"774","18.06643","9/2/2026 2:36:56 PM","9/2/2026 2:36:56 PM",
"775","18.06643","9/2/2026 2:36:56 PM","9/2/2026 2:36:56 PM",
"776","18.06554","9/2/2026 2:36:56 PM","9/2/2026 2:36:56 PM",
"777","18.06554","9/2/2026 2:36:56 PM","9/2/2026 2:36:56 PM",
"778","18.06541","9/2/2026 2:36:56 PM","9/2/2026 2:36:56 PM",
"779","18.06541","9/2/2026 2:36:56 PM","9/2/2026 2:36:56 PM",
"780","18.06537","9/2/2026 2:36:56 PM","9/2/2026 2:36:56 PM",
"781","18.06537","9/2/2026 2:36:56 PM","9/2/2026 2:36:56 PM",
"782","18.06411","9/2/2026 2:36:56 PM","9/2/2026 2:36:56 PM",
"783","18.06411","9/2/2026 2:36:56 PM","9/2/2026 2:36:56 PM",
"784","18.06398","9/2/2026 2:36:56 PM","9/2/2026 2:36:56 PM",
"785","18.06398","9/2/2026 2:36:56 PM","9/2/2026 2:36:56 PM",
"786","18.06417","9/2/2026 2:36:56 PM","9/2/2026 2:36:56 PM",
"787","18.06417","9/2/2026 2:36:56 PM","9/2/2026 2:36:56 PM",
"788","18.06418","9/2/2026 2:36:56 PM","9/2/2026 2:36:56 PM",
"789","18.06418","9/2/2026 2:36:56 PM","9/2/2026 2:36:56 PM",
"790","18.06361","9/2/2026 2:36:56 PM","9/2/2026 2:36:56 PM",
"791","18.06361","9/2/2026 2:36:56 PM","9/2/2026 2:36:56 PM",
"792","18.06237","9/2/2026 2:36:56 PM","9/2/2026 2:36:56 PM",
"793","18.06237","9/2/2026 2:36:57 PM","9/2/2026 2:36:57 PM",
"794","18.06301","9/2/2026 2:36:57 PM","9/2/2026 2:36:57 PM",
"795","18.06301","9/2/2026 2:36:57 PM","9/2/2026 2:36:57 PM",
"796","18.06217","9/2/2026 2:36:57 PM","9/2/2026 2:36:57 PM",
"797","18.06217","9/2/2026 2:36:57 PM","9/2/2026 2:36:57 PM",
"798","18.0623","9/2/2026 2:36:57 PM","9/2/2026 2:36:57 PM",
"799","18.0623","9/2/2026 2:36:57 PM","9/2/2026 2:36:57 PM",
"800","18.06216","9/2/2026 2:36:57 PM","9/2/2026 2:36:57 PM",
"801","18.06216","9/2/2026 2:36:57 PM","9/2/2026 2:36:57 PM",
"802","18.06167","9/2/2026 2:36:57 PM","9/2/2026 2:36:57 PM",
"803","18.06167","9/2/2026 2:36:57 PM","9/2/2026 2:36:57 PM",
"804","18.0609","9/2/2026 2:36:57 PM","9/2/2026 2:36:57 PM",
"805","18.0609","9/2/2026 2:36:57 PM","9/2/2026 2:36:57 PM",
"806","18.06202","9/2/2026 2:36:57 PM","9/2/2026 2:36:57 PM",
"807","18.06202","9/2/2026 2:36:57 PM","9/2/2026 2:36:57 PM",
"808","18.06026","9/2/2026 2:36:57 PM","9/2/2026 2:36:57 PM",
"809","18.06026","9/2/2026 2:36:57 PM","9/2/2026 2:36:57 PM",
"810","18.05995","9/2/2026 2:36:57 PM","9/2/2026 2:36:57 PM",
"811","18.05995","9/2/2026 2:36:57 PM","9/2/2026 2:36:57 PM",
"812","18.05969","9/2/2026 2:36:57 PM","9/2/2026 2:36:57 PM",
"813","18.05969","9/2/2026 2:36:57 PM","9/2/2026 2:36:57 PM",
"814","18.05893","9/2/2026 2:36:57 PM","9/2/2026 2:36:57 PM",
"815","18.05893","9/2/2026 2:36:57 PM","9/2/2026 2:36:57 PM",
"816","18.05844","9/2/2026 2:36:57 PM","9/2/2026 2:36:57 PM",
"817","18.05844","9/2/2026 2:36:57 PM","9/2/2026 2:36:57 PM",
"818","18.05798","9/2/2026 2:36:57 PM","9/2/2026 2:36:57 PM",
"819","18.05798","9/2/2026 2:36:57 PM","9/2/2026 2:36:57 PM",
"820","18.05745","9/2/2026 2:36:57 PM","9/2/2026 2:36:57 PM",
"821","18.05745","9/2/2026 2:36:57 PM","9/2/2026 2:36:57 PM",
"822","18.05682","9/2/2026 2:36:57 PM","9/2/2026 2:36:57 PM",
"823","18.05682","9/2/2026 2:36:57 PM","9/2/2026 2:36:57 PM",
"824","18.05702","9/2/2026 2:36:57 PM","9/2/2026 2:36:57 PM",
"825","18.05702","9/2/2026 2:36:57 PM","9/2/2026 2:36:57 PM",
"826","18.05596","9/2/2026 2:36:57 PM","9/2/2026 2:36:57 PM",
"827","18.05596","9/2/2026 2:36:57 PM","9/2/2026 2:36:57 PM",
"828","18.0557","9/2/2026 2:36:57 PM","9/2/2026 2:36:57 PM",
"829","18.0557","9/2/2026 2:36:57 PM","9/2/2026 2:36:57 PM",
"830","18.05516","9/2/2026 2:36:57 PM","9/2/2026 2:36:57 PM",
"831","18.05516","9/2/2026 2:36:57 PM","9/2/2026 2:36:57 PM",
"832","18.05466","9/2/2026 2:36:57 PM","9/2/2026 2:36:57 PM",
"833","18.05466","9/2/2026 2:36:57 PM","9/2/2026 2:36:57 PM",
"834","18.05426","9/2/2026 2:36:57 PM","9/2/2026 2:36:57 PM",
"835","18.05426","9/2/2026 2:36:57 PM","9/2/2026 2:36:57 PM",
"836","18.0541","9/2/2026 2:36:57 PM","9/2/2026 2:36:57 PM",
"837","18.0541","9/2/2026 2:36:57 PM","9/2/2026 2:36:57 PM",
"838","18.05406","9/2/2026 2:36:57 PM","9/2/2026 2:36:57 PM",
"839","18.05406","9/2/2026 2:36:57 PM","9/2/2026 2:36:57 PM",
"840","18.05306","9/2/2026 2:36:57 PM","9/2/2026 2:36:57 PM",
"841","18.05306","9/2/2026 2:36:57 PM","9/2/2026 2:36:57 PM",
"842","18.05267","9/2/2026 2:36:57 PM","9/2/2026 2:36:57 PM",
"843","18.05267","9/2/2026 2:36:57 PM","9/2/2026 2:36:57 PM",
"844","18.05246","9/2/2026 2:36:57 PM","9/2/2026 2:36:57 PM",
"845","18.05246","9/2/2026 2:36:57 PM","9/2/2026 2:36:57 PM",
"846","18.05187","9/2/2026 2:36:57 PM","9/2/2026 2:36:57 PM",
"847","18.05187","9/2/2026 2:36:57 PM","9/2/2026 2:36:57 PM",
"848","18.05145","9/2/2026 2:36:57 PM","9/2/2026 2:36:57 PM",
"849","18.05145","9/2/2026 2:36:57 PM","9/2/2026 2:36:57 PM",
"850","18.05156","9/2/2026 2:36:57 PM","9/2/2026 2:36:57 PM",
"851","18.05156","9/2/2026 2:36:57 PM","9/2/2026 2:36:57 PM",
"852","18.05065","9/2/2026 2:36:57 PM","9/2/2026 2:36:57 PM",
"853","18.05065","9/2/2026 2:36:57 PM","9/2/2026 2:36:57 PM",
"854","18.05023","9/2/2026 2:36:57 PM","9/2/2026 2:36:57 PM",
"855","18.05023","9/2/2026 2:36:57 PM","9/2/2026 2:36:57 PM",
"856","18.04951","9/2/2026 2:36:57 PM","9/2/2026 2:36:57 PM",
"857","18.04951","9/2/2026 2:36:57 PM","9/2/2026 2:36:57 PM",
"858","18.04949","9/2/2026 2:36:57 PM","9/2/2026 2:36:57 PM",
"859","18.04949","9/2/2026 2:36:57 PM","9/2/2026 2:36:57 PM",
"860","18.0503","9/2/2026 2:36:57 PM","9/2/2026 2:36:57 PM",
"861","18.0503","9/2/2026 2:36:57 PM","9/2/2026 2:36:57 PM",
"862","18.04936","9/2/2026 2:36:57 PM","9/2/2026 2:36:57 PM",
"863","18.04936","9/2/2026 2:36:57 PM","9/2/2026 2:36:57 PM",
"864","18.04991","9/2/2026 2:36:57 PM","9/2/2026 2:36:57 PM",
"865","18.04991","9/2/2026 2:36:57 PM","9/2/2026 2:36:57 PM",
"866","18.04822","9/2/2026 2:36:57 PM","9/2/2026 2:36:57 PM",
"867","18.04822","9/2/2026 2:36:57 PM","9/2/2026 2:36:57 PM",
"868","18.04822","9/2/2026 2:36:57 PM","9/2/2026 2:36:57 PM",
"869","18.04848","9/2/2026 2:36:57 PM","9/2/2026 2:36:57 PM",
"870","18.04848","9/2/2026 2:36:57 PM","9/2/2026 2:36:57 PM",
"871","18.04706","9/2/2026 2:36:57 PM","9/2/2026 2:36:57 PM",
"872","18.04706","9/2/2026 2:36:57 PM","9/2/2026 2:36:57 PM",
"873","18.04682","9/2/2026 2:36:57 PM","9/2/2026 2:36:57 PM",
"874","18.04682","9/2/2026 2:36:57 PM","9/2/2026 2:36:57 PM",
"875","18.0466","9/2/2026 2:36:57 PM","9/2/2026 2:36:57 PM",
"876","18.0466","9/2/2026 2:36:57 PM","9/2/2026 2:36:57 PM",
"877","18.04673","9/2/2026 2:36:57 PM","9/2/2026 2:36:57 PM",
"878","18.04673","9/2/2026 2:36:57 PM","9/2/2026 2:36:57 PM",
"879","18.04674","9/2/2026 2:36:57 PM","9/2/2026 2:36:57 PM",
"880","18.04674","9/2/2026 2:36:57 PM","9/2/2026 2:36:57 PM",
"881","18.04612","9/2/2026 2:36:57 PM","9/2/2026 2:36:57 PM",
"882","18.04612","9/2/2026 2:36:57 PM","9/2/2026 2:36:57 PM",
"883","18.04567","9/2/2026 2:36:57 PM","9/2/2026 2:36:57 PM",
"884","18.04567","9/2/2026 2:36:57 PM","9/2/2026 2:36:57 PM",
"885","18.04545","9/2/2026 2:36:57 PM","9/2/2026 2:36:57 PM",
"886","18.04545","9/2/2026 2:36:57 PM","9/2/2026 2:36:57 PM",
"887","18.04492","9/2/2026 2:36:57 PM","9/2/2026 2:36:57 PM",
"888","18.04492","9/2/2026 2:36:57 PM","9/2/2026 2:36:57 PM",
"889","18.04402","9/2/2026 2:36:57 PM","9/2/2026 2:36:57 PM",
"890","18.04402","9/2/2026 2:36:57 PM","9/2/2026 2:36:57 PM",
"891","18.04397","9/2/2026 2:36:57 PM","9/2/2026 2:36:57 PM",
"892","18.04397","9/2/2026 2:36:57 PM","9/2/2026 2:36:57 PM",
"893","18.04316","9/2/2026 2:36:57 PM","9/2/2026 2:36:57 PM",
"894","18.04316","9/2/2026 2:36:58 PM","9/2/2026 2:36:58 PM",
"895","18.04339","9/2/2026 2:36:58 PM","9/2/2026 2:36:58 PM",
"896","18.04339","9/2/2026 2:36:58 PM","9/2/2026 2:36:58 PM",
"897","18.04222","9/2/2026 2:36:58 PM","9/2/2026 2:36:58 PM",
"898","18.04222","9/2/2026 2:36:58 PM","9/2/2026 2:36:58 PM",
"899","18.04274","9/2/2026 2:36:58 PM","9/2/2026 2:36:58 PM",
"900","18.04274","9/2/2026 2:36:58 PM","9/2/2026 2:36:58 PM",
"901","18.04123","9/2/2026 2:36:58 PM","9/2/2026 2:36:58 PM",
"902","18.04123","9/2/2026 2:36:58 PM","9/2/2026 2:36:58 PM",
"903","18.04129","9/2/2026 2:36:58 PM","9/2/2026 2:36:58 PM",
"904","18.04129","9/2/2026 2:36:58 PM","9/2/2026 2:36:58 PM",
"905","18.04044","9/2/2026 2:36:58 PM","9/2/2026 2:36:58 PM",
"906","18.04044","9/2/2026 2:36:58 PM","9/2/2026 2:36:58 PM",
"907","18.04223","9/2/2026 2:36:58 PM","9/2/2026 2:36:58 PM",
"908","18.04223","9/2/2026 2:36:58 PM","9/2/2026 2:36:58 PM",
"909","18.04077","9/2/2026 2:36:58 PM","9/2/2026 2:36:58 PM",
"910","18.04077","9/2/2026 2:36:58 PM","9/2/2026 2:36:58 PM",
"911","18.04055","9/2/2026 2:36:58 PM","9/2/2026 2:36:58 PM",
"912","18.04055","9/2/2026 2:36:58 PM","9/2/2026 2:36:58 PM",
"913","18.0398","9/2/2026 2:36:58 PM","9/2/2026 2:36:58 PM",
"914","18.0398","9/2/2026 2:36:58 PM","9/2/2026 2:36:58 PM",
"915","18.03971","9/2/2026 2:36:58 PM","9/2/2026 2:36:58 PM",
"916","18.03971","9/2/2026 2:36:58 PM","9/2/2026 2:36:58 PM",
"917","18.03836","9/2/2026 2:36:58 PM","9/2/2026 2:36:58 PM",
"918","18.03836","9/2/2026 2:36:58 PM","9/2/2026 2:36:58 PM",
"919","18.03829","9/2/2026 2:36:58 PM","9/2/2026 2:36:58 PM",
"920","18.03829","9/2/2026 2:36:58 PM","9/2/2026 2:36:58 PM",
"921","18.03831","9/2/2026 2:36:58 PM","9/2/2026 2:36:58 PM",
"922","18.03831","9/2/2026 2:36:58 PM","9/2/2026 2:36:58 PM",
"923","18.03818","9/2/2026 2:36:58 PM","9/2/2026 2:36:58 PM",
"924","18.03818","9/2/2026 2:36:58 PM","9/2/2026 2:36:58 PM",
"925","18.03737","9/2/2026 2:36:58 PM","9/2/2026 2:36:58 PM",
"926","18.03737","9/2/2026 2:36:58 PM","9/2/2026 2:36:58 PM",
"927","18.03671","9/2/2026 2:36:58 PM","9/2/2026 2:36:58 PM",
"928","18.03671","9/2/2026 2:36:58 PM","9/2/2026 2:36:58 PM",
"929","18.03671","9/2/2026 2:36:58 PM","9/2/2026 2:36:58 PM",
"930","18.03671","9/2/2026 2:36:58 PM","9/2/2026 2:36:58 PM",
"931","18.03697","9/2/2026 2:36:58 PM","9/2/2026 2:36:58 PM",
"932","18.03697","9/2/2026 2:36:58 PM","9/2/2026 2:36:58 PM",
"933","18.03697","9/2/2026 2:36:58 PM","9/2/2026 2:36:58 PM",
"934","18.03697","9/2/2026 2:36:58 PM","9/2/2026 2:36:58 PM",
"935","18.03702","9/2/2026 2:36:58 PM","9/2/2026 2:36:58 PM",
"936","18.03702","9/2/2026 2:36:58 PM","9/2/2026 2:36:58 PM",
"937","18.03546","9/2/2026 2:36:58 PM","9/2/2026 2:36:58 PM",
"938","18.03546","9/2/2026 2:36:58 PM","9/2/2026 2:36:58 PM",
"939","18.03499","9/2/2026 2:36:58 PM","9/2/2026 2:36:58 PM",
"940","18.03499","9/2/2026 2:36:58 PM","9/2/2026 2:36:58 PM",
"941","18.03416","9/2/2026 2:36:58 PM","9/2/2026 2:36:58 PM",
"942","18.03416","9/2/2026 2:36:58 PM","9/2/2026 2:36:58 PM",
"943","18.03388","9/2/2026 2:36:58 PM","9/2/2026 2:36:58 PM",
"944","18.03388","9/2/2026 2:36:58 PM","9/2/2026 2:36:58 PM",
"945","18.03442","9/2/2026 2:36:58 PM","9/2/2026 2:36:58 PM",
"946","18.03442","9/2/2026 2:36:58 PM","9/2/2026 2:36:58 PM",
"947","18.03414","9/2/2026 2:36:58 PM","9/2/2026 2:36:58 PM",
"948","18.03414","9/2/2026 2:36:58 PM","9/2/2026 2:36:58 PM",
"949","18.03467","9/2/2026 2:36:58 PM","9/2/2026 2:36:58 PM",
"950","18.03467","9/2/2026 2:36:58 PM","9/2/2026 2:36:58 PM",
"951","18.03345","9/2/2026 2:36:58 PM","9/2/2026 2:36:58 PM",
"952","18.03345","9/2/2026 2:36:58 PM","9/2/2026 2:36:58 PM",
"953","18.03272","9/2/2026 2:36:58 PM","9/2/2026 2:36:58 PM",
"954","18.03272","9/2/2026 2:36:58 PM","9/2/2026 2:36:58 PM",
"955","18.03244","9/2/2026 2:36:58 PM","9/2/2026 2:36:58 PM",
"956","18.03244","9/2/2026 2:36:58 PM","9/2/2026 2:36:58 PM",
"957","18.03314","9/2/2026 2:36:58 PM","9/2/2026 2:36:58 PM",
"958","18.03314","9/2/2026 2:36:58 PM","9/2/2026 2:36:58 PM",
"959","18.03221","9/2/2026 2:36:58 PM","9/2/2026 2:36:58 PM",
"960","18.03221","9/2/2026 2:36:58 PM","9/2/2026 2:36:58 PM",
"961","18.0321","9/2/2026 2:36:58 PM","9/2/2026 2:36:58 PM",
"962","18.0321","9/2/2026 2:36:58 PM","9/2/2026 2:36:58 PM",
"963","18.0323","9/2/2026 2:36:58 PM","9/2/2026 2:36:58 PM",
"964","18.0323","9/2/2026 2:36:58 PM","9/2/2026 2:36:58 PM",
"965","18.03139","9/2/2026 2:36:58 PM","9/2/2026 2:36:58 PM",
"966","18.03139","9/2/2026 2:36:58 PM","9/2/2026 2:36:58 PM",
"967","18.03073","9/2/2026 2:36:58 PM","9/2/2026 2:36:58 PM",
"968","18.03073","9/2/2026 2:36:58 PM","9/2/2026 2:36:58 PM",
"969","18.03016","9/2/2026 2:36:58 PM","9/2/2026 2:36:58 PM",
"970","18.03016","9/2/2026 2:36:58 PM","9/2/2026 2:36:58 PM",
"971","18.03091","9/2/2026 2:36:58 PM","9/2/2026 2:36:58 PM",
"972","18.03091","9/2/2026 2:36:58 PM","9/2/2026 2:36:58 PM",
"973","18.03032","9/2/2026 2:36:58 PM","9/2/2026 2:36:58 PM",
"974","18.03032","9/2/2026 2:36:58 PM","9/2/2026 2:36:58 PM",
"975","18.02988","9/2/2026 2:36:58 PM","9/2/2026 2:36:58 PM",
"976","18.02988","9/2/2026 2:36:58 PM","9/2/2026 2:36:58 PM",
"977","18.02883","9/2/2026 2:36:58 PM","9/2/2026 2:36:58 PM",
"978","18.02883","9/2/2026 2:36:58 PM","9/2/2026 2:36:58 PM",
"979","18.02813","9/2/2026 2:36:58 PM","9/2/2026 2:36:58 PM",
"980","18.02813","9/2/2026 2:36:58 PM","9/2/2026 2:36:58 PM",
"981","18.02781","9/2/2026 2:36:58 PM","9/2/2026 2:36:58 PM",
"982","18.02781","9/2/2026 2:36:58 PM","9/2/2026 2:36:58 PM",
"983","18.02788","9/2/2026 2:36:58 PM","9/2/2026 2:36:58 PM",
"984","18.02788","9/2/2026 2:36:58 PM","9/2/2026 2:36:58 PM",
"985","18.02691","9/2/2026 2:36:58 PM","9/2/2026 2:36:58 PM",
"986","18.02691","9/2/2026 2:36:58 PM","9/2/2026 2:36:58 PM",
"987","18.02626","9/2/2026 2:36:58 PM","9/2/2026 2:36:58 PM",
"988","18.02626","9/2/2026 2:36:58 PM","9/2/2026 2:36:58 PM",
"989","18.02644","9/2/2026 2:36:58 PM","9/2/2026 2:36:58 PM",
"990","18.02644","9/2/2026 2:36:58 PM","9/2/2026 2:36:58 PM",
"991","18.027","9/2/2026 2:36:58 PM","9/2/2026 2:36:58 PM",
"992","18.027","9/2/2026 2:36:58 PM","9/2/2026 2:36:58 PM",
"993","18.02607","9/2/2026 2:36:59 PM","9/2/2026 2:36:59 PM",
"994","18.02607","9/2/2026 2:36:59 PM","9/2/2026 2:36:59 PM",
"995","18.02569","9/2/2026 2:36:59 PM","9/2/2026 2:36:59 PM",
"996","18.02569","9/2/2026 2:36:59 PM","9/2/2026 2:36:59 PM",
"997","18.0259","9/2/2026 2:36:59 PM","9/2/2026 2:36:59 PM",
"998","18.0259","9/2/2026 2:36:59 PM","9/2/2026 2:36:59 PM",
"999","18.02479","9/2/2026 2:36:59 PM","9/2/2026 2:36:59 PM",
"1000","18.02479","9/2/2026 2:36:59 PM","9/2/2026 2:36:59 PM",
"1001","18.02526","9/2/2026 2:36:59 PM","9/2/2026 2:36:59 PM",
"1002","18.02526","9/2/2026 2:36:59 PM","9/2/2026 2:36:59 PM",
"1003","18.02497","9/2/2026 2:36:59 PM","9/2/2026 2:36:59 PM",
"1004","18.02497","9/2/2026 2:36:59 PM","9/2/2026 2:36:59 PM",
"1005","18.02429","9/2/2026 2:36:59 PM","9/2/2026 2:36:59 PM",
"1006","18.02429","9/2/2026 2:36:59 PM","9/2/2026 2:36:59 PM",
"1007","18.02408","9/2/2026 2:36:59 PM","9/2/2026 2:36:59 PM",
"1008","18.02408","9/2/2026 2:36:59 PM","9/2/2026 2:36:59 PM",
"1009","18.02462","9/2/2026 2:36:59 PM","9/2/2026 2:36:59 PM",
"1010","18.02462","9/2/2026 2:36:59 PM","9/2/2026 2:36:59 PM",
"1011","18.02218","9/2/2026 2:36:59 PM","9/2/2026 2:36:59 PM",
"1012","18.02218","9/2/2026 2:36:59 PM","9/2/2026 2:36:59 PM",
"1013","18.02298","9/2/2026 2:36:59 PM","9/2/2026 2:36:59 PM",
"1014","18.02298","9/2/2026 2:36:59 PM","9/2/2026 2:36:59 PM",
"1015","18.02282","9/2/2026 2:36:59 PM","9/2/2026 2:36:59 PM",
"1016","18.02282","9/2/2026 2:36:59 PM","9/2/2026 2:36:59 PM",
"1017","18.02256","9/2/2026 2:36:59 PM","9/2/2026 2:36:59 PM",
"1018","18.02256","9/2/2026 2:36:59 PM","9/2/2026 2:36:59 PM",
"1019","18.02175","9/2/2026 2:36:59 PM","9/2/2026 2:36:59 PM",
"1020","18.02175","9/2/2026 2:36:59 PM","9/2/2026 2:36:59 PM",
"1021","18.02165","9/2/2026 2:36:59 PM","9/2/2026 2:36:59 PM",
"1022","18.02165","9/2/2026 2:36:59 PM","9/2/2026 2:36:59 PM",
"1023","18.02171","9/2/2026 2:36:59 PM","9/2/2026 2:36:59 PM",
"1024","18.02171","9/2/2026 2:36:59 PM","9/2/2026 2:36:59 PM",
"1025","18.02053","9/2/2026 2:36:59 PM","9/2/2026 2:36:59 PM",
"1026","18.02053","9/2/2026 2:36:59 PM","9/2/2026 2:36:59 PM",
"1027","18.02126","9/2/2026 2:36:59 PM","9/2/2026 2:36:59 PM",
"1028","18.02126","9/2/2026 2:36:59 PM","9/2/2026 2:36:59 PM",
"1029","18.02036","9/2/2026 2:36:59 PM","9/2/2026 2:36:59 PM",
"1030","18.02036","9/2/2026 2:36:59 PM","9/2/2026 2:36:59 PM",
"1031","18.0202","9/2/2026 2:36:59 PM","9/2/2026 2:36:59 PM",
"1032","18.0202","9/2/2026 2:36:59 PM","9/2/2026 2:36:59 PM",
"1033","18.01931","9/2/2026 2:36:59 PM","9/2/2026 2:36:59 PM",
"1034","18.01931","9/2/2026 2:36:59 PM","9/2/2026 2:36:59 PM",
"1035","18.01898","9/2/2026 2:36:59 PM","9/2/2026 2:36:59 PM",
"1036","18.01898","9/2/2026 2:36:59 PM","9/2/2026 2:36:59 PM",
"1037","18.01824","9/2/2026 2:36:59 PM","9/2/2026 2:36:59 PM",
"1038","18.01824","9/2/2026 2:36:59 PM","9/2/2026 2:36:59 PM",
"1039","18.0185","9/2/2026 2:36:59 PM","9/2/2026 2:36:59 PM",
"1040","18.0185","9/2/2026 2:36:59 PM","9/2/2026 2:36:59 PM",
"1041","18.01728","9/2/2026 2:36:59 PM","9/2/2026 2:36:59 PM",
"1042","18.01728","9/2/2026 2:36:59 PM","9/2/2026 2:36:59 PM",
"1043","18.0174","9/2/2026 2:36:59 PM","9/2/2026 2:36:59 PM",
"1044","18.0174","9/2/2026 2:36:59 PM","9/2/2026 2:36:59 PM",
"1045","18.01724","9/2/2026 2:36:59 PM","9/2/2026 2:36:59 PM",
"1046","18.01724","9/2/2026 2:36:59 PM","9/2/2026 2:36:59 PM",
"1047","18.01616","9/2/2026 2:36:59 PM","9/2/2026 2:36:59 PM",
"1048","18.01616","9/2/2026 2:36:59 PM","9/2/2026 2:36:59 PM",
"1049","18.01677","9/2/2026 2:36:59 PM","9/2/2026 2:36:59 PM",
"1050","18.01677","9/2/2026 2:36:59 PM","9/2/2026 2:36:59 PM",
"1051","18.01571","9/2/2026 2:36:59 PM","9/2/2026 2:36:59 PM",
"1052","18.01571","9/2/2026 2:36:59 PM","9/2/2026 2:36:59 PM",
"1053","18.01535","9/2/2026 2:36:59 PM","9/2/2026 2:36:59 PM",
"1054","18.01535","9/2/2026 2:36:59 PM","9/2/2026 2:36:59 PM",
"1055","18.01477","9/2/2026 2:36:59 PM","9/2/2026 2:36:59 PM",
"1056","18.01477","9/2/2026 2:36:59 PM","9/2/2026 2:36:59 PM",
"1057","18.01487","9/2/2026 2:36:59 PM","9/2/2026 2:36:59 PM",
"1058","18.01487","9/2/2026 2:36:59 PM","9/2/2026 2:36:59 PM",
"1059","18.01365","9/2/2026 2:36:59 PM","9/2/2026 2:36:59 PM",
"1060","18.01365","9/2/2026 2:36:59 PM","9/2/2026 2:36:59 PM",
"1061","18.01448","9/2/2026 2:36:59 PM","9/2/2026 2:36:59 PM",
"1062","18.01448","9/2/2026 2:36:59 PM","9/2/2026 2:36:59 PM",
"1063","18.01385","9/2/2026 2:36:59 PM","9/2/2026 2:36:59 PM",
"1064","18.01385","9/2/2026 2:36:59 PM","9/2/2026 2:36:59 PM",
"1065","18.01303","9/2/2026 2:36:59 PM","9/2/2026 2:36:59 PM",
"1066","18.01303","9/2/2026 2:36:59 PM","9/2/2026 2:36:59 PM",
"1067","18.01344","9/2/2026 2:36:59 PM","9/2/2026 2:36:59 PM",
"1068","18.01344","9/2/2026 2:36:59 PM","9/2/2026 2:36:59 PM",
"1069","18.01345","9/2/2026 2:36:59 PM","9/2/2026 2:36:59 PM",
"1070","18.01345","9/2/2026 2:36:59 PM","9/2/2026 2:36:59 PM",
"1071","18.01254","9/2/2026 2:36:59 PM","9/2/2026 2:36:59 PM",
"1072","18.01254","9/2/2026 2:36:59 PM","9/2/2026 2:36:59 PM",
"1073","18.01299","9/2/2026 2:36:59 PM","9/2/2026 2:36:59 PM",
"1074","18.01299","9/2/2026 2:36:59 PM","9/2/2026 2:36:59 PM",
"1075","18.01212","9/2/2026 2:36:59 PM","9/2/2026 2:36:59 PM",
"1076","18.01212","9/2/2026 2:36:59 PM","9/2/2026 2:36:59 PM",
"1077","18.01187","9/2/2026 2:36:59 PM","9/2/2026 2:36:59 PM",
"1078","18.01187","9/2/2026 2:36:59 PM","9/2/2026 2:36:59 PM",
"1079","18.01187","9/2/2026 2:36:59 PM","9/2/2026 2:36:59 PM",
"1080","18.01187","9/2/2026 2:36:59 PM","9/2/2026 2:36:59 PM",
"1081","18.01166","9/2/2026 2:36:59 PM","9/2/2026 2:36:59 PM",
"1082","18.01166","9/2/2026 2:36:59 PM","9/2/2026 2:36:59 PM",
"1083","18.01166","9/2/2026 2:36:59 PM","9/2/2026 2:36:59 PM",
"1084","18.01093","9/2/2026 2:36:59 PM","9/2/2026 2:36:59 PM",
"1085","18.01093","9/2/2026 2:36:59 PM","9/2/2026 2:36:59 PM",
"1086","18.01047","9/2/2026 2:36:59 PM","9/2/2026 2:36:59 PM",
"1087","18.01047","9/2/2026 2:36:59 PM","9/2/2026 2:36:59 PM",
"1088","18.01103","9/2/2026 2:36:59 PM","9/2/2026 2:36:59 PM",
"1089","18.01103","9/2/2026 2:36:59 PM","9/2/2026 2:36:59 PM",
"1090","18.0106","9/2/2026 2:36:59 PM","9/2/2026 2:36:59 PM",
"1091","18.0106","9/2/2026 2:36:59 PM","9/2/2026 2:36:59 PM",
"1092","18.01094","9/2/2026 2:36:59 PM","9/2/2026 2:36:59 PM",
"1093","18.01094","9/2/2026 2:37:00 PM","9/2/2026 2:37:00 PM",
"1094","18.0101","9/2/2026 2:37:00 PM","9/2/2026 2:37:00 PM",
"1095","18.0101","9/2/2026 2:37:00 PM","9/2/2026 2:37:00 PM",
"1096","18.0096","9/2/2026 2:37:00 PM","9/2/2026 2:37:00 PM",
"1097","18.0096","9/2/2026 2:37:00 PM","9/2/2026 2:37:00 PM",
"1098","18.00888","9/2/2026 2:37:00 PM","9/2/2026 2:37:00 PM",
"1099","18.00888","9/2/2026 2:37:00 PM","9/2/2026 2:37:00 PM",
"1100","18.00918","9/2/2026 2:37:00 PM","9/2/2026 2:37:00 PM",
"1101","18.00918","9/2/2026 2:37:00 PM","9/2/2026 2:37:00 PM",
"1102","18.00905","9/2/2026 2:37:00 PM","9/2/2026 2:37:00 PM",
"1103","18.00905","9/2/2026 2:37:00 PM","9/2/2026 2:37:00 PM",
"1104","18.00916","9/2/2026 2:37:00 PM","9/2/2026 2:37:00 PM",
"1105","18.00916","9/2/2026 2:37:00 PM","9/2/2026 2:37:00 PM",
"1106","18.00875","9/2/2026 2:37:00 PM","9/2/2026 2:37:00 PM",
"1107","18.00875","9/2/2026 2:37:00 PM","9/2/2026 2:37:00 PM",
"1108","18.00773","9/2/2026 2:37:00 PM","9/2/2026 2:37:00 PM",
"1109","18.00773","9/2/2026 2:37:00 PM","9/2/2026 2:37:00 PM",
"1110","18.00818","9/2/2026 2:37:00 PM","9/2/2026 2:37:00 PM",
"1111","18.00818","9/2/2026 2:37:00 PM","9/2/2026 2:37:00 PM",
"1112","18.00715","9/2/2026 2:37:00 PM","9/2/2026 2:37:00 PM",
"1113","18.00715","9/2/2026 2:37:00 PM","9/2/2026 2:37:00 PM",
"1114","18.00725","9/2/2026 2:37:00 PM","9/2/2026 2:37:00 PM",
"1115","18.00725","9/2/2026 2:37:00 PM","9/2/2026 2:37:00 PM",
"1116","18.00717","9/2/2026 2:37:00 PM","9/2/2026 2:37:00 PM",
"1117","18.00717","9/2/2026 2:37:00 PM","9/2/2026 2:37:00 PM",
"1118","18.00729","9/2/2026 2:37:00 PM","9/2/2026 2:37:00 PM",
"1119","18.00729","9/2/2026 2:37:00 PM","9/2/2026 2:37:00 PM",
"1120","18.00568","9/2/2026 2:37:00 PM","9/2/2026 2:37:00 PM",
"1121","18.00568","9/2/2026 2:37:00 PM","9/2/2026 2:37:00 PM",
"1122","18.00587","9/2/2026 2:37:00 PM","9/2/2026 2:37:00 PM",
"1123","18.00587","9/2/2026 2:37:00 PM","9/2/2026 2:37:00 PM",
"1124","18.00542","9/2/2026 2:37:00 PM","9/2/2026 2:37:00 PM",
"1125","18.00542","9/2/2026 2:37:00 PM","9/2/2026 2:37:00 PM",
"1126","18.00576","9/2/2026 2:37:00 PM","9/2/2026 2:37:00 PM",
"1127","18.00576","9/2/2026 2:37:00 PM","9/2/2026 2:37:00 PM",
"1128","18.00511","9/2/2026 2:37:00 PM","9/2/2026 2:37:00 PM",
"1129","18.00511","9/2/2026 2:37:00 PM","9/2/2026 2:37:00 PM",
"1130","18.00452","9/2/2026 2:37:00 PM","9/2/2026 2:37:00 PM",
"1131","18.00452","9/2/2026 2:37:00 PM","9/2/2026 2:37:00 PM",
"1132","18.00451","9/2/2026 2:37:00 PM","9/2/2026 2:37:00 PM",
"1133","18.00451","9/2/2026 2:37:00 PM","9/2/2026 2:37:00 PM",
"1134","18.0033","9/2/2026 2:37:00 PM","9/2/2026 2:37:00 PM",
"1135","18.0033","9/2/2026 2:37:00 PM","9/2/2026 2:37:00 PM",
"1136","18.00368","9/2/2026 2:37:00 PM","9/2/2026 2:37:00 PM",
"1137","18.00368","9/2/2026 2:37:00 PM","9/2/2026 2:37:00 PM",
"1138","18.00348","9/2/2026 2:37:00 PM","9/2/2026 2:37:00 PM",
"1139","18.00348","9/2/2026 2:37:00 PM","9/2/2026 2:37:00 PM",
"1140","18.0031","9/2/2026 2:37:00 PM","9/2/2026 2:37:00 PM",
"1141","18.0031","9/2/2026 2:37:00 PM","9/2/2026 2:37:00 PM",
"1142","18.00268","9/2/2026 2:37:00 PM","9/2/2026 2:37:00 PM",
"1143","18.00268","9/2/2026 2:37:00 PM","9/2/2026 2:37:00 PM",
"1144","18.00317","9/2/2026 2:37:00 PM","9/2/2026 2:37:00 PM",
"1145","18.00317","9/2/2026 2:37:00 PM","9/2/2026 2:37:00 PM",
"1146","18.00239","9/2/2026 2:37:00 PM","9/2/2026 2:37:00 PM",
"1147","18.00239","9/2/2026 2:37:00 PM","9/2/2026 2:37:00 PM",
"1148","18.00192","9/2/2026 2:37:00 PM","9/2/2026 2:37:00 PM",
"1149","18.00192","9/2/2026 2:37:00 PM","9/2/2026 2:37:00 PM",
"1150","18.00227","9/2/2026 2:37:00 PM","9/2/2026 2:37:00 PM",
"1151","18.00227","9/2/2026 2:37:00 PM","9/2/2026 2:37:00 PM",
"1152","18.00176","9/2/2026 2:37:00 PM","9/2/2026 2:37:00 PM",
"1153","18.00176","9/2/2026 2:37:00 PM","9/2/2026 2:37:00 PM",
"1154","18.00267","9/2/2026 2:37:00 PM","9/2/2026 2:37:00 PM",
"1155","18.00267","9/2/2026 2:37:00 PM","9/2/2026 2:37:00 PM",
"1156","18.00145","9/2/2026 2:37:00 PM","9/2/2026 2:37:00 PM",
"1157","18.00145","9/2/2026 2:37:00 PM","9/2/2026 2:37:00 PM",
"1158","18.00134","9/2/2026 2:37:00 PM","9/2/2026 2:37:00 PM",
"1159","18.00134","9/2/2026 2:37:00 PM","9/2/2026 2:37:00 PM",
"1160","18.00084","9/2/2026 2:37:00 PM","9/2/2026 2:37:00 PM",
"1161","18.00084","9/2/2026 2:37:00 PM","9/2/2026 2:37:00 PM",
"1162","18.00138","9/2/2026 2:37:00 PM","9/2/2026 2:37:00 PM",
"1163","18.00138","9/2/2026 2:37:00 PM","9/2/2026 2:37:00 PM",
"1164","18.0001","9/2/2026 2:37:00 PM","9/2/2026 2:37:00 PM",
"1165","18.0001","9/2/2026 2:37:00 PM","9/2/2026 2:37:00 PM",
"1166","17.99991","9/2/2026 2:37:00 PM","9/2/2026 2:37:00 PM",
"1167","17.99991","9/2/2026 2:37:00 PM","9/2/2026 2:37:00 PM",
"1168","17.99984","9/2/2026 2:37:00 PM","9/2/2026 2:37:00 PM",
"1169","17.99984","9/2/2026 2:37:00 PM","9/2/2026 2:37:00 PM",
"1170","18.00026","9/2/2026 2:37:00 PM","9/2/2026 2:37:00 PM",
"1171","18.00026","9/2/2026 2:37:00 PM","9/2/2026 2:37:00 PM",
"1172","17.99919","9/2/2026 2:37:00 PM","9/2/2026 2:37:00 PM",
"1173","17.99919","9/2/2026 2:37:00 PM","9/2/2026 2:37:00 PM",
"1174","17.99934","9/2/2026 2:37:00 PM","9/2/2026 2:37:00 PM",
"1175","17.99934","9/2/2026 2:37:00 PM","9/2/2026 2:37:00 PM",
"1176","17.99938","9/2/2026 2:37:00 PM","9/2/2026 2:37:00 PM",
"1177","17.99938","9/2/2026 2:37:00 PM","9/2/2026 2:37:00 PM",
"1178","17.99973","9/2/2026 2:37:00 PM","9/2/2026 2:37:00 PM",
"1179","17.99973","9/2/2026 2:37:00 PM","9/2/2026 2:37:00 PM",
"1180","17.99862","9/2/2026 2:37:00 PM","9/2/2026 2:37:00 PM",
"1181","17.99862","9/2/2026 2:37:00 PM","9/2/2026 2:37:00 PM",
"1182","17.9982","9/2/2026 2:37:00 PM","9/2/2026 2:37:00 PM",
"1183","17.9982","9/2/2026 2:37:00 PM","9/2/2026 2:37:00 PM",
"1184","17.99808","9/2/2026 2:37:00 PM","9/2/2026 2:37:00 PM",
"1185","17.99808","9/2/2026 2:37:00 PM","9/2/2026 2:37:00 PM",
"1186","17.99697","9/2/2026 2:37:00 PM","9/2/2026 2:37:00 PM",
"1187","17.99697","9/2/2026 2:37:00 PM","9/2/2026 2:37:00 PM",
"1188","17.99727","9/2/2026 2:37:00 PM","9/2/2026 2:37:00 PM",
"1189","17.99727","9/2/2026 2:37:00 PM","9/2/2026 2:37:00 PM",
"1190","17.99558","9/2/2026 2:37:00 PM","9/2/2026 2:37:00 PM",
"1191","17.99558","9/2/2026 2:37:00 PM","9/2/2026 2:37:00 PM",
"1192","17.99607","9/2/2026 2:37:00 PM","9/2/2026 2:37:00 PM",
"1193","17.99607","9/2/2026 2:37:01 PM","9/2/2026 2:37:01 PM",
"1194","17.99585","9/2/2026 2:37:01 PM","9/2/2026 2:37:01 PM",
"1195","17.99585","9/2/2026 2:37:01 PM","9/2/2026 2:37:01 PM",
"1196","17.99687","9/2/2026 2:37:01 PM","9/2/2026 2:37:01 PM",
"1197","17.99687","9/2/2026 2:37:01 PM","9/2/2026 2:37:01 PM",
"1198","17.99498","9/2/2026 2:37:01 PM","9/2/2026 2:37:01 PM",
"1199","17.99498","9/2/2026 2:37:01 PM","9/2/2026 2:37:01 PM",
"1200","17.99599","9/2/2026 2:37:01 PM","9/2/2026 2:37:01 PM",
"1201","17.99599","9/2/2026 2:37:01 PM","9/2/2026 2:37:01 PM",
"1202","17.99402","9/2/2026 2:37:01 PM","9/2/2026 2:37:01 PM",
"1203","17.99402","9/2/2026 2:37:01 PM","9/2/2026 2:37:01 PM",
"1204","17.99544","9/2/2026 2:37:01 PM","9/2/2026 2:37:01 PM",
"1205","17.99544","9/2/2026 2:37:01 PM","9/2/2026 2:37:01 PM",
"1206","17.99472","9/2/2026 2:37:01 PM","9/2/2026 2:37:01 PM",
"1207","17.99472","9/2/2026 2:37:01 PM","9/2/2026 2:37:01 PM",
"1208","17.99482","9/2/2026 2:37:01 PM","9/2/2026 2:37:01 PM",
"1209","17.99482","9/2/2026 2:37:01 PM","9/2/2026 2:37:01 PM",
"1210","17.99341","9/2/2026 2:37:01 PM","9/2/2026 2:37:01 PM",
"1211","17.99341","9/2/2026 2:37:01 PM","9/2/2026 2:37:01 PM",
"1212","17.99193","9/2/2026 2:37:01 PM","9/2/2026 2:37:01 PM",
"1213","17.99193","9/2/2026 2:37:01 PM","9/2/2026 2:37:01 PM",
"1214","17.99224","9/2/2026 2:37:01 PM","9/2/2026 2:37:01 PM",
"1215","17.99224","9/2/2026 2:37:01 PM","9/2/2026 2:37:01 PM",
"1216","17.99139","9/2/2026 2:37:01 PM","9/2/2026 2:37:01 PM",
"1217","17.99139","9/2/2026 2:37:01 PM","9/2/2026 2:37:01 PM",
"1218","17.99126","9/2/2026 2:37:01 PM","9/2/2026 2:37:01 PM",
"1219","17.99126","9/2/2026 2:37:01 PM","9/2/2026 2:37:01 PM",
"1220","17.99088","9/2/2026 2:37:01 PM","9/2/2026 2:37:01 PM",
"1221","17.99088","9/2/2026 2:37:01 PM","9/2/2026 2:37:01 PM",
"1222","17.99073","9/2/2026 2:37:01 PM","9/2/2026 2:37:01 PM",
"1223","17.99073","9/2/2026 2:37:01 PM","9/2/2026 2:37:01 PM",
"1224","17.98998","9/2/2026 2:37:01 PM","9/2/2026 2:37:01 PM",
"1225","17.98998","9/2/2026 2:37:01 PM","9/2/2026 2:37:01 PM",
"1226","17.98964","9/2/2026 2:37:01 PM","9/2/2026 2:37:01 PM",
"1227","17.98964","9/2/2026 2:37:01 PM","9/2/2026 2:37:01 PM",
"1228","17.98938","9/2/2026 2:37:01 PM","9/2/2026 2:37:01 PM",
"1229","17.98938","9/2/2026 2:37:01 PM","9/2/2026 2:37:01 PM",
"1230","17.98908","9/2/2026 2:37:01 PM","9/2/2026 2:37:01 PM",
"1231","17.98908","9/2/2026 2:37:01 PM","9/2/2026 2:37:01 PM",
"1232","17.98967","9/2/2026 2:37:01 PM","9/2/2026 2:37:01 PM",
"1233","17.98967","9/2/2026 2:37:01 PM","9/2/2026 2:37:01 PM",
"1234","17.98906","9/2/2026 2:37:01 PM","9/2/2026 2:37:01 PM",
"1235","17.98906","9/2/2026 2:37:01 PM","9/2/2026 2:37:01 PM",
"1236","17.98898","9/2/2026 2:37:01 PM","9/2/2026 2:37:01 PM",
"1237","17.98898","9/2/2026 2:37:01 PM","9/2/2026 2:37:01 PM",
"1238","17.98872","9/2/2026 2:37:01 PM","9/2/2026 2:37:01 PM",
"1239","17.98872","9/2/2026 2:37:01 PM","9/2/2026 2:37:01 PM",
"1240","17.98801","9/2/2026 2:37:01 PM","9/2/2026 2:37:01 PM",
"1241","17.98801","9/2/2026 2:37:01 PM","9/2/2026 2:37:01 PM",
"1242","17.98677","9/2/2026 2:37:01 PM","9/2/2026 2:37:01 PM",
"1243","17.98677","9/2/2026 2:37:01 PM","9/2/2026 2:37:01 PM",
"1244","17.98699","9/2/2026 2:37:01 PM","9/2/2026 2:37:01 PM",
"1245","17.98699","9/2/2026 2:37:01 PM","9/2/2026 2:37:01 PM",
"1246","17.98761","9/2/2026 2:37:01 PM","9/2/2026 2:37:01 PM",
"1247","17.98761","9/2/2026 2:37:01 PM","9/2/2026 2:37:01 PM",
"1248","17.98713","9/2/2026 2:37:01 PM","9/2/2026 2:37:01 PM",
"1249","17.98713","9/2/2026 2:37:01 PM","9/2/2026 2:37:01 PM",
"1250","17.98638","9/2/2026 2:37:01 PM","9/2/2026 2:37:01 PM",
"1251","17.98638","9/2/2026 2:37:01 PM","9/2/2026 2:37:01 PM",
"1252","17.98595","9/2/2026 2:37:01 PM","9/2/2026 2:37:01 PM",
"1253","17.98595","9/2/2026 2:37:01 PM","9/2/2026 2:37:01 PM",
"1254","17.98565","9/2/2026 2:37:01 PM","9/2/2026 2:37:01 PM",
"1255","17.98565","9/2/2026 2:37:01 PM","9/2/2026 2:37:01 PM",
"1256","17.98606","9/2/2026 2:37:01 PM","9/2/2026 2:37:01 PM",
"1257","17.98606","9/2/2026 2:37:01 PM","9/2/2026 2:37:01 PM",
"1258","17.98534","9/2/2026 2:37:01 PM","9/2/2026 2:37:01 PM",
"1259","17.98534","9/2/2026 2:37:01 PM","9/2/2026 2:37:01 PM",
"1260","17.98384","9/2/2026 2:37:01 PM","9/2/2026 2:37:01 PM",
"1261","17.98384","9/2/2026 2:37:01 PM","9/2/2026 2:37:01 PM",
"1262","17.98522","9/2/2026 2:37:01 PM","9/2/2026 2:37:01 PM",
"1263","17.98522","9/2/2026 2:37:01 PM","9/2/2026 2:37:01 PM",
"1264","17.98462","9/2/2026 2:37:01 PM","9/2/2026 2:37:01 PM",
"1265","17.98462","9/2/2026 2:37:01 PM","9/2/2026 2:37:01 PM",
"1266","17.98486","9/2/2026 2:37:01 PM","9/2/2026 2:37:01 PM",
"1267","17.98486","9/2/2026 2:37:01 PM","9/2/2026 2:37:01 PM",
"1268","17.98402","9/2/2026 2:37:01 PM","9/2/2026 2:37:01 PM",
"1269","17.98402","9/2/2026 2:37:01 PM","9/2/2026 2:37:01 PM",
"1270","17.98397","9/2/2026 2:37:01 PM","9/2/2026 2:37:01 PM",
"1271","17.98397","9/2/2026 2:37:01 PM","9/2/2026 2:37:01 PM",
"1272","17.98325","9/2/2026 2:37:01 PM","9/2/2026 2:37:01 PM",
"1273","17.98325","9/2/2026 2:37:01 PM","9/2/2026 2:37:01 PM",
"1274","17.98319","9/2/2026 2:37:01 PM","9/2/2026 2:37:01 PM",
"1275","17.98319","9/2/2026 2:37:01 PM","9/2/2026 2:37:01 PM",
"1276","17.98235","9/2/2026 2:37:01 PM","9/2/2026 2:37:01 PM",
"1277","17.98235","9/2/2026 2:37:01 PM","9/2/2026 2:37:01 PM",
"1278","17.98305","9/2/2026 2:37:01 PM","9/2/2026 2:37:01 PM",
"1279","17.98305","9/2/2026 2:37:01 PM","9/2/2026 2:37:01 PM",
"1280","17.9824","9/2/2026 2:37:01 PM","9/2/2026 2:37:01 PM",
"1281","17.9824","9/2/2026 2:37:01 PM","9/2/2026 2:37:01 PM",
"1282","17.98283","9/2/2026 2:37:01 PM","9/2/2026 2:37:01 PM",
"1283","17.98283","9/2/2026 2:37:01 PM","9/2/2026 2:37:01 PM",
"1284","17.98283","9/2/2026 2:37:01 PM","9/2/2026 2:37:01 PM",
"1285","17.98134","9/2/2026 2:37:01 PM","9/2/2026 2:37:01 PM",
"1286","17.98134","9/2/2026 2:37:01 PM","9/2/2026 2:37:01 PM",
"1287","17.98181","9/2/2026 2:37:01 PM","9/2/2026 2:37:01 PM",
"1288","17.98181","9/2/2026 2:37:01 PM","9/2/2026 2:37:01 PM",
"1289","17.98115","9/2/2026 2:37:01 PM","9/2/2026 2:37:01 PM",
"1290","17.98115","9/2/2026 2:37:01 PM","9/2/2026 2:37:01 PM",
"1291","17.98134","9/2/2026 2:37:01 PM","9/2/2026 2:37:01 PM",
"1292","17.98134","9/2/2026 2:37:01 PM","9/2/2026 2:37:01 PM",
"1293","17.97999","9/2/2026 2:37:02 PM","9/2/2026 2:37:02 PM",
"1294","17.97999","9/2/2026 2:37:02 PM","9/2/2026 2:37:02 PM",
"1295","17.97948","9/2/2026 2:37:02 PM","9/2/2026 2:37:02 PM",
"1296","17.97948","9/2/2026 2:37:02 PM","9/2/2026 2:37:02 PM",
"1297","17.97981","9/2/2026 2:37:02 PM","9/2/2026 2:37:02 PM",
"1298","17.97981","9/2/2026 2:37:02 PM","9/2/2026 2:37:02 PM",
"1299","17.97937","9/2/2026 2:37:02 PM","9/2/2026 2:37:02 PM",
"1300","17.97937","9/2/2026 2:37:02 PM","9/2/2026 2:37:02 PM",
"1301","17.97915","9/2/2026 2:37:02 PM","9/2/2026 2:37:02 PM",
"1302","17.97915","9/2/2026 2:37:02 PM","9/2/2026 2:37:02 PM",
"1303","17.97852","9/2/2026 2:37:02 PM","9/2/2026 2:37:02 PM",
"1304","17.97852","9/2/2026 2:37:02 PM","9/2/2026 2:37:02 PM",
"1305","17.97821","9/2/2026 2:37:02 PM","9/2/2026 2:37:02 PM",
"1306","17.97821","9/2/2026 2:37:02 PM","9/2/2026 2:37:02 PM",
"1307","17.97873","9/2/2026 2:37:02 PM","9/2/2026 2:37:02 PM",
"1308","17.97873","9/2/2026 2:37:02 PM","9/2/2026 2:37:02 PM",
"1309","17.97773","9/2/2026 2:37:02 PM","9/2/2026 2:37:02 PM",
"1310","17.97773","9/2/2026 2:37:02 PM","9/2/2026 2:37:02 PM",
"1311","17.97854","9/2/2026 2:37:02 PM","9/2/2026 2:37:02 PM",
"1312","17.97854","9/2/2026 2:37:02 PM","9/2/2026 2:37:02 PM",
"1313","17.97735","9/2/2026 2:37:02 PM","9/2/2026 2:37:02 PM",
"1314","17.97735","9/2/2026 2:37:02 PM","9/2/2026 2:37:02 PM",
"1315","17.97679","9/2/2026 2:37:02 PM","9/2/2026 2:37:02 PM",
"1316","17.97679","9/2/2026 2:37:02 PM","9/2/2026 2:37:02 PM",
"1317","17.9768","9/2/2026 2:37:02 PM","9/2/2026 2:37:02 PM",
"1318","17.9768","9/2/2026 2:37:02 PM","9/2/2026 2:37:02 PM",
"1319","17.97683","9/2/2026 2:37:02 PM","9/2/2026 2:37:02 PM",
"1320","17.97683","9/2/2026 2:37:02 PM","9/2/2026 2:37:02 PM",
"1321","17.97684","9/2/2026 2:37:02 PM","9/2/2026 2:37:02 PM",
"1322","17.97684","9/2/2026 2:37:02 PM","9/2/2026 2:37:02 PM",
"1323","17.9764","9/2/2026 2:37:02 PM","9/2/2026 2:37:02 PM",
"1324","17.9764","9/2/2026 2:37:02 PM","9/2/2026 2:37:02 PM",
"1325","17.97619","9/2/2026 2:37:02 PM","9/2/2026 2:37:02 PM",
"1326","17.97619","9/2/2026 2:37:02 PM","9/2/2026 2:37:02 PM",
"1327","17.97565","9/2/2026 2:37:02 PM","9/2/2026 2:37:02 PM",
"1328","17.97565","9/2/2026 2:37:02 PM","9/2/2026 2:37:02 PM",
"1329","17.97564","9/2/2026 2:37:02 PM","9/2/2026 2:37:02 PM",
"1330","17.97564","9/2/2026 2:37:02 PM","9/2/2026 2:37:02 PM",
"1331","17.97616","9/2/2026 2:37:02 PM","9/2/2026 2:37:02 PM",
"1332","17.97616","9/2/2026 2:37:02 PM","9/2/2026 2:37:02 PM",
"1333","17.97495","9/2/2026 2:37:02 PM","9/2/2026 2:37:02 PM",
"1334","17.97495","9/2/2026 2:37:02 PM","9/2/2026 2:37:02 PM",
"1335","17.9748","9/2/2026 2:37:02 PM","9/2/2026 2:37:02 PM",
"1336","17.9748","9/2/2026 2:37:02 PM","9/2/2026 2:37:02 PM",
"1337","17.97463","9/2/2026 2:37:02 PM","9/2/2026 2:37:02 PM",
"1338","17.97463","9/2/2026 2:37:02 PM","9/2/2026 2:37:02 PM",
"1339","17.97418","9/2/2026 2:37:02 PM","9/2/2026 2:37:02 PM",
"1340","17.97418","9/2/2026 2:37:02 PM","9/2/2026 2:37:02 PM",
"1341","17.97418","9/2/2026 2:37:02 PM","9/2/2026 2:37:02 PM",
"1342","17.97418","9/2/2026 2:37:02 PM","9/2/2026 2:37:02 PM",
"1343","17.97424","9/2/2026 2:37:02 PM","9/2/2026 2:37:02 PM",
"1344","17.97424","9/2/2026 2:37:02 PM","9/2/2026 2:37:02 PM",
"1345","17.97369","9/2/2026 2:37:02 PM","9/2/2026 2:37:02 PM",
"1346","17.97369","9/2/2026 2:37:02 PM","9/2/2026 2:37:02 PM",
"1347","17.97378","9/2/2026 2:37:02 PM","9/2/2026 2:37:02 PM",
"1348","17.97378","9/2/2026 2:37:02 PM","9/2/2026 2:37:02 PM",
"1349","17.97366","9/2/2026 2:37:02 PM","9/2/2026 2:37:02 PM",
"1350","17.97366","9/2/2026 2:37:02 PM","9/2/2026 2:37:02 PM",
"1351","17.97441","9/2/2026 2:37:02 PM","9/2/2026 2:37:02 PM",
"1352","17.97441","9/2/2026 2:37:02 PM","9/2/2026 2:37:02 PM",
"1353","17.97482","9/2/2026 2:37:02 PM","9/2/2026 2:37:02 PM",
"1354","17.97482","9/2/2026 2:37:02 PM","9/2/2026 2:37:02 PM",
"1355","17.97603","9/2/2026 2:37:02 PM","9/2/2026 2:37:02 PM",
"1356","17.97603","9/2/2026 2:37:02 PM","9/2/2026 2:37:02 PM",
"1357","17.97629","9/2/2026 2:37:02 PM","9/2/2026 2:37:02 PM",
"1358","17.97629","9/2/2026 2:37:02 PM","9/2/2026 2:37:02 PM",
"1359","17.97642","9/2/2026 2:37:02 PM","9/2/2026 2:37:02 PM",
"1360","17.97642","9/2/2026 2:37:02 PM","9/2/2026 2:37:02 PM",
"1361","17.97584","9/2/2026 2:37:02 PM","9/2/2026 2:37:02 PM",
"1362","17.97584","9/2/2026 2:37:02 PM","9/2/2026 2:37:02 PM",
"1363","17.9763","9/2/2026 2:37:02 PM","9/2/2026 2:37:02 PM",
"1364","17.9763","9/2/2026 2:37:02 PM","9/2/2026 2:37:02 PM",
"1365","17.97715","9/2/2026 2:37:02 PM","9/2/2026 2:37:02 PM",
"1366","17.97715","9/2/2026 2:37:02 PM","9/2/2026 2:37:02 PM",
"1367","17.977","9/2/2026 2:37:02 PM","9/2/2026 2:37:02 PM",
"1368","17.977","9/2/2026 2:37:02 PM","9/2/2026 2:37:02 PM",
"1369","17.97672","9/2/2026 2:37:02 PM","9/2/2026 2:37:02 PM",
"1370","17.97672","9/2/2026 2:37:02 PM","9/2/2026 2:37:02 PM",
"1371","17.97669","9/2/2026 2:37:02 PM","9/2/2026 2:37:02 PM",
"1372","17.97669","9/2/2026 2:37:02 PM","9/2/2026 2:37:02 PM",
"1373","17.97645","9/2/2026 2:37:02 PM","9/2/2026 2:37:02 PM",
"1374","17.97645","9/2/2026 2:37:02 PM","9/2/2026 2:37:02 PM",
"1375","17.9776","9/2/2026 2:37:02 PM","9/2/2026 2:37:02 PM",
"1376","17.9776","9/2/2026 2:37:02 PM","9/2/2026 2:37:02 PM",
"1377","17.97687","9/2/2026 2:37:02 PM","9/2/2026 2:37:02 PM",
"1378","17.97687","9/2/2026 2:37:02 PM","9/2/2026 2:37:02 PM",
"1379","17.97706","9/2/2026 2:37:02 PM","9/2/2026 2:37:02 PM",
"1380","17.97706","9/2/2026 2:37:02 PM","9/2/2026 2:37:02 PM",
"1381","17.97592","9/2/2026 2:37:02 PM","9/2/2026 2:37:02 PM",
"1382","17.97592","9/2/2026 2:37:02 PM","9/2/2026 2:37:02 PM",
"1383","17.97577","9/2/2026 2:37:02 PM","9/2/2026 2:37:02 PM",
"1384","17.97577","9/2/2026 2:37:02 PM","9/2/2026 2:37:02 PM",
"1385","17.97653","9/2/2026 2:37:02 PM","9/2/2026 2:37:02 PM",
"1386","17.97653","9/2/2026 2:37:02 PM","9/2/2026 2:37:02 PM",
"1387","17.97589","9/2/2026 2:37:02 PM","9/2/2026 2:37:02 PM",
"1388","17.97589","9/2/2026 2:37:02 PM","9/2/2026 2:37:02 PM",
"1389","17.97724","9/2/2026 2:37:02 PM","9/2/2026 2:37:02 PM",
"1390","17.97724","9/2/2026 2:37:02 PM","9/2/2026 2:37:02 PM",
"1391","17.9763","9/2/2026 2:37:02 PM","9/2/2026 2:37:02 PM",
"1392","17.9763","9/2/2026 2:37:02 PM","9/2/2026 2:37:02 PM",
"1393","17.97818","9/2/2026 2:37:03 PM","9/2/2026 2:37:03 PM",
"1394","17.97818","9/2/2026 2:37:03 PM","9/2/2026 2:37:03 PM",
"1395","17.97694","9/2/2026 2:37:03 PM","9/2/2026 2:37:03 PM",
"1396","17.97694","9/2/2026 2:37:03 PM","9/2/2026 2:37:03 PM",
"1397","17.97701","9/2/2026 2:37:03 PM","9/2/2026 2:37:03 PM",
"1398","17.97701","9/2/2026 2:37:03 PM","9/2/2026 2:37:03 PM",
"1399","17.97759","9/2/2026 2:37:03 PM","9/2/2026 2:37:03 PM",
"1400","17.97759","9/2/2026 2:37:03 PM","9/2/2026 2:37:03 PM",
"1401","17.97787","9/2/2026 2:37:03 PM","9/2/2026 2:37:03 PM",
"1402","17.97787","9/2/2026 2:37:03 PM","9/2/2026 2:37:03 PM",
"1403","17.97724","9/2/2026 2:37:03 PM","9/2/2026 2:37:03 PM",
"1404","17.97724","9/2/2026 2:37:03 PM","9/2/2026 2:37:03 PM",
"1405","17.97829","9/2/2026 2:37:03 PM","9/2/2026 2:37:03 PM",
"1406","17.97829","9/2/2026 2:37:03 PM","9/2/2026 2:37:03 PM",
"1407","17.97815","9/2/2026 2:37:03 PM","9/2/2026 2:37:03 PM",
"1408","17.97815","9/2/2026 2:37:03 PM","9/2/2026 2:37:03 PM",
"1409","17.97754","9/2/2026 2:37:03 PM","9/2/2026 2:37:03 PM",
"1410","17.97754","9/2/2026 2:37:03 PM","9/2/2026 2:37:03 PM",
"1411","17.97769","9/2/2026 2:37:03 PM","9/2/2026 2:37:03 PM",
"1412","17.97769","9/2/2026 2:37:03 PM","9/2/2026 2:37:03 PM",
"1413","17.97777","9/2/2026 2:37:03 PM","9/2/2026 2:37:03 PM",
"1414","17.97777","9/2/2026 2:37:03 PM","9/2/2026 2:37:03 PM",
"1415","17.97728","9/2/2026 2:37:03 PM","9/2/2026 2:37:03 PM",
"1416","17.97728","9/2/2026 2:37:03 PM","9/2/2026 2:37:03 PM",
"1417","17.97714","9/2/2026 2:37:03 PM","9/2/2026 2:37:03 PM",
"1418","17.97714","9/2/2026 2:37:03 PM","9/2/2026 2:37:03 PM",
"1419","17.97857","9/2/2026 2:37:03 PM","9/2/2026 2:37:03 PM",
"1420","17.97857","9/2/2026 2:37:03 PM","9/2/2026 2:37:03 PM",
"1421","17.97704","9/2/2026 2:37:03 PM","9/2/2026 2:37:03 PM",
"1422","17.97704","9/2/2026 2:37:03 PM","9/2/2026 2:37:03 PM",
"1423","17.97737","9/2/2026 2:37:03 PM","9/2/2026 2:37:03 PM",
"1424","17.97737","9/2/2026 2:37:03 PM","9/2/2026 2:37:03 PM",
"1425","17.97811","9/2/2026 2:37:03 PM","9/2/2026 2:37:03 PM",
"1426","17.97811","9/2/2026 2:37:03 PM","9/2/2026 2:37:03 PM",
"1427","17.97852","9/2/2026 2:37:03 PM","9/2/2026 2:37:03 PM",
"1428","17.97852","9/2/2026 2:37:03 PM","9/2/2026 2:37:03 PM",
"1429","17.97797","9/2/2026 2:37:03 PM","9/2/2026 2:37:03 PM",
"1430","17.97797","9/2/2026 2:37:03 PM","9/2/2026 2:37:03 PM",
"1431","17.97829","9/2/2026 2:37:03 PM","9/2/2026 2:37:03 PM",
"1432","17.97829","9/2/2026 2:37:03 PM","9/2/2026 2:37:03 PM",
"1433","17.97748","9/2/2026 2:37:03 PM","9/2/2026 2:37:03 PM",
"1434","17.97748","9/2/2026 2:37:03 PM","9/2/2026 2:37:03 PM",
"1435","17.97762","9/2/2026 2:37:03 PM","9/2/2026 2:37:03 PM",
"1436","17.97762","9/2/2026 2:37:03 PM","9/2/2026 2:37:03 PM",
"1437","17.97779","9/2/2026 2:37:03 PM","9/2/2026 2:37:03 PM",
"1438","17.97779","9/2/2026 2:37:03 PM","9/2/2026 2:37:03 PM",
"1439","17.97771","9/2/2026 2:37:03 PM","9/2/2026 2:37:03 PM",
"1440","17.97771","9/2/2026 2:37:03 PM","9/2/2026 2:37:03 PM",
"1441","17.97761","9/2/2026 2:37:03 PM","9/2/2026 2:37:03 PM",
"1442","17.97761","9/2/2026 2:37:03 PM","9/2/2026 2:37:03 PM",
"1443","17.97798","9/2/2026 2:37:03 PM","9/2/2026 2:37:03 PM",
"1444","17.97798","9/2/2026 2:37:03 PM","9/2/2026 2:37:03 PM",
"1445","17.978","9/2/2026 2:37:03 PM","9/2/2026 2:37:03 PM",
"1446","17.978","9/2/2026 2:37:03 PM","9/2/2026 2:37:03 PM",
"1447","17.97735","9/2/2026 2:37:03 PM","9/2/2026 2:37:03 PM",
"1448","17.97735","9/2/2026 2:37:03 PM","9/2/2026 2:37:03 PM",
"1449","17.97804","9/2/2026 2:37:03 PM","9/2/2026 2:37:03 PM",
"1450","17.97804","9/2/2026 2:37:03 PM","9/2/2026 2:37:03 PM",
"1451","17.97822","9/2/2026 2:37:03 PM","9/2/2026 2:37:03 PM",
"1452","17.97822","9/2/2026 2:37:03 PM","9/2/2026 2:37:03 PM",
"1453","17.97789","9/2/2026 2:37:03 PM","9/2/2026 2:37:03 PM",
"1454","17.97789","9/2/2026 2:37:03 PM","9/2/2026 2:37:03 PM",
"1455","17.9779","9/2/2026 2:37:03 PM","9/2/2026 2:37:03 PM",
"1456","17.9779","9/2/2026 2:37:03 PM","9/2/2026 2:37:03 PM",
"1457","17.97886","9/2/2026 2:37:03 PM","9/2/2026 2:37:03 PM",
"1458","17.97886","9/2/2026 2:37:03 PM","9/2/2026 2:37:03 PM",
"1459","17.97777","9/2/2026 2:37:03 PM","9/2/2026 2:37:03 PM",
"1460","17.97777","9/2/2026 2:37:03 PM","9/2/2026 2:37:03 PM",
"1461","17.97775","9/2/2026 2:37:03 PM","9/2/2026 2:37:03 PM",
"1462","17.97775","9/2/2026 2:37:03 PM","9/2/2026 2:37:03 PM",
"1463","17.97717","9/2/2026 2:37:03 PM","9/2/2026 2:37:03 PM",
"1464","17.97717","9/2/2026 2:37:03 PM","9/2/2026 2:37:03 PM",
"1465","17.97832","9/2/2026 2:37:03 PM","9/2/2026 2:37:03 PM",
"1466","17.97832","9/2/2026 2:37:03 PM","9/2/2026 2:37:03 PM",
"1467","17.97846","9/2/2026 2:37:03 PM","9/2/2026 2:37:03 PM",
"1468","17.97846","9/2/2026 2:37:03 PM","9/2/2026 2:37:03 PM",
"1469","17.97833","9/2/2026 2:37:03 PM","9/2/2026 2:37:03 PM",
"1470","17.97833","9/2/2026 2:37:03 PM","9/2/2026 2:37:03 PM",
"1471","17.97812","9/2/2026 2:37:03 PM","9/2/2026 2:37:03 PM",
"1472","17.97812","9/2/2026 2:37:03 PM","9/2/2026 2:37:03 PM",
"1473","17.97785","9/2/2026 2:37:03 PM","9/2/2026 2:37:03 PM",
"1474","17.97785","9/2/2026 2:37:03 PM","9/2/2026 2:37:03 PM",
"1475","17.97895","9/2/2026 2:37:03 PM","9/2/2026 2:37:03 PM",
"1476","17.97895","9/2/2026 2:37:03 PM","9/2/2026 2:37:03 PM",
"1477","17.97903","9/2/2026 2:37:03 PM","9/2/2026 2:37:03 PM",
"1478","17.97903","9/2/2026 2:37:03 PM","9/2/2026 2:37:03 PM",
"1479","17.97881","9/2/2026 2:37:03 PM","9/2/2026 2:37:03 PM",
"1480","17.97881","9/2/2026 2:37:03 PM","9/2/2026 2:37:03 PM",
"1481","17.97863","9/2/2026 2:37:03 PM","9/2/2026 2:37:03 PM",
"1482","17.97863","9/2/2026 2:37:03 PM","9/2/2026 2:37:03 PM",
"1483","17.97863","9/2/2026 2:37:03 PM","9/2/2026 2:37:03 PM",
"1484","17.97872","9/2/2026 2:37:03 PM","9/2/2026 2:37:03 PM",
"1485","17.97872","9/2/2026 2:37:03 PM","9/2/2026 2:37:03 PM",
"1486","17.97871","9/2/2026 2:37:03 PM","9/2/2026 2:37:03 PM",
"1487","17.97871","9/2/2026 2:37:03 PM","9/2/2026 2:37:03 PM",
"1488","17.97894","9/2/2026 2:37:03 PM","9/2/2026 2:37:03 PM",
"1489","17.97894","9/2/2026 2:37:03 PM","9/2/2026 2:37:03 PM",
"1490","17.97809","9/2/2026 2:37:03 PM","9/2/2026 2:37:03 PM",
"1491","17.97809","9/2/2026 2:37:03 PM","9/2/2026 2:37:03 PM",
"1492","17.97882","9/2/2026 2:37:03 PM","9/2/2026 2:37:03 PM",
"1493","17.97882","9/2/2026 2:37:04 PM","9/2/2026 2:37:04 PM",
"1494","17.97885","9/2/2026 2:37:04 PM","9/2/2026 2:37:04 PM",
"1495","17.97885","9/2/2026 2:37:04 PM","9/2/2026 2:37:04 PM",
"1496","17.97915","9/2/2026 2:37:04 PM","9/2/2026 2:37:04 PM",
"1497","17.97915","9/2/2026 2:37:04 PM","9/2/2026 2:37:04 PM",
"1498","17.97873","9/2/2026 2:37:04 PM","9/2/2026 2:37:04 PM",
"1499","17.97873","9/2/2026 2:37:04 PM","9/2/2026 2:37:04 PM",
"1500","17.97909","9/2/2026 2:37:04 PM","9/2/2026 2:37:04 PM",
"1501","17.97909","9/2/2026 2:37:04 PM","9/2/2026 2:37:04 PM",
"1502","17.97941","9/2/2026 2:37:04 PM","9/2/2026 2:37:04 PM",
"1503","17.97941","9/2/2026 2:37:04 PM","9/2/2026 2:37:04 PM",
"1504","17.97922","9/2/2026 2:37:04 PM","9/2/2026 2:37:04 PM",
"1505","17.97922","9/2/2026 2:37:04 PM","9/2/2026 2:37:04 PM",
"1506","17.97916","9/2/2026 2:37:04 PM","9/2/2026 2:37:04 PM",
"1507","17.97916","9/2/2026 2:37:04 PM","9/2/2026 2:37:04 PM",
"1508","17.97897","9/2/2026 2:37:04 PM","9/2/2026 2:37:04 PM",
"1509","17.97897","9/2/2026 2:37:04 PM","9/2/2026 2:37:04 PM",
"1510","17.97886","9/2/2026 2:37:04 PM","9/2/2026 2:37:04 PM",
"1511","17.97886","9/2/2026 2:37:04 PM","9/2/2026 2:37:04 PM",
"1512","17.97881","9/2/2026 2:37:04 PM","9/2/2026 2:37:04 PM",
"1513","17.97881","9/2/2026 2:37:04 PM","9/2/2026 2:37:04 PM",
"1514","17.97894","9/2/2026 2:37:04 PM","9/2/2026 2:37:04 PM",
"1515","17.97894","9/2/2026 2:37:04 PM","9/2/2026 2:37:04 PM",
"1516","17.97888","9/2/2026 2:37:04 PM","9/2/2026 2:37:04 PM",
"1517","17.97888","9/2/2026 2:37:04 PM","9/2/2026 2:37:04 PM",
"1518","17.97915","9/2/2026 2:37:04 PM","9/2/2026 2:37:04 PM",
"1519","17.97915","9/2/2026 2:37:04 PM","9/2/2026 2:37:04 PM",
"1520","17.97898","9/2/2026 2:37:04 PM","9/2/2026 2:37:04 PM",
"1521","17.97898","9/2/2026 2:37:04 PM","9/2/2026 2:37:04 PM",
"1522","17.97872","9/2/2026 2:37:04 PM","9/2/2026 2:37:04 PM",
"1523","17.97872","9/2/2026 2:37:04 PM","9/2/2026 2:37:04 PM",
"1524","17.97894","9/2/2026 2:37:04 PM","9/2/2026 2:37:04 PM",
"1525","17.97894","9/2/2026 2:37:04 PM","9/2/2026 2:37:04 PM",
"1526","17.97895","9/2/2026 2:37:04 PM","9/2/2026 2:37:04 PM",
"1527","17.97895","9/2/2026 2:37:04 PM","9/2/2026 2:37:04 PM",
"1528","17.97811","9/2/2026 2:37:04 PM","9/2/2026 2:37:04 PM",
"1529","17.97811","9/2/2026 2:37:04 PM","9/2/2026 2:37:04 PM",
"1530","17.97871","9/2/2026 2:37:04 PM","9/2/2026 2:37:04 PM",
"1531","17.97871","9/2/2026 2:37:04 PM","9/2/2026 2:37:04 PM",
"1532","17.97824","9/2/2026 2:37:04 PM","9/2/2026 2:37:04 PM",
"1533","17.97824","9/2/2026 2:37:04 PM","9/2/2026 2:37:04 PM",
"1534","17.97913","9/2/2026 2:37:04 PM","9/2/2026 2:37:04 PM",
"1535","17.97913","9/2/2026 2:37:04 PM","9/2/2026 2:37:04 PM",
"1536","17.97883","9/2/2026 2:37:04 PM","9/2/2026 2:37:04 PM",
"1537","17.97883","9/2/2026 2:37:04 PM","9/2/2026 2:37:04 PM",
"1538","17.97904","9/2/2026 2:37:04 PM","9/2/2026 2:37:04 PM",
"1539","17.97904","9/2/2026 2:37:04 PM","9/2/2026 2:37:04 PM",
"1540","17.97886","9/2/2026 2:37:04 PM","9/2/2026 2:37:04 PM",
"1541","17.97886","9/2/2026 2:37:04 PM","9/2/2026 2:37:04 PM",
"1542","17.97863","9/2/2026 2:37:04 PM","9/2/2026 2:37:04 PM",
"1543","17.97863","9/2/2026 2:37:04 PM","9/2/2026 2:37:04 PM",
"1544","17.97821","9/2/2026 2:37:04 PM","9/2/2026 2:37:04 PM",
"1545","17.97821","9/2/2026 2:37:04 PM","9/2/2026 2:37:04 PM",
"1546","17.97893","9/2/2026 2:37:04 PM","9/2/2026 2:37:04 PM",
"1547","17.97893","9/2/2026 2:37:04 PM","9/2/2026 2:37:04 PM",
"1548","17.97912","9/2/2026 2:37:04 PM","9/2/2026 2:37:04 PM",
"1549","17.97912","9/2/2026 2:37:04 PM","9/2/2026 2:37:04 PM",
"1550","17.97861","9/2/2026 2:37:04 PM","9/2/2026 2:37:04 PM",
"1551","17.97861","9/2/2026 2:37:04 PM","9/2/2026 2:37:04 PM",
"1552","17.97788","9/2/2026 2:37:04 PM","9/2/2026 2:37:04 PM",
"1553","17.97788","9/2/2026 2:37:04 PM","9/2/2026 2:37:04 PM",
"1554","17.97913","9/2/2026 2:37:04 PM","9/2/2026 2:37:04 PM",
"1555","17.97913","9/2/2026 2:37:04 PM","9/2/2026 2:37:04 PM",
"1556","17.97879","9/2/2026 2:37:04 PM","9/2/2026 2:37:04 PM",
"1557","17.97879","9/2/2026 2:37:04 PM","9/2/2026 2:37:04 PM",
"1558","17.97969","9/2/2026 2:37:04 PM","9/2/2026 2:37:04 PM",
"1559","17.97969","9/2/2026 2:37:04 PM","9/2/2026 2:37:04 PM",
"1560","17.97924","9/2/2026 2:37:04 PM","9/2/2026 2:37:04 PM",
"1561","17.97924","9/2/2026 2:37:04 PM","9/2/2026 2:37:04 PM",
"1562","17.97869","9/2/2026 2:37:04 PM","9/2/2026 2:37:04 PM",
"1563","17.97869","9/2/2026 2:37:04 PM","9/2/2026 2:37:04 PM",
"1564","17.97816","9/2/2026 2:37:04 PM","9/2/2026 2:37:04 PM",
"1565","17.97816","9/2/2026 2:37:04 PM","9/2/2026 2:37:04 PM",
"1566","17.9785","9/2/2026 2:37:04 PM","9/2/2026 2:37:04 PM",
"1567","17.9785","9/2/2026 2:37:04 PM","9/2/2026 2:37:04 PM",
"1568","17.97947","9/2/2026 2:37:04 PM","9/2/2026 2:37:04 PM",
"1569","17.97947","9/2/2026 2:37:04 PM","9/2/2026 2:37:04 PM",
"1570","17.97877","9/2/2026 2:37:04 PM","9/2/2026 2:37:04 PM",
"1571","17.97877","9/2/2026 2:37:04 PM","9/2/2026 2:37:04 PM",
"1572","17.97946","9/2/2026 2:37:04 PM","9/2/2026 2:37:04 PM",
"1573","17.97946","9/2/2026 2:37:04 PM","9/2/2026 2:37:04 PM",
"1574","17.9799","9/2/2026 2:37:04 PM","9/2/2026 2:37:04 PM",
"1575","17.9799","9/2/2026 2:37:04 PM","9/2/2026 2:37:04 PM",
"1576","17.97994","9/2/2026 2:37:04 PM","9/2/2026 2:37:04 PM",
"1577","17.97994","9/2/2026 2:37:04 PM","9/2/2026 2:37:04 PM",
"1578","17.98034","9/2/2026 2:37:04 PM","9/2/2026 2:37:04 PM",
"1579","17.98034","9/2/2026 2:37:04 PM","9/2/2026 2:37:04 PM",
"1580","17.97946","9/2/2026 2:37:04 PM","9/2/2026 2:37:04 PM",
"1581","17.97946","9/2/2026 2:37:04 PM","9/2/2026 2:37:04 PM",
"1582","17.97931","9/2/2026 2:37:04 PM","9/2/2026 2:37:04 PM",
"1583","17.97931","9/2/2026 2:37:04 PM","9/2/2026 2:37:04 PM",
"1584","17.97946","9/2/2026 2:37:04 PM","9/2/2026 2:37:04 PM",
"1585","17.97946","9/2/2026 2:37:04 PM","9/2/2026 2:37:04 PM",
"1586","17.9791","9/2/2026 2:37:04 PM","9/2/2026 2:37:04 PM",
"1587","17.9791","9/2/2026 2:37:04 PM","9/2/2026 2:37:04 PM",
"1588","17.97871","9/2/2026 2:37:04 PM","9/2/2026 2:37:04 PM",
"1589","17.97871","9/2/2026 2:37:04 PM","9/2/2026 2:37:04 PM",
"1590","17.97944","9/2/2026 2:37:04 PM","9/2/2026 2:37:04 PM",
"1591","17.97944","9/2/2026 2:37:04 PM","9/2/2026 2:37:04 PM",
"1592","17.97953","9/2/2026 2:37:04 PM","9/2/2026 2:37:04 PM",
"1593","17.97953","9/2/2026 2:37:05 PM","9/2/2026 2:37:05 PM",
"1594","17.9792","9/2/2026 2:37:05 PM","9/2/2026 2:37:05 PM",
"1595","17.9792","9/2/2026 2:37:05 PM","9/2/2026 2:37:05 PM",
"1596","17.9795","9/2/2026 2:37:05 PM","9/2/2026 2:37:05 PM",
"1597","17.9795","9/2/2026 2:37:05 PM","9/2/2026 2:37:05 PM",
"1598","17.97923","9/2/2026 2:37:05 PM","9/2/2026 2:37:05 PM",
"1599","17.97923","9/2/2026 2:37:05 PM","9/2/2026 2:37:05 PM",
"1600","17.97922","9/2/2026 2:37:05 PM","9/2/2026 2:37:05 PM",
"1601","17.97922","9/2/2026 2:37:05 PM","9/2/2026 2:37:05 PM",
"1602","17.97975","9/2/2026 2:37:05 PM","9/2/2026 2:37:05 PM",
"1603","17.97975","9/2/2026 2:37:05 PM","9/2/2026 2:37:05 PM",
"1604","17.9794","9/2/2026 2:37:05 PM","9/2/2026 2:37:05 PM",
"1605","17.9794","9/2/2026 2:37:05 PM","9/2/2026 2:37:05 PM",
"1606","17.97894","9/2/2026 2:37:05 PM","9/2/2026 2:37:05 PM",
"1607","17.97894","9/2/2026 2:37:05 PM","9/2/2026 2:37:05 PM",
"1608","17.97951","9/2/2026 2:37:05 PM","9/2/2026 2:37:05 PM",
"1609","17.97951","9/2/2026 2:37:05 PM","9/2/2026 2:37:05 PM",
"1610","17.97988","9/2/2026 2:37:05 PM","9/2/2026 2:37:05 PM",
"1611","17.97988","9/2/2026 2:37:05 PM","9/2/2026 2:37:05 PM",
"1612","17.9798","9/2/2026 2:37:05 PM","9/2/2026 2:37:05 PM",
"1613","17.9798","9/2/2026 2:37:05 PM","9/2/2026 2:37:05 PM",
"1614","17.97917","9/2/2026 2:37:05 PM","9/2/2026 2:37:05 PM",
"1615","17.97917","9/2/2026 2:37:05 PM","9/2/2026 2:37:05 PM",
"1616","17.97947","9/2/2026 2:37:05 PM","9/2/2026 2:37:05 PM",
"1617","17.97947","9/2/2026 2:37:05 PM","9/2/2026 2:37:05 PM",
"1618","17.97932","9/2/2026 2:37:05 PM","9/2/2026 2:37:05 PM",
"1619","17.97932","9/2/2026 2:37:05 PM","9/2/2026 2:37:05 PM",
"1620","17.97995","9/2/2026 2:37:05 PM","9/2/2026 2:37:05 PM",
"1621","17.97995","9/2/2026 2:37:05 PM","9/2/2026 2:37:05 PM",
"1622","17.97933","9/2/2026 2:37:05 PM","9/2/2026 2:37:05 PM",
"1623","17.97933","9/2/2026 2:37:05 PM","9/2/2026 2:37:05 PM",
"1624","17.97926","9/2/2026 2:37:05 PM","9/2/2026 2:37:05 PM",
"1625","17.97926","9/2/2026 2:37:05 PM","9/2/2026 2:37:05 PM",
"1626","17.97877","9/2/2026 2:37:05 PM","9/2/2026 2:37:05 PM",
"1627","17.97877","9/2/2026 2:37:05 PM","9/2/2026 2:37:05 PM",
"1628","17.97927","9/2/2026 2:37:05 PM","9/2/2026 2:37:05 PM",
"1629","17.97927","9/2/2026 2:37:05 PM","9/2/2026 2:37:05 PM",
"1630","17.97953","9/2/2026 2:37:05 PM","9/2/2026 2:37:05 PM",
"1631","17.97953","9/2/2026 2:37:05 PM","9/2/2026 2:37:05 PM",
"1632","17.97901","9/2/2026 2:37:05 PM","9/2/2026 2:37:05 PM",
"1633","17.97901","9/2/2026 2:37:05 PM","9/2/2026 2:37:05 PM",
"1634","17.97859","9/2/2026 2:37:05 PM","9/2/2026 2:37:05 PM",
"1635","17.97859","9/2/2026 2:37:05 PM","9/2/2026 2:37:05 PM",
"1636","17.97995","9/2/2026 2:37:05 PM","9/2/2026 2:37:05 PM",
"1637","17.97995","9/2/2026 2:37:05 PM","9/2/2026 2:37:05 PM",
"1638","17.98012","9/2/2026 2:37:05 PM","9/2/2026 2:37:05 PM",
"1639","17.98012","9/2/2026 2:37:05 PM","9/2/2026 2:37:05 PM",
"1640","17.97838","9/2/2026 2:37:05 PM","9/2/2026 2:37:05 PM",
"1641","17.97838","9/2/2026 2:37:05 PM","9/2/2026 2:37:05 PM",
"1642","17.97903","9/2/2026 2:37:05 PM","9/2/2026 2:37:05 PM",
"1643","17.97903","9/2/2026 2:37:05 PM","9/2/2026 2:37:05 PM",
"1644","17.97975","9/2/2026 2:37:05 PM","9/2/2026 2:37:05 PM",
"1645","17.97975","9/2/2026 2:37:05 PM","9/2/2026 2:37:05 PM",
"1646","17.98025","9/2/2026 2:37:05 PM","9/2/2026 2:37:05 PM",
"1647","17.98025","9/2/2026 2:37:05 PM","9/2/2026 2:37:05 PM",
"1648","17.97923","9/2/2026 2:37:05 PM","9/2/2026 2:37:05 PM",
"1649","17.97923","9/2/2026 2:37:05 PM","9/2/2026 2:37:05 PM",
"1650","17.98016","9/2/2026 2:37:05 PM","9/2/2026 2:37:05 PM",
"1651","17.98016","9/2/2026 2:37:05 PM","9/2/2026 2:37:05 PM",
"1652","17.98002","9/2/2026 2:37:05 PM","9/2/2026 2:37:05 PM",
"1653","17.98002","9/2/2026 2:37:05 PM","9/2/2026 2:37:05 PM",
"1654","17.97985","9/2/2026 2:37:05 PM","9/2/2026 2:37:05 PM",
"1655","17.97985","9/2/2026 2:37:05 PM","9/2/2026 2:37:05 PM",
"1656","17.97993","9/2/2026 2:37:05 PM","9/2/2026 2:37:05 PM",
"1657","17.97993","9/2/2026 2:37:05 PM","9/2/2026 2:37:05 PM",
"1658","17.97985","9/2/2026 2:37:05 PM","9/2/2026 2:37:05 PM",
"1659","17.97985","9/2/2026 2:37:05 PM","9/2/2026 2:37:05 PM",
"1660","17.97892","9/2/2026 2:37:05 PM","9/2/2026 2:37:05 PM",
"1661","17.97892","9/2/2026 2:37:05 PM","9/2/2026 2:37:05 PM",
"1662","17.97931","9/2/2026 2:37:05 PM","9/2/2026 2:37:05 PM",
"1663","17.97931","9/2/2026 2:37:05 PM","9/2/2026 2:37:05 PM",
"1664","17.97859","9/2/2026 2:37:05 PM","9/2/2026 2:37:05 PM",
"1665","17.97859","9/2/2026 2:37:05 PM","9/2/2026 2:37:05 PM",
"1666","17.97982","9/2/2026 2:37:05 PM","9/2/2026 2:37:05 PM",
"1667","17.97982","9/2/2026 2:37:05 PM","9/2/2026 2:37:05 PM",
"1668","17.98042","9/2/2026 2:37:05 PM","9/2/2026 2:37:05 PM",
"1669","17.98042","9/2/2026 2:37:05 PM","9/2/2026 2:37:05 PM",
"1670","17.97877","9/2/2026 2:37:05 PM","9/2/2026 2:37:05 PM",
"1671","17.97877","9/2/2026 2:37:05 PM","9/2/2026 2:37:05 PM",
"1672","17.98039","9/2/2026 2:37:05 PM","9/2/2026 2:37:05 PM",
"1673","17.98039","9/2/2026 2:37:05 PM","9/2/2026 2:37:05 PM",
"1674","17.97951","9/2/2026 2:37:05 PM","9/2/2026 2:37:05 PM",
"1675","17.97951","9/2/2026 2:37:05 PM","9/2/2026 2:37:05 PM",
"1676","17.97987","9/2/2026 2:37:05 PM","9/2/2026 2:37:05 PM",
"1677","17.97987","9/2/2026 2:37:05 PM","9/2/2026 2:37:05 PM",
"1678","17.98012","9/2/2026 2:37:05 PM","9/2/2026 2:37:05 PM",
"1679","17.98012","9/2/2026 2:37:05 PM","9/2/2026 2:37:05 PM",
"1680","17.98031","9/2/2026 2:37:05 PM","9/2/2026 2:37:05 PM",
"1681","17.98031","9/2/2026 2:37:05 PM","9/2/2026 2:37:05 PM",
"1682","17.97969","9/2/2026 2:37:05 PM","9/2/2026 2:37:05 PM",
"1683","17.97969","9/2/2026 2:37:05 PM","9/2/2026 2:37:05 PM",
"1684","17.97969","9/2/2026 2:37:05 PM","9/2/2026 2:37:05 PM",
"1685","17.97883","9/2/2026 2:37:05 PM","9/2/2026 2:37:05 PM",
"1686","17.97883","9/2/2026 2:37:05 PM","9/2/2026 2:37:05 PM",
"1687","17.97999","9/2/2026 2:37:05 PM","9/2/2026 2:37:05 PM",
"1688","17.97999","9/2/2026 2:37:05 PM","9/2/2026 2:37:05 PM",
"1689","17.97988","9/2/2026 2:37:05 PM","9/2/2026 2:37:05 PM",
"1690","17.97988","9/2/2026 2:37:05 PM","9/2/2026 2:37:05 PM",
"1691","17.98006","9/2/2026 2:37:05 PM","9/2/2026 2:37:05 PM",
"1692","17.98006","9/2/2026 2:37:05 PM","9/2/2026 2:37:05 PM",
"1693","17.9789","9/2/2026 2:37:06 PM","9/2/2026 2:37:06 PM",
"1694","17.9789","9/2/2026 2:37:06 PM","9/2/2026 2:37:06 PM",
"1695","17.98055","9/2/2026 2:37:06 PM","9/2/2026 2:37:06 PM",
"1696","17.98055","9/2/2026 2:37:06 PM","9/2/2026 2:37:06 PM",
"1697","17.97991","9/2/2026 2:37:06 PM","9/2/2026 2:37:06 PM",
"1698","17.97991","9/2/2026 2:37:06 PM","9/2/2026 2:37:06 PM",
"1699","17.98013","9/2/2026 2:37:06 PM","9/2/2026 2:37:06 PM",
"1700","17.98013","9/2/2026 2:37:06 PM","9/2/2026 2:37:06 PM",
"1701","17.97964","9/2/2026 2:37:06 PM","9/2/2026 2:37:06 PM",
"1702","17.97964","9/2/2026 2:37:06 PM","9/2/2026 2:37:06 PM",
"1703","17.98047","9/2/2026 2:37:06 PM","9/2/2026 2:37:06 PM",
"1704","17.98047","9/2/2026 2:37:06 PM","9/2/2026 2:37:06 PM",
"1705","17.98026","9/2/2026 2:37:06 PM","9/2/2026 2:37:06 PM",
"1706","17.98026","9/2/2026 2:37:06 PM","9/2/2026 2:37:06 PM",
"1707","17.98007","9/2/2026 2:37:06 PM","9/2/2026 2:37:06 PM",
"1708","17.98007","9/2/2026 2:37:06 PM","9/2/2026 2:37:06 PM",
"1709","17.97884","9/2/2026 2:37:06 PM","9/2/2026 2:37:06 PM",
"1710","17.97884","9/2/2026 2:37:06 PM","9/2/2026 2:37:06 PM",
"1711","17.97901","9/2/2026 2:37:06 PM","9/2/2026 2:37:06 PM",
"1712","17.97901","9/2/2026 2:37:06 PM","9/2/2026 2:37:06 PM",
"1713","17.97868","9/2/2026 2:37:06 PM","9/2/2026 2:37:06 PM",
"1714","17.97868","9/2/2026 2:37:06 PM","9/2/2026 2:37:06 PM",
"1715","17.98016","9/2/2026 2:37:06 PM","9/2/2026 2:37:06 PM",
"1716","17.98016","9/2/2026 2:37:06 PM","9/2/2026 2:37:06 PM",
"1717","17.98024","9/2/2026 2:37:06 PM","9/2/2026 2:37:06 PM",
"1718","17.98024","9/2/2026 2:37:06 PM","9/2/2026 2:37:06 PM",
"1719","17.98009","9/2/2026 2:37:06 PM","9/2/2026 2:37:06 PM",
"1720","17.98009","9/2/2026 2:37:06 PM","9/2/2026 2:37:06 PM",
"1721","17.97965","9/2/2026 2:37:06 PM","9/2/2026 2:37:06 PM",
"1722","17.97965","9/2/2026 2:37:06 PM","9/2/2026 2:37:06 PM",
"1723","17.97982","9/2/2026 2:37:06 PM","9/2/2026 2:37:06 PM",
"1724","17.97982","9/2/2026 2:37:06 PM","9/2/2026 2:37:06 PM",
"1725","17.98003","9/2/2026 2:37:06 PM","9/2/2026 2:37:06 PM",
"1726","17.98003","9/2/2026 2:37:06 PM","9/2/2026 2:37:06 PM",
"1727","17.98005","9/2/2026 2:37:06 PM","9/2/2026 2:37:06 PM",
"1728","17.98005","9/2/2026 2:37:06 PM","9/2/2026 2:37:06 PM",
"1729","17.98063","9/2/2026 2:37:06 PM","9/2/2026 2:37:06 PM",
"1730","17.98063","9/2/2026 2:37:06 PM","9/2/2026 2:37:06 PM",
"1731","17.97977","9/2/2026 2:37:06 PM","9/2/2026 2:37:06 PM",
"1732","17.97977","9/2/2026 2:37:06 PM","9/2/2026 2:37:06 PM",
"1733","17.98002","9/2/2026 2:37:06 PM","9/2/2026 2:37:06 PM",
"1734","17.98002","9/2/2026 2:37:06 PM","9/2/2026 2:37:06 PM",
"1735","17.98006","9/2/2026 2:37:06 PM","9/2/2026 2:37:06 PM",
"1736","17.98006","9/2/2026 2:37:06 PM","9/2/2026 2:37:06 PM",
"1737","17.98019","9/2/2026 2:37:06 PM","9/2/2026 2:37:06 PM",
"1738","17.98019","9/2/2026 2:37:06 PM","9/2/2026 2:37:06 PM",
"1739","17.97971","9/2/2026 2:37:06 PM","9/2/2026 2:37:06 PM",
"1740","17.97971","9/2/2026 2:37:06 PM","9/2/2026 2:37:06 PM",
"1741","17.97966","9/2/2026 2:37:06 PM","9/2/2026 2:37:06 PM",
"1742","17.97966","9/2/2026 2:37:06 PM","9/2/2026 2:37:06 PM",
"1743","17.9792","9/2/2026 2:37:06 PM","9/2/2026 2:37:06 PM",
"1744","17.9792","9/2/2026 2:37:06 PM","9/2/2026 2:37:06 PM",
"1745","17.97987","9/2/2026 2:37:06 PM","9/2/2026 2:37:06 PM",
"1746","17.97987","9/2/2026 2:37:06 PM","9/2/2026 2:37:06 PM",
"1747","17.98006","9/2/2026 2:37:06 PM","9/2/2026 2:37:06 PM",
"1748","17.98006","9/2/2026 2:37:06 PM","9/2/2026 2:37:06 PM",
"1749","17.98016","9/2/2026 2:37:06 PM","9/2/2026 2:37:06 PM",
"1750","17.98016","9/2/2026 2:37:06 PM","9/2/2026 2:37:06 PM",
"1751","17.97999","9/2/2026 2:37:06 PM","9/2/2026 2:37:06 PM",
"1752","17.97999","9/2/2026 2:37:06 PM","9/2/2026 2:37:06 PM",
"1753","17.97924","9/2/2026 2:37:06 PM","9/2/2026 2:37:06 PM",
"1754","17.97924","9/2/2026 2:37:06 PM","9/2/2026 2:37:06 PM",
"1755","17.98059","9/2/2026 2:37:06 PM","9/2/2026 2:37:06 PM",
"1756","17.98059","9/2/2026 2:37:06 PM","9/2/2026 2:37:06 PM",
"1757","17.97997","9/2/2026 2:37:06 PM","9/2/2026 2:37:06 PM",
"1758","17.97997","9/2/2026 2:37:06 PM","9/2/2026 2:37:06 PM",
"1759","17.98076","9/2/2026 2:37:06 PM","9/2/2026 2:37:06 PM",
"1760","17.98076","9/2/2026 2:37:06 PM","9/2/2026 2:37:06 PM",
"1761","17.97944","9/2/2026 2:37:06 PM","9/2/2026 2:37:06 PM",
"1762","17.97944","9/2/2026 2:37:06 PM","9/2/2026 2:37:06 PM",
"1763","17.98008","9/2/2026 2:37:06 PM","9/2/2026 2:37:06 PM",
"1764","17.98008","9/2/2026 2:37:06 PM","9/2/2026 2:37:06 PM",
"1765","17.97931","9/2/2026 2:37:06 PM","9/2/2026 2:37:06 PM",
"1766","17.97931","9/2/2026 2:37:06 PM","9/2/2026 2:37:06 PM",
"1767","17.97918","9/2/2026 2:37:06 PM","9/2/2026 2:37:06 PM",
"1768","17.97918","9/2/2026 2:37:06 PM","9/2/2026 2:37:06 PM",
"1769","17.98067","9/2/2026 2:37:06 PM","9/2/2026 2:37:06 PM",
"1770","17.98067","9/2/2026 2:37:06 PM","9/2/2026 2:37:06 PM",
"1771","17.98019","9/2/2026 2:37:06 PM","9/2/2026 2:37:06 PM",
"1772","17.98019","9/2/2026 2:37:06 PM","9/2/2026 2:37:06 PM",
"1773","17.9808","9/2/2026 2:37:06 PM","9/2/2026 2:37:06 PM",
"1774","17.9808","9/2/2026 2:37:06 PM","9/2/2026 2:37:06 PM",
"1775","17.97972","9/2/2026 2:37:06 PM","9/2/2026 2:37:06 PM",
"1776","17.97972","9/2/2026 2:37:06 PM","9/2/2026 2:37:06 PM",
"1777","17.98042","9/2/2026 2:37:06 PM","9/2/2026 2:37:06 PM",
"1778","17.98042","9/2/2026 2:37:06 PM","9/2/2026 2:37:06 PM",
"1779","17.98069","9/2/2026 2:37:06 PM","9/2/2026 2:37:06 PM",
"1780","17.98069","9/2/2026 2:37:06 PM","9/2/2026 2:37:06 PM",
"1781","17.98056","9/2/2026 2:37:06 PM","9/2/2026 2:37:06 PM",
"1782","17.98056","9/2/2026 2:37:06 PM","9/2/2026 2:37:06 PM",
"1783","17.98046","9/2/2026 2:37:06 PM","9/2/2026 2:37:06 PM",
"1784","17.98046","9/2/2026 2:37:06 PM","9/2/2026 2:37:06 PM",
"1785","17.97983","9/2/2026 2:37:06 PM","9/2/2026 2:37:06 PM",
"1786","17.97983","9/2/2026 2:37:06 PM","9/2/2026 2:37:06 PM",
"1787","17.98016","9/2/2026 2:37:06 PM","9/2/2026 2:37:06 PM",
"1788","17.98016","9/2/2026 2:37:06 PM","9/2/2026 2:37:06 PM",
"1789","17.98016","9/2/2026 2:37:06 PM","9/2/2026 2:37:06 PM",
"1790","17.98016","9/2/2026 2:37:06 PM","9/2/2026 2:37:06 PM",
"1791","17.9801","9/2/2026 2:37:06 PM","9/2/2026 2:37:06 PM",
"1792","17.9801","9/2/2026 2:37:06 PM","9/2/2026 2:37:06 PM",
"1793","17.98012","9/2/2026 2:37:07 PM","9/2/2026 2:37:07 PM",
"1794","17.98012","9/2/2026 2:37:07 PM","9/2/2026 2:37:07 PM",
"1795","17.98038","9/2/2026 2:37:07 PM","9/2/2026 2:37:07 PM",
"1796","17.98038","9/2/2026 2:37:07 PM","9/2/2026 2:37:07 PM",
"1797","17.97964","9/2/2026 2:37:07 PM","9/2/2026 2:37:07 PM",

