"Live Graph Properties",
"Device","Status","Serial Number",
"1","Enabled","354044",
"2","Disabled","",
"3","Disabled","",
"4","Disabled","",
"5","Disabled","",
"6","Disabled","",
"7","Disabled","",
"8","Disabled","",
"9","Disabled","",
"10","Disabled","",
"11","Disabled","",
"12","Disabled","",
"13","Disabled","",
"14","Disabled","",
"15","Disabled","",
"16","Disabled","",
"Sum","Disabled","",
"Math","Disabled","",

"Device 1",
"Live Graph Table",
"Sample Number","Tracking Value","Date","Time",
"0","18.17776","9/2/2026 2:39:50 PM","9/2/2026 2:39:50 PM",
"1","18.17973","9/2/2026 2:39:50 PM","9/2/2026 2:39:50 PM",
"2","18.17973","9/2/2026 2:39:50 PM","9/2/2026 2:39:50 PM",
"3","18.17791","9/2/2026 2:39:50 PM","9/2/2026 2:39:50 PM",
"4","18.17791","9/2/2026 2:39:50 PM","9/2/2026 2:39:50 PM",
"5","18.17436","9/2/2026 2:39:50 PM","9/2/2026 2:39:50 PM",
"6","18.17436","9/2/2026 2:39:50 PM","9/2/2026 2:39:50 PM",
"7","18.17969","9/2/2026 2:39:50 PM","9/2/2026 2:39:50 PM",
"8","18.17969","9/2/2026 2:39:50 PM","9/2/2026 2:39:50 PM",
"9","18.17961","9/2/2026 2:39:50 PM","9/2/2026 2:39:50 PM",
"10","18.17961","9/2/2026 2:39:50 PM","9/2/2026 2:39:50 PM",
"11","18.17553","9/2/2026 2:39:50 PM","9/2/2026 2:39:50 PM",
"12","18.17553","9/2/2026 2:39:50 PM","9/2/2026 2:39:50 PM",
"13","18.18092","9/2/2026 2:39:50 PM","9/2/2026 2:39:50 PM",
"14","18.18092","9/2/2026 2:39:50 PM","9/2/2026 2:39:50 PM",
"15","18.17866","9/2/2026 2:39:50 PM","9/2/2026 2:39:50 PM",
"16","18.17866","9/2/2026 2:39:50 PM","9/2/2026 2:39:50 PM",
"17","18.17775","9/2/2026 2:39:50 PM","9/2/2026 2:39:50 PM",
"18","18.17775","9/2/2026 2:39:50 PM","9/2/2026 2:39:50 PM",
"19","18.17691","9/2/2026 2:39:51 PM","9/2/2026 2:39:51 PM",
"20","18.17691","9/2/2026 2:39:51 PM","9/2/2026 2:39:51 PM",
"21","18.18114","9/2/2026 2:39:51 PM","9/2/2026 2:39:51 PM",
"22","18.18114","9/2/2026 2:39:51 PM","9/2/2026 2:39:51 PM",
"23","18.17671","9/2/2026 2:39:51 PM","9/2/2026 2:39:51 PM",
"24","18.17671","9/2/2026 2:39:51 PM","9/2/2026 2:39:51 PM",
"25","18.17948","9/2/2026 2:39:51 PM","9/2/2026 2:39:51 PM",
"26","18.17948","9/2/2026 2:39:51 PM","9/2/2026 2:39:51 PM",
"27","18.17988","9/2/2026 2:39:51 PM","9/2/2026 2:39:51 PM",
"28","18.17988","9/2/2026 2:39:51 PM","9/2/2026 2:39:51 PM",
"29","18.17721","9/2/2026 2:39:51 PM","9/2/2026 2:39:51 PM",
"30","18.17721","9/2/2026 2:39:51 PM","9/2/2026 2:39:51 PM",
"31","18.17696","9/2/2026 2:39:51 PM","9/2/2026 2:39:51 PM",
"32","18.17696","9/2/2026 2:39:51 PM","9/2/2026 2:39:51 PM",
"33","18.17956","9/2/2026 2:39:51 PM","9/2/2026 2:39:51 PM",
"34","18.17956","9/2/2026 2:39:51 PM","9/2/2026 2:39:51 PM",
"35","18.17814","9/2/2026 2:39:51 PM","9/2/2026 2:39:51 PM",
"36","18.17814","9/2/2026 2:39:51 PM","9/2/2026 2:39:51 PM",
"37","18.17862","9/2/2026 2:39:51 PM","9/2/2026 2:39:51 PM",
"38","18.17862","9/2/2026 2:39:51 PM","9/2/2026 2:39:51 PM",
"39","18.17986","9/2/2026 2:39:51 PM","9/2/2026 2:39:51 PM",
"40","18.17986","9/2/2026 2:39:51 PM","9/2/2026 2:39:51 PM",
"41","18.17769","9/2/2026 2:39:51 PM","9/2/2026 2:39:51 PM",
"42","18.17769","9/2/2026 2:39:51 PM","9/2/2026 2:39:51 PM",
"43","18.17673","9/2/2026 2:39:51 PM","9/2/2026 2:39:51 PM",
"44","18.17673","9/2/2026 2:39:51 PM","9/2/2026 2:39:51 PM",
"45","18.17946","9/2/2026 2:39:51 PM","9/2/2026 2:39:51 PM",
"46","18.17946","9/2/2026 2:39:51 PM","9/2/2026 2:39:51 PM",
"47","18.17776","9/2/2026 2:39:51 PM","9/2/2026 2:39:51 PM",
"48","18.17776","9/2/2026 2:39:51 PM","9/2/2026 2:39:51 PM",
"49","18.17701","9/2/2026 2:39:51 PM","9/2/2026 2:39:51 PM",
"50","18.17701","9/2/2026 2:39:51 PM","9/2/2026 2:39:51 PM",
"51","18.1787","9/2/2026 2:39:51 PM","9/2/2026 2:39:51 PM",
"52","18.1787","9/2/2026 2:39:51 PM","9/2/2026 2:39:51 PM",
"53","18.1793","9/2/2026 2:39:51 PM","9/2/2026 2:39:51 PM",
"54","18.1793","9/2/2026 2:39:51 PM","9/2/2026 2:39:51 PM",
"55","18.17615","9/2/2026 2:39:51 PM","9/2/2026 2:39:51 PM",
"56","18.17615","9/2/2026 2:39:51 PM","9/2/2026 2:39:51 PM",
"57","18.17765","9/2/2026 2:39:51 PM","9/2/2026 2:39:51 PM",
"58","18.17765","9/2/2026 2:39:51 PM","9/2/2026 2:39:51 PM",
"59","18.17868","9/2/2026 2:39:51 PM","9/2/2026 2:39:51 PM",
"60","18.17868","9/2/2026 2:39:51 PM","9/2/2026 2:39:51 PM",
"61","18.17838","9/2/2026 2:39:51 PM","9/2/2026 2:39:51 PM",
"62","18.17838","9/2/2026 2:39:51 PM","9/2/2026 2:39:51 PM",
"63","18.1785","9/2/2026 2:39:51 PM","9/2/2026 2:39:51 PM",
"64","18.1785","9/2/2026 2:39:51 PM","9/2/2026 2:39:51 PM",
"65","18.17951","9/2/2026 2:39:51 PM","9/2/2026 2:39:51 PM",
"66","18.17951","9/2/2026 2:39:51 PM","9/2/2026 2:39:51 PM",
"67","18.17668","9/2/2026 2:39:51 PM","9/2/2026 2:39:51 PM",
"68","18.17668","9/2/2026 2:39:51 PM","9/2/2026 2:39:51 PM",
"69","18.17821","9/2/2026 2:39:51 PM","9/2/2026 2:39:51 PM",
"70","18.17821","9/2/2026 2:39:51 PM","9/2/2026 2:39:51 PM",
"71","18.17853","9/2/2026 2:39:51 PM","9/2/2026 2:39:51 PM",
"72","18.17853","9/2/2026 2:39:51 PM","9/2/2026 2:39:51 PM",
"73","18.17752","9/2/2026 2:39:51 PM","9/2/2026 2:39:51 PM",
"74","18.17752","9/2/2026 2:39:51 PM","9/2/2026 2:39:51 PM",
"75","18.17793","9/2/2026 2:39:51 PM","9/2/2026 2:39:51 PM",
"76","18.17793","9/2/2026 2:39:51 PM","9/2/2026 2:39:51 PM",
"77","18.17957","9/2/2026 2:39:51 PM","9/2/2026 2:39:51 PM",
"78","18.17957","9/2/2026 2:39:51 PM","9/2/2026 2:39:51 PM",
"79","18.1779","9/2/2026 2:39:51 PM","9/2/2026 2:39:51 PM",
"80","18.1779","9/2/2026 2:39:51 PM","9/2/2026 2:39:51 PM",
"81","18.17723","9/2/2026 2:39:51 PM","9/2/2026 2:39:51 PM",
"82","18.17723","9/2/2026 2:39:51 PM","9/2/2026 2:39:51 PM",
"83","18.17936","9/2/2026 2:39:51 PM","9/2/2026 2:39:51 PM",
"84","18.17936","9/2/2026 2:39:51 PM","9/2/2026 2:39:51 PM",
"85","18.17814","9/2/2026 2:39:51 PM","9/2/2026 2:39:51 PM",
"86","18.17814","9/2/2026 2:39:51 PM","9/2/2026 2:39:51 PM",
"87","18.17691","9/2/2026 2:39:51 PM","9/2/2026 2:39:51 PM",
"88","18.17691","9/2/2026 2:39:51 PM","9/2/2026 2:39:51 PM",
"89","18.17823","9/2/2026 2:39:51 PM","9/2/2026 2:39:51 PM",
"90","18.17823","9/2/2026 2:39:51 PM","9/2/2026 2:39:51 PM",
"91","18.17915","9/2/2026 2:39:51 PM","9/2/2026 2:39:51 PM",
"92","18.17915","9/2/2026 2:39:51 PM","9/2/2026 2:39:51 PM",
"93","18.17739","9/2/2026 2:39:51 PM","9/2/2026 2:39:51 PM",
"94","18.17739","9/2/2026 2:39:51 PM","9/2/2026 2:39:51 PM",
"95","18.17859","9/2/2026 2:39:51 PM","9/2/2026 2:39:51 PM",
"96","18.17859","9/2/2026 2:39:51 PM","9/2/2026 2:39:51 PM",
"97","18.17792","9/2/2026 2:39:51 PM","9/2/2026 2:39:51 PM",
"98","18.17792","9/2/2026 2:39:51 PM","9/2/2026 2:39:51 PM",
"99","18.17964","9/2/2026 2:39:51 PM","9/2/2026 2:39:51 PM",
"100","18.17964","9/2/2026 2:39:51 PM","9/2/2026 2:39:51 PM",
"101","18.17798","9/2/2026 2:39:51 PM","9/2/2026 2:39:51 PM",
"102","18.17798","9/2/2026 2:39:51 PM","9/2/2026 2:39:51 PM",
"103","18.17792","9/2/2026 2:39:51 PM","9/2/2026 2:39:51 PM",
"104","18.17792","9/2/2026 2:39:51 PM","9/2/2026 2:39:51 PM",
"105","18.17765","9/2/2026 2:39:51 PM","9/2/2026 2:39:51 PM",
"106","18.17765","9/2/2026 2:39:51 PM","9/2/2026 2:39:51 PM",
"107","18.17807","9/2/2026 2:39:51 PM","9/2/2026 2:39:51 PM",
"108","18.17807","9/2/2026 2:39:51 PM","9/2/2026 2:39:51 PM",
"109","18.17834","9/2/2026 2:39:51 PM","9/2/2026 2:39:51 PM",
"110","18.17834","9/2/2026 2:39:51 PM","9/2/2026 2:39:51 PM",
"111","18.17688","9/2/2026 2:39:51 PM","9/2/2026 2:39:51 PM",
"112","18.17688","9/2/2026 2:39:51 PM","9/2/2026 2:39:51 PM",
"113","18.17939","9/2/2026 2:39:51 PM","9/2/2026 2:39:51 PM",
"114","18.17939","9/2/2026 2:39:51 PM","9/2/2026 2:39:51 PM",
"115","18.17782","9/2/2026 2:39:51 PM","9/2/2026 2:39:51 PM",
"116","18.17782","9/2/2026 2:39:51 PM","9/2/2026 2:39:51 PM",
"117","18.17837","9/2/2026 2:39:51 PM","9/2/2026 2:39:51 PM",
"118","18.17837","9/2/2026 2:39:51 PM","9/2/2026 2:39:51 PM",
"119","18.17827","9/2/2026 2:39:52 PM","9/2/2026 2:39:52 PM",
"120","18.17827","9/2/2026 2:39:52 PM","9/2/2026 2:39:52 PM",
"121","18.17914","9/2/2026 2:39:52 PM","9/2/2026 2:39:52 PM",
"122","18.17914","9/2/2026 2:39:52 PM","9/2/2026 2:39:52 PM",
"123","18.17664","9/2/2026 2:39:52 PM","9/2/2026 2:39:52 PM",
"124","18.17664","9/2/2026 2:39:52 PM","9/2/2026 2:39:52 PM",
"125","18.17747","9/2/2026 2:39:52 PM","9/2/2026 2:39:52 PM",
"126","18.17747","9/2/2026 2:39:52 PM","9/2/2026 2:39:52 PM",
"127","18.1774","9/2/2026 2:39:52 PM","9/2/2026 2:39:52 PM",
"128","18.1774","9/2/2026 2:39:52 PM","9/2/2026 2:39:52 PM",
"129","18.17626","9/2/2026 2:39:52 PM","9/2/2026 2:39:52 PM",
"130","18.17626","9/2/2026 2:39:52 PM","9/2/2026 2:39:52 PM",
"131","18.17498","9/2/2026 2:39:52 PM","9/2/2026 2:39:52 PM",
"132","18.17498","9/2/2026 2:39:52 PM","9/2/2026 2:39:52 PM",
"133","18.17643","9/2/2026 2:39:52 PM","9/2/2026 2:39:52 PM",
"134","18.17643","9/2/2026 2:39:52 PM","9/2/2026 2:39:52 PM",
"135","18.17684","9/2/2026 2:39:52 PM","9/2/2026 2:39:52 PM",
"136","18.17684","9/2/2026 2:39:52 PM","9/2/2026 2:39:52 PM",
"137","18.17665","9/2/2026 2:39:52 PM","9/2/2026 2:39:52 PM",
"138","18.17665","9/2/2026 2:39:52 PM","9/2/2026 2:39:52 PM",
"139","18.17742","9/2/2026 2:39:52 PM","9/2/2026 2:39:52 PM",
"140","18.17742","9/2/2026 2:39:52 PM","9/2/2026 2:39:52 PM",
"141","18.17675","9/2/2026 2:39:52 PM","9/2/2026 2:39:52 PM",
"142","18.17675","9/2/2026 2:39:52 PM","9/2/2026 2:39:52 PM",
"143","18.17598","9/2/2026 2:39:52 PM","9/2/2026 2:39:52 PM",
"144","18.17598","9/2/2026 2:39:52 PM","9/2/2026 2:39:52 PM",
"145","18.17636","9/2/2026 2:39:52 PM","9/2/2026 2:39:52 PM",
"146","18.17636","9/2/2026 2:39:52 PM","9/2/2026 2:39:52 PM",
"147","18.17459","9/2/2026 2:39:52 PM","9/2/2026 2:39:52 PM",
"148","18.17459","9/2/2026 2:39:52 PM","9/2/2026 2:39:52 PM",
"149","18.17405","9/2/2026 2:39:52 PM","9/2/2026 2:39:52 PM",
"150","18.17405","9/2/2026 2:39:52 PM","9/2/2026 2:39:52 PM",
"151","18.17518","9/2/2026 2:39:52 PM","9/2/2026 2:39:52 PM",
"152","18.17518","9/2/2026 2:39:52 PM","9/2/2026 2:39:52 PM",
"153","18.17365","9/2/2026 2:39:52 PM","9/2/2026 2:39:52 PM",
"154","18.17365","9/2/2026 2:39:52 PM","9/2/2026 2:39:52 PM",
"155","18.17341","9/2/2026 2:39:52 PM","9/2/2026 2:39:52 PM",
"156","18.17341","9/2/2026 2:39:52 PM","9/2/2026 2:39:52 PM",
"157","18.1739","9/2/2026 2:39:52 PM","9/2/2026 2:39:52 PM",
"158","18.1739","9/2/2026 2:39:52 PM","9/2/2026 2:39:52 PM",
"159","18.17428","9/2/2026 2:39:52 PM","9/2/2026 2:39:52 PM",
"160","18.17428","9/2/2026 2:39:52 PM","9/2/2026 2:39:52 PM",
"161","18.17326","9/2/2026 2:39:52 PM","9/2/2026 2:39:52 PM",
"162","18.17326","9/2/2026 2:39:52 PM","9/2/2026 2:39:52 PM",
"163","18.17282","9/2/2026 2:39:52 PM","9/2/2026 2:39:52 PM",
"164","18.17282","9/2/2026 2:39:52 PM","9/2/2026 2:39:52 PM",
"165","18.17226","9/2/2026 2:39:52 PM","9/2/2026 2:39:52 PM",
"166","18.17226","9/2/2026 2:39:52 PM","9/2/2026 2:39:52 PM",
"167","18.17048","9/2/2026 2:39:52 PM","9/2/2026 2:39:52 PM",
"168","18.17048","9/2/2026 2:39:52 PM","9/2/2026 2:39:52 PM",
"169","18.17044","9/2/2026 2:39:52 PM","9/2/2026 2:39:52 PM",
"170","18.17044","9/2/2026 2:39:52 PM","9/2/2026 2:39:52 PM",
"171","18.17054","9/2/2026 2:39:52 PM","9/2/2026 2:39:52 PM",
"172","18.17054","9/2/2026 2:39:52 PM","9/2/2026 2:39:52 PM",
"173","18.16995","9/2/2026 2:39:52 PM","9/2/2026 2:39:52 PM",
"174","18.16995","9/2/2026 2:39:52 PM","9/2/2026 2:39:52 PM",
"175","18.16912","9/2/2026 2:39:52 PM","9/2/2026 2:39:52 PM",
"176","18.16912","9/2/2026 2:39:52 PM","9/2/2026 2:39:52 PM",
"177","18.16838","9/2/2026 2:39:52 PM","9/2/2026 2:39:52 PM",
"178","18.16838","9/2/2026 2:39:52 PM","9/2/2026 2:39:52 PM",
"179","18.16908","9/2/2026 2:39:52 PM","9/2/2026 2:39:52 PM",
"180","18.16908","9/2/2026 2:39:52 PM","9/2/2026 2:39:52 PM",
"181","18.16792","9/2/2026 2:39:52 PM","9/2/2026 2:39:52 PM",
"182","18.16792","9/2/2026 2:39:52 PM","9/2/2026 2:39:52 PM",
"183","18.16722","9/2/2026 2:39:52 PM","9/2/2026 2:39:52 PM",
"184","18.16722","9/2/2026 2:39:52 PM","9/2/2026 2:39:52 PM",
"185","18.1679","9/2/2026 2:39:52 PM","9/2/2026 2:39:52 PM",
"186","18.1679","9/2/2026 2:39:52 PM","9/2/2026 2:39:52 PM",
"187","18.1671","9/2/2026 2:39:52 PM","9/2/2026 2:39:52 PM",
"188","18.1671","9/2/2026 2:39:52 PM","9/2/2026 2:39:52 PM",
"189","18.16549","9/2/2026 2:39:52 PM","9/2/2026 2:39:52 PM",
"190","18.16549","9/2/2026 2:39:52 PM","9/2/2026 2:39:52 PM",
"191","18.16462","9/2/2026 2:39:52 PM","9/2/2026 2:39:52 PM",
"192","18.16462","9/2/2026 2:39:52 PM","9/2/2026 2:39:52 PM",
"193","18.16534","9/2/2026 2:39:52 PM","9/2/2026 2:39:52 PM",
"194","18.16534","9/2/2026 2:39:52 PM","9/2/2026 2:39:52 PM",
"195","18.16431","9/2/2026 2:39:52 PM","9/2/2026 2:39:52 PM",
"196","18.16431","9/2/2026 2:39:52 PM","9/2/2026 2:39:52 PM",
"197","18.16411","9/2/2026 2:39:52 PM","9/2/2026 2:39:52 PM",
"198","18.16411","9/2/2026 2:39:52 PM","9/2/2026 2:39:52 PM",
"199","18.1626","9/2/2026 2:39:52 PM","9/2/2026 2:39:52 PM",
"200","18.1626","9/2/2026 2:39:52 PM","9/2/2026 2:39:52 PM",
"201","18.16288","9/2/2026 2:39:52 PM","9/2/2026 2:39:52 PM",
"202","18.16288","9/2/2026 2:39:52 PM","9/2/2026 2:39:52 PM",
"203","18.16045","9/2/2026 2:39:52 PM","9/2/2026 2:39:52 PM",
"204","18.16045","9/2/2026 2:39:52 PM","9/2/2026 2:39:52 PM",
"205","18.16132","9/2/2026 2:39:52 PM","9/2/2026 2:39:52 PM",
"206","18.16132","9/2/2026 2:39:52 PM","9/2/2026 2:39:52 PM",
"207","18.16179","9/2/2026 2:39:52 PM","9/2/2026 2:39:52 PM",
"208","18.16179","9/2/2026 2:39:52 PM","9/2/2026 2:39:52 PM",
"209","18.16134","9/2/2026 2:39:52 PM","9/2/2026 2:39:52 PM",
"210","18.16134","9/2/2026 2:39:52 PM","9/2/2026 2:39:52 PM",
"211","18.16026","9/2/2026 2:39:52 PM","9/2/2026 2:39:52 PM",
"212","18.16026","9/2/2026 2:39:52 PM","9/2/2026 2:39:52 PM",
"213","18.15949","9/2/2026 2:39:52 PM","9/2/2026 2:39:52 PM",
"214","18.15949","9/2/2026 2:39:52 PM","9/2/2026 2:39:52 PM",
"215","18.15925","9/2/2026 2:39:52 PM","9/2/2026 2:39:52 PM",
"216","18.15925","9/2/2026 2:39:52 PM","9/2/2026 2:39:52 PM",
"217","18.15928","9/2/2026 2:39:52 PM","9/2/2026 2:39:52 PM",
"218","18.15928","9/2/2026 2:39:52 PM","9/2/2026 2:39:52 PM",
"219","18.15853","9/2/2026 2:39:53 PM","9/2/2026 2:39:53 PM",
"220","18.15853","9/2/2026 2:39:53 PM","9/2/2026 2:39:53 PM",
"221","18.15694","9/2/2026 2:39:53 PM","9/2/2026 2:39:53 PM",
"222","18.15694","9/2/2026 2:39:53 PM","9/2/2026 2:39:53 PM",
"223","18.1574","9/2/2026 2:39:53 PM","9/2/2026 2:39:53 PM",
"224","18.1574","9/2/2026 2:39:53 PM","9/2/2026 2:39:53 PM",
"225","18.15738","9/2/2026 2:39:53 PM","9/2/2026 2:39:53 PM",
"226","18.15738","9/2/2026 2:39:53 PM","9/2/2026 2:39:53 PM",
"227","18.15639","9/2/2026 2:39:53 PM","9/2/2026 2:39:53 PM",
"228","18.15639","9/2/2026 2:39:53 PM","9/2/2026 2:39:53 PM",
"229","18.15644","9/2/2026 2:39:53 PM","9/2/2026 2:39:53 PM",
"230","18.15644","9/2/2026 2:39:53 PM","9/2/2026 2:39:53 PM",
"231","18.15508","9/2/2026 2:39:53 PM","9/2/2026 2:39:53 PM",
"232","18.15508","9/2/2026 2:39:53 PM","9/2/2026 2:39:53 PM",
"233","18.15492","9/2/2026 2:39:53 PM","9/2/2026 2:39:53 PM",
"234","18.15492","9/2/2026 2:39:53 PM","9/2/2026 2:39:53 PM",
"235","18.15473","9/2/2026 2:39:53 PM","9/2/2026 2:39:53 PM",
"236","18.15473","9/2/2026 2:39:53 PM","9/2/2026 2:39:53 PM",
"237","18.15524","9/2/2026 2:39:53 PM","9/2/2026 2:39:53 PM",
"238","18.15524","9/2/2026 2:39:53 PM","9/2/2026 2:39:53 PM",
"239","18.15564","9/2/2026 2:39:53 PM","9/2/2026 2:39:53 PM",
"240","18.15564","9/2/2026 2:39:53 PM","9/2/2026 2:39:53 PM",
"241","18.15496","9/2/2026 2:39:53 PM","9/2/2026 2:39:53 PM",
"242","18.15496","9/2/2026 2:39:53 PM","9/2/2026 2:39:53 PM",
"243","18.15532","9/2/2026 2:39:53 PM","9/2/2026 2:39:53 PM",
"244","18.15532","9/2/2026 2:39:53 PM","9/2/2026 2:39:53 PM",
"245","18.155","9/2/2026 2:39:53 PM","9/2/2026 2:39:53 PM",
"246","18.155","9/2/2026 2:39:53 PM","9/2/2026 2:39:53 PM",
"247","18.15505","9/2/2026 2:39:53 PM","9/2/2026 2:39:53 PM",
"248","18.15505","9/2/2026 2:39:53 PM","9/2/2026 2:39:53 PM",
"249","18.15294","9/2/2026 2:39:53 PM","9/2/2026 2:39:53 PM",
"250","18.15294","9/2/2026 2:39:53 PM","9/2/2026 2:39:53 PM",
"251","18.15336","9/2/2026 2:39:53 PM","9/2/2026 2:39:53 PM",
"252","18.15336","9/2/2026 2:39:53 PM","9/2/2026 2:39:53 PM",
"253","18.15235","9/2/2026 2:39:53 PM","9/2/2026 2:39:53 PM",
"254","18.15235","9/2/2026 2:39:53 PM","9/2/2026 2:39:53 PM",
"255","18.15235","9/2/2026 2:39:53 PM","9/2/2026 2:39:53 PM",
"256","18.15179","9/2/2026 2:39:53 PM","9/2/2026 2:39:53 PM",
"257","18.15179","9/2/2026 2:39:53 PM","9/2/2026 2:39:53 PM",
"258","18.14886","9/2/2026 2:39:53 PM","9/2/2026 2:39:53 PM",
"259","18.14886","9/2/2026 2:39:53 PM","9/2/2026 2:39:53 PM",
"260","18.15211","9/2/2026 2:39:53 PM","9/2/2026 2:39:53 PM",
"261","18.15212","9/2/2026 2:39:53 PM","9/2/2026 2:39:53 PM",
"262","18.15212","9/2/2026 2:39:53 PM","9/2/2026 2:39:53 PM",
"263","18.15237","9/2/2026 2:39:53 PM","9/2/2026 2:39:53 PM",
"264","18.15237","9/2/2026 2:39:53 PM","9/2/2026 2:39:53 PM",
"265","18.15121","9/2/2026 2:39:53 PM","9/2/2026 2:39:53 PM",
"266","18.15121","9/2/2026 2:39:53 PM","9/2/2026 2:39:53 PM",
"267","18.15001","9/2/2026 2:39:53 PM","9/2/2026 2:39:53 PM",
"268","18.15001","9/2/2026 2:39:53 PM","9/2/2026 2:39:53 PM",
"269","18.14966","9/2/2026 2:39:53 PM","9/2/2026 2:39:53 PM",
"270","18.14966","9/2/2026 2:39:53 PM","9/2/2026 2:39:53 PM",
"271","18.14824","9/2/2026 2:39:53 PM","9/2/2026 2:39:53 PM",
"272","18.14824","9/2/2026 2:39:53 PM","9/2/2026 2:39:53 PM",
"273","18.15009","9/2/2026 2:39:53 PM","9/2/2026 2:39:53 PM",
"274","18.15009","9/2/2026 2:39:53 PM","9/2/2026 2:39:53 PM",
"275","18.15009","9/2/2026 2:39:53 PM","9/2/2026 2:39:53 PM",
"276","18.14973","9/2/2026 2:39:53 PM","9/2/2026 2:39:53 PM",
"277","18.14973","9/2/2026 2:39:53 PM","9/2/2026 2:39:53 PM",
"278","18.14765","9/2/2026 2:39:53 PM","9/2/2026 2:39:53 PM",
"279","18.14765","9/2/2026 2:39:53 PM","9/2/2026 2:39:53 PM",
"280","18.14912","9/2/2026 2:39:53 PM","9/2/2026 2:39:53 PM",
"281","18.14912","9/2/2026 2:39:53 PM","9/2/2026 2:39:53 PM",
"282","18.14989","9/2/2026 2:39:53 PM","9/2/2026 2:39:53 PM",
"283","18.14989","9/2/2026 2:39:53 PM","9/2/2026 2:39:53 PM",
"284","18.14884","9/2/2026 2:39:53 PM","9/2/2026 2:39:53 PM",
"285","18.14884","9/2/2026 2:39:53 PM","9/2/2026 2:39:53 PM",
"286","18.14586","9/2/2026 2:39:53 PM","9/2/2026 2:39:53 PM",
"287","18.14586","9/2/2026 2:39:53 PM","9/2/2026 2:39:53 PM",
"288","18.14699","9/2/2026 2:39:53 PM","9/2/2026 2:39:53 PM",
"289","18.14605","9/2/2026 2:39:53 PM","9/2/2026 2:39:53 PM",
"290","18.14605","9/2/2026 2:39:53 PM","9/2/2026 2:39:53 PM",
"291","18.14761","9/2/2026 2:39:53 PM","9/2/2026 2:39:53 PM",
"292","18.14761","9/2/2026 2:39:53 PM","9/2/2026 2:39:53 PM",
"293","18.14601","9/2/2026 2:39:53 PM","9/2/2026 2:39:53 PM",
"294","18.14601","9/2/2026 2:39:53 PM","9/2/2026 2:39:53 PM",
"295","18.14646","9/2/2026 2:39:53 PM","9/2/2026 2:39:53 PM",
"296","18.14646","9/2/2026 2:39:53 PM","9/2/2026 2:39:53 PM",
"297","18.14455","9/2/2026 2:39:53 PM","9/2/2026 2:39:53 PM",
"298","18.14455","9/2/2026 2:39:53 PM","9/2/2026 2:39:53 PM",
"299","18.14506","9/2/2026 2:39:53 PM","9/2/2026 2:39:53 PM",
"300","18.14506","9/2/2026 2:39:53 PM","9/2/2026 2:39:53 PM",
"301","18.14362","9/2/2026 2:39:53 PM","9/2/2026 2:39:53 PM",
"302","18.14362","9/2/2026 2:39:53 PM","9/2/2026 2:39:53 PM",
"303","18.14474","9/2/2026 2:39:53 PM","9/2/2026 2:39:53 PM",
"304","18.14474","9/2/2026 2:39:53 PM","9/2/2026 2:39:53 PM",
"305","18.14441","9/2/2026 2:39:53 PM","9/2/2026 2:39:53 PM",
"306","18.14441","9/2/2026 2:39:53 PM","9/2/2026 2:39:53 PM",
"307","18.14271","9/2/2026 2:39:53 PM","9/2/2026 2:39:53 PM",
"308","18.14271","9/2/2026 2:39:53 PM","9/2/2026 2:39:53 PM",
"309","18.14322","9/2/2026 2:39:53 PM","9/2/2026 2:39:53 PM",
"310","18.14322","9/2/2026 2:39:53 PM","9/2/2026 2:39:53 PM",
"311","18.14322","9/2/2026 2:39:53 PM","9/2/2026 2:39:53 PM",
"312","18.1428","9/2/2026 2:39:53 PM","9/2/2026 2:39:53 PM",
"313","18.1428","9/2/2026 2:39:53 PM","9/2/2026 2:39:53 PM",
"314","18.14357","9/2/2026 2:39:53 PM","9/2/2026 2:39:53 PM",
"315","18.14357","9/2/2026 2:39:53 PM","9/2/2026 2:39:53 PM",
"316","18.14322","9/2/2026 2:39:53 PM","9/2/2026 2:39:53 PM",
"317","18.14322","9/2/2026 2:39:53 PM","9/2/2026 2:39:53 PM",
"318","18.14174","9/2/2026 2:39:53 PM","9/2/2026 2:39:53 PM",
"319","18.14174","9/2/2026 2:39:54 PM","9/2/2026 2:39:54 PM",
"320","18.14186","9/2/2026 2:39:54 PM","9/2/2026 2:39:54 PM",
"321","18.14186","9/2/2026 2:39:54 PM","9/2/2026 2:39:54 PM",
"322","18.14019","9/2/2026 2:39:54 PM","9/2/2026 2:39:54 PM",
"323","18.14019","9/2/2026 2:39:54 PM","9/2/2026 2:39:54 PM",
"324","18.13984","9/2/2026 2:39:54 PM","9/2/2026 2:39:54 PM",
"325","18.13984","9/2/2026 2:39:54 PM","9/2/2026 2:39:54 PM",
"326","18.13878","9/2/2026 2:39:54 PM","9/2/2026 2:39:54 PM",
"327","18.13878","9/2/2026 2:39:54 PM","9/2/2026 2:39:54 PM",
"328","18.13951","9/2/2026 2:39:54 PM","9/2/2026 2:39:54 PM",
"329","18.13951","9/2/2026 2:39:54 PM","9/2/2026 2:39:54 PM",
"330","18.13922","9/2/2026 2:39:54 PM","9/2/2026 2:39:54 PM",
"331","18.13922","9/2/2026 2:39:54 PM","9/2/2026 2:39:54 PM",
"332","18.13849","9/2/2026 2:39:54 PM","9/2/2026 2:39:54 PM",
"333","18.13849","9/2/2026 2:39:54 PM","9/2/2026 2:39:54 PM",
"334","18.1379","9/2/2026 2:39:54 PM","9/2/2026 2:39:54 PM",
"335","18.1379","9/2/2026 2:39:54 PM","9/2/2026 2:39:54 PM",
"336","18.13751","9/2/2026 2:39:54 PM","9/2/2026 2:39:54 PM",
"337","18.13751","9/2/2026 2:39:54 PM","9/2/2026 2:39:54 PM",
"338","18.13734","9/2/2026 2:39:54 PM","9/2/2026 2:39:54 PM",
"339","18.13734","9/2/2026 2:39:54 PM","9/2/2026 2:39:54 PM",
"340","18.13561","9/2/2026 2:39:54 PM","9/2/2026 2:39:54 PM",
"341","18.13561","9/2/2026 2:39:54 PM","9/2/2026 2:39:54 PM",
"342","18.13733","9/2/2026 2:39:54 PM","9/2/2026 2:39:54 PM",
"343","18.13733","9/2/2026 2:39:54 PM","9/2/2026 2:39:54 PM",
"344","18.13599","9/2/2026 2:39:54 PM","9/2/2026 2:39:54 PM",
"345","18.13599","9/2/2026 2:39:54 PM","9/2/2026 2:39:54 PM",
"346","18.1359","9/2/2026 2:39:54 PM","9/2/2026 2:39:54 PM",
"347","18.1359","9/2/2026 2:39:54 PM","9/2/2026 2:39:54 PM",
"348","18.13435","9/2/2026 2:39:54 PM","9/2/2026 2:39:54 PM",
"349","18.13435","9/2/2026 2:39:54 PM","9/2/2026 2:39:54 PM",
"350","18.13595","9/2/2026 2:39:54 PM","9/2/2026 2:39:54 PM",
"351","18.13595","9/2/2026 2:39:54 PM","9/2/2026 2:39:54 PM",
"352","18.13334","9/2/2026 2:39:54 PM","9/2/2026 2:39:54 PM",
"353","18.13334","9/2/2026 2:39:54 PM","9/2/2026 2:39:54 PM",
"354","18.13471","9/2/2026 2:39:54 PM","9/2/2026 2:39:54 PM",
"355","18.13471","9/2/2026 2:39:54 PM","9/2/2026 2:39:54 PM",
"356","18.13307","9/2/2026 2:39:54 PM","9/2/2026 2:39:54 PM",
"357","18.13307","9/2/2026 2:39:54 PM","9/2/2026 2:39:54 PM",
"358","18.13411","9/2/2026 2:39:54 PM","9/2/2026 2:39:54 PM",
"359","18.13411","9/2/2026 2:39:54 PM","9/2/2026 2:39:54 PM",
"360","18.13328","9/2/2026 2:39:54 PM","9/2/2026 2:39:54 PM",
"361","18.13328","9/2/2026 2:39:54 PM","9/2/2026 2:39:54 PM",
"362","18.13417","9/2/2026 2:39:54 PM","9/2/2026 2:39:54 PM",
"363","18.13417","9/2/2026 2:39:54 PM","9/2/2026 2:39:54 PM",
"364","18.13219","9/2/2026 2:39:54 PM","9/2/2026 2:39:54 PM",
"365","18.13219","9/2/2026 2:39:54 PM","9/2/2026 2:39:54 PM",
"366","18.13231","9/2/2026 2:39:54 PM","9/2/2026 2:39:54 PM",
"367","18.13231","9/2/2026 2:39:54 PM","9/2/2026 2:39:54 PM",
"368","18.13175","9/2/2026 2:39:54 PM","9/2/2026 2:39:54 PM",
"369","18.13175","9/2/2026 2:39:54 PM","9/2/2026 2:39:54 PM",
"370","18.13155","9/2/2026 2:39:54 PM","9/2/2026 2:39:54 PM",
"371","18.13155","9/2/2026 2:39:54 PM","9/2/2026 2:39:54 PM",
"372","18.13087","9/2/2026 2:39:54 PM","9/2/2026 2:39:54 PM",
"373","18.13087","9/2/2026 2:39:54 PM","9/2/2026 2:39:54 PM",
"374","18.13148","9/2/2026 2:39:54 PM","9/2/2026 2:39:54 PM",
"375","18.13148","9/2/2026 2:39:54 PM","9/2/2026 2:39:54 PM",
"376","18.13125","9/2/2026 2:39:54 PM","9/2/2026 2:39:54 PM",
"377","18.13125","9/2/2026 2:39:54 PM","9/2/2026 2:39:54 PM",
"378","18.13029","9/2/2026 2:39:54 PM","9/2/2026 2:39:54 PM",
"379","18.13029","9/2/2026 2:39:54 PM","9/2/2026 2:39:54 PM",
"380","18.13079","9/2/2026 2:39:54 PM","9/2/2026 2:39:54 PM",
"381","18.13079","9/2/2026 2:39:54 PM","9/2/2026 2:39:54 PM",
"382","18.13103","9/2/2026 2:39:54 PM","9/2/2026 2:39:54 PM",
"383","18.13103","9/2/2026 2:39:54 PM","9/2/2026 2:39:54 PM",
"384","18.12993","9/2/2026 2:39:54 PM","9/2/2026 2:39:54 PM",
"385","18.12993","9/2/2026 2:39:54 PM","9/2/2026 2:39:54 PM",
"386","18.12915","9/2/2026 2:39:54 PM","9/2/2026 2:39:54 PM",
"387","18.12915","9/2/2026 2:39:54 PM","9/2/2026 2:39:54 PM",
"388","18.12872","9/2/2026 2:39:54 PM","9/2/2026 2:39:54 PM",
"389","18.12872","9/2/2026 2:39:54 PM","9/2/2026 2:39:54 PM",
"390","18.12916","9/2/2026 2:39:54 PM","9/2/2026 2:39:54 PM",
"391","18.12916","9/2/2026 2:39:54 PM","9/2/2026 2:39:54 PM",
"392","18.12945","9/2/2026 2:39:54 PM","9/2/2026 2:39:54 PM",
"393","18.12945","9/2/2026 2:39:54 PM","9/2/2026 2:39:54 PM",
"394","18.1292","9/2/2026 2:39:54 PM","9/2/2026 2:39:54 PM",
"395","18.1292","9/2/2026 2:39:54 PM","9/2/2026 2:39:54 PM",
"396","18.12851","9/2/2026 2:39:54 PM","9/2/2026 2:39:54 PM",
"397","18.12851","9/2/2026 2:39:54 PM","9/2/2026 2:39:54 PM",
"398","18.12797","9/2/2026 2:39:54 PM","9/2/2026 2:39:54 PM",
"399","18.12797","9/2/2026 2:39:54 PM","9/2/2026 2:39:54 PM",
"400","18.1278","9/2/2026 2:39:54 PM","9/2/2026 2:39:54 PM",
"401","18.1278","9/2/2026 2:39:54 PM","9/2/2026 2:39:54 PM",
"402","18.12736","9/2/2026 2:39:54 PM","9/2/2026 2:39:54 PM",
"403","18.12736","9/2/2026 2:39:54 PM","9/2/2026 2:39:54 PM",
"404","18.12786","9/2/2026 2:39:54 PM","9/2/2026 2:39:54 PM",
"405","18.12786","9/2/2026 2:39:54 PM","9/2/2026 2:39:54 PM",
"406","18.12703","9/2/2026 2:39:54 PM","9/2/2026 2:39:54 PM",
"407","18.12703","9/2/2026 2:39:54 PM","9/2/2026 2:39:54 PM",
"408","18.1272","9/2/2026 2:39:54 PM","9/2/2026 2:39:54 PM",
"409","18.1272","9/2/2026 2:39:54 PM","9/2/2026 2:39:54 PM",
"410","18.12632","9/2/2026 2:39:54 PM","9/2/2026 2:39:54 PM",
"411","18.12632","9/2/2026 2:39:54 PM","9/2/2026 2:39:54 PM",
"412","18.12712","9/2/2026 2:39:54 PM","9/2/2026 2:39:54 PM",
"413","18.12712","9/2/2026 2:39:54 PM","9/2/2026 2:39:54 PM",
"414","18.12515","9/2/2026 2:39:54 PM","9/2/2026 2:39:54 PM",
"415","18.12515","9/2/2026 2:39:54 PM","9/2/2026 2:39:54 PM",
"416","18.12571","9/2/2026 2:39:54 PM","9/2/2026 2:39:54 PM",
"417","18.12571","9/2/2026 2:39:54 PM","9/2/2026 2:39:54 PM",
"418","18.12492","9/2/2026 2:39:54 PM","9/2/2026 2:39:54 PM",
"419","18.12492","9/2/2026 2:39:55 PM","9/2/2026 2:39:55 PM",
"420","18.12614","9/2/2026 2:39:55 PM","9/2/2026 2:39:55 PM",
"421","18.12614","9/2/2026 2:39:55 PM","9/2/2026 2:39:55 PM",
"422","18.12525","9/2/2026 2:39:55 PM","9/2/2026 2:39:55 PM",
"423","18.12525","9/2/2026 2:39:55 PM","9/2/2026 2:39:55 PM",
"424","18.12531","9/2/2026 2:39:55 PM","9/2/2026 2:39:55 PM",
"425","18.12531","9/2/2026 2:39:55 PM","9/2/2026 2:39:55 PM",
"426","18.12455","9/2/2026 2:39:55 PM","9/2/2026 2:39:55 PM",
"427","18.12455","9/2/2026 2:39:55 PM","9/2/2026 2:39:55 PM",
"428","18.12408","9/2/2026 2:39:55 PM","9/2/2026 2:39:55 PM",
"429","18.12408","9/2/2026 2:39:55 PM","9/2/2026 2:39:55 PM",
"430","18.12287","9/2/2026 2:39:55 PM","9/2/2026 2:39:55 PM",
"431","18.12287","9/2/2026 2:39:55 PM","9/2/2026 2:39:55 PM",
"432","18.12482","9/2/2026 2:39:55 PM","9/2/2026 2:39:55 PM",
"433","18.12482","9/2/2026 2:39:55 PM","9/2/2026 2:39:55 PM",
"434","18.12199","9/2/2026 2:39:55 PM","9/2/2026 2:39:55 PM",
"435","18.12199","9/2/2026 2:39:55 PM","9/2/2026 2:39:55 PM",
"436","18.12304","9/2/2026 2:39:55 PM","9/2/2026 2:39:55 PM",
"437","18.12304","9/2/2026 2:39:55 PM","9/2/2026 2:39:55 PM",
"438","18.12168","9/2/2026 2:39:55 PM","9/2/2026 2:39:55 PM",
"439","18.12168","9/2/2026 2:39:55 PM","9/2/2026 2:39:55 PM",
"440","18.12258","9/2/2026 2:39:55 PM","9/2/2026 2:39:55 PM",
"441","18.12258","9/2/2026 2:39:55 PM","9/2/2026 2:39:55 PM",
"442","18.1214","9/2/2026 2:39:55 PM","9/2/2026 2:39:55 PM",
"443","18.1214","9/2/2026 2:39:55 PM","9/2/2026 2:39:55 PM",
"444","18.12082","9/2/2026 2:39:55 PM","9/2/2026 2:39:55 PM",
"445","18.12082","9/2/2026 2:39:55 PM","9/2/2026 2:39:55 PM",
"446","18.12069","9/2/2026 2:39:55 PM","9/2/2026 2:39:55 PM",
"447","18.12069","9/2/2026 2:39:55 PM","9/2/2026 2:39:55 PM",
"448","18.12103","9/2/2026 2:39:55 PM","9/2/2026 2:39:55 PM",
"449","18.12103","9/2/2026 2:39:55 PM","9/2/2026 2:39:55 PM",
"450","18.1199","9/2/2026 2:39:55 PM","9/2/2026 2:39:55 PM",
"451","18.1199","9/2/2026 2:39:55 PM","9/2/2026 2:39:55 PM",
"452","18.11954","9/2/2026 2:39:55 PM","9/2/2026 2:39:55 PM",
"453","18.11954","9/2/2026 2:39:55 PM","9/2/2026 2:39:55 PM",
"454","18.11975","9/2/2026 2:39:55 PM","9/2/2026 2:39:55 PM",
"455","18.11975","9/2/2026 2:39:55 PM","9/2/2026 2:39:55 PM",
"456","18.11876","9/2/2026 2:39:55 PM","9/2/2026 2:39:55 PM",
"457","18.11876","9/2/2026 2:39:55 PM","9/2/2026 2:39:55 PM",
"458","18.11935","9/2/2026 2:39:55 PM","9/2/2026 2:39:55 PM",
"459","18.11935","9/2/2026 2:39:55 PM","9/2/2026 2:39:55 PM",
"460","18.11838","9/2/2026 2:39:55 PM","9/2/2026 2:39:55 PM",
"461","18.11838","9/2/2026 2:39:55 PM","9/2/2026 2:39:55 PM",
"462","18.11812","9/2/2026 2:39:55 PM","9/2/2026 2:39:55 PM",
"463","18.11812","9/2/2026 2:39:55 PM","9/2/2026 2:39:55 PM",
"464","18.11777","9/2/2026 2:39:55 PM","9/2/2026 2:39:55 PM",
"465","18.11777","9/2/2026 2:39:55 PM","9/2/2026 2:39:55 PM",
"466","18.11773","9/2/2026 2:39:55 PM","9/2/2026 2:39:55 PM",
"467","18.11773","9/2/2026 2:39:55 PM","9/2/2026 2:39:55 PM",
"468","18.11609","9/2/2026 2:39:55 PM","9/2/2026 2:39:55 PM",
"469","18.11609","9/2/2026 2:39:55 PM","9/2/2026 2:39:55 PM",
"470","18.11586","9/2/2026 2:39:55 PM","9/2/2026 2:39:55 PM",
"471","18.11586","9/2/2026 2:39:55 PM","9/2/2026 2:39:55 PM",
"472","18.11608","9/2/2026 2:39:55 PM","9/2/2026 2:39:55 PM",
"473","18.11608","9/2/2026 2:39:55 PM","9/2/2026 2:39:55 PM",
"474","18.11531","9/2/2026 2:39:55 PM","9/2/2026 2:39:55 PM",
"475","18.11531","9/2/2026 2:39:55 PM","9/2/2026 2:39:55 PM",
"476","18.11454","9/2/2026 2:39:55 PM","9/2/2026 2:39:55 PM",
"477","18.11454","9/2/2026 2:39:55 PM","9/2/2026 2:39:55 PM",
"478","18.11455","9/2/2026 2:39:55 PM","9/2/2026 2:39:55 PM",
"479","18.11455","9/2/2026 2:39:55 PM","9/2/2026 2:39:55 PM",
"480","18.11424","9/2/2026 2:39:55 PM","9/2/2026 2:39:55 PM",
"481","18.11424","9/2/2026 2:39:55 PM","9/2/2026 2:39:55 PM",
"482","18.11519","9/2/2026 2:39:55 PM","9/2/2026 2:39:55 PM",
"483","18.11519","9/2/2026 2:39:55 PM","9/2/2026 2:39:55 PM",
"484","18.11417","9/2/2026 2:39:55 PM","9/2/2026 2:39:55 PM",
"485","18.11417","9/2/2026 2:39:55 PM","9/2/2026 2:39:55 PM",
"486","18.114","9/2/2026 2:39:55 PM","9/2/2026 2:39:55 PM",
"487","18.114","9/2/2026 2:39:55 PM","9/2/2026 2:39:55 PM",
"488","18.11342","9/2/2026 2:39:55 PM","9/2/2026 2:39:55 PM",
"489","18.11342","9/2/2026 2:39:55 PM","9/2/2026 2:39:55 PM",
"490","18.11336","9/2/2026 2:39:55 PM","9/2/2026 2:39:55 PM",
"491","18.11336","9/2/2026 2:39:55 PM","9/2/2026 2:39:55 PM",
"492","18.1119","9/2/2026 2:39:55 PM","9/2/2026 2:39:55 PM",
"493","18.1119","9/2/2026 2:39:55 PM","9/2/2026 2:39:55 PM",
"494","18.11198","9/2/2026 2:39:55 PM","9/2/2026 2:39:55 PM",
"495","18.11198","9/2/2026 2:39:55 PM","9/2/2026 2:39:55 PM",
"496","18.11124","9/2/2026 2:39:55 PM","9/2/2026 2:39:55 PM",
"497","18.11124","9/2/2026 2:39:55 PM","9/2/2026 2:39:55 PM",
"498","18.11209","9/2/2026 2:39:55 PM","9/2/2026 2:39:55 PM",
"499","18.11209","9/2/2026 2:39:55 PM","9/2/2026 2:39:55 PM",
"500","18.11058","9/2/2026 2:39:55 PM","9/2/2026 2:39:55 PM",
"501","18.11058","9/2/2026 2:39:55 PM","9/2/2026 2:39:55 PM",
"502","18.11153","9/2/2026 2:39:55 PM","9/2/2026 2:39:55 PM",
"503","18.11153","9/2/2026 2:39:55 PM","9/2/2026 2:39:55 PM",
"504","18.11016","9/2/2026 2:39:55 PM","9/2/2026 2:39:55 PM",
"505","18.11016","9/2/2026 2:39:55 PM","9/2/2026 2:39:55 PM",
"506","18.11029","9/2/2026 2:39:55 PM","9/2/2026 2:39:55 PM",
"507","18.11029","9/2/2026 2:39:55 PM","9/2/2026 2:39:55 PM",
"508","18.1086","9/2/2026 2:39:55 PM","9/2/2026 2:39:55 PM",
"509","18.1086","9/2/2026 2:39:55 PM","9/2/2026 2:39:55 PM",
"510","18.1086","9/2/2026 2:39:55 PM","9/2/2026 2:39:55 PM",
"511","18.10961","9/2/2026 2:39:55 PM","9/2/2026 2:39:55 PM",
"512","18.10961","9/2/2026 2:39:55 PM","9/2/2026 2:39:55 PM",
"513","18.10846","9/2/2026 2:39:55 PM","9/2/2026 2:39:55 PM",
"514","18.10846","9/2/2026 2:39:55 PM","9/2/2026 2:39:55 PM",
"515","18.10936","9/2/2026 2:39:55 PM","9/2/2026 2:39:55 PM",
"516","18.10936","9/2/2026 2:39:55 PM","9/2/2026 2:39:55 PM",
"517","18.1086","9/2/2026 2:39:55 PM","9/2/2026 2:39:55 PM",
"518","18.1086","9/2/2026 2:39:55 PM","9/2/2026 2:39:55 PM",
"519","18.108","9/2/2026 2:39:56 PM","9/2/2026 2:39:56 PM",
"520","18.108","9/2/2026 2:39:56 PM","9/2/2026 2:39:56 PM",
"521","18.10778","9/2/2026 2:39:56 PM","9/2/2026 2:39:56 PM",
"522","18.10778","9/2/2026 2:39:56 PM","9/2/2026 2:39:56 PM",
"523","18.10702","9/2/2026 2:39:56 PM","9/2/2026 2:39:56 PM",
"524","18.10702","9/2/2026 2:39:56 PM","9/2/2026 2:39:56 PM",
"525","18.10708","9/2/2026 2:39:56 PM","9/2/2026 2:39:56 PM",
"526","18.10708","9/2/2026 2:39:56 PM","9/2/2026 2:39:56 PM",
"527","18.10619","9/2/2026 2:39:56 PM","9/2/2026 2:39:56 PM",
"528","18.10619","9/2/2026 2:39:56 PM","9/2/2026 2:39:56 PM",
"529","18.10547","9/2/2026 2:39:56 PM","9/2/2026 2:39:56 PM",
"530","18.10547","9/2/2026 2:39:56 PM","9/2/2026 2:39:56 PM",
"531","18.10512","9/2/2026 2:39:56 PM","9/2/2026 2:39:56 PM",
"532","18.10512","9/2/2026 2:39:56 PM","9/2/2026 2:39:56 PM",
"533","18.10574","9/2/2026 2:39:56 PM","9/2/2026 2:39:56 PM",
"534","18.10574","9/2/2026 2:39:56 PM","9/2/2026 2:39:56 PM",
"535","18.10423","9/2/2026 2:39:56 PM","9/2/2026 2:39:56 PM",
"536","18.10423","9/2/2026 2:39:56 PM","9/2/2026 2:39:56 PM",
"537","18.10428","9/2/2026 2:39:56 PM","9/2/2026 2:39:56 PM",
"538","18.10428","9/2/2026 2:39:56 PM","9/2/2026 2:39:56 PM",
"539","18.1034","9/2/2026 2:39:56 PM","9/2/2026 2:39:56 PM",
"540","18.1034","9/2/2026 2:39:56 PM","9/2/2026 2:39:56 PM",
"541","18.10379","9/2/2026 2:39:56 PM","9/2/2026 2:39:56 PM",
"542","18.10379","9/2/2026 2:39:56 PM","9/2/2026 2:39:56 PM",
"543","18.10464","9/2/2026 2:39:56 PM","9/2/2026 2:39:56 PM",
"544","18.10464","9/2/2026 2:39:56 PM","9/2/2026 2:39:56 PM",
"545","18.1003","9/2/2026 2:39:56 PM","9/2/2026 2:39:56 PM",
"546","18.1003","9/2/2026 2:39:56 PM","9/2/2026 2:39:56 PM",
"547","18.10279","9/2/2026 2:39:56 PM","9/2/2026 2:39:56 PM",
"548","18.10279","9/2/2026 2:39:56 PM","9/2/2026 2:39:56 PM",
"549","18.1018","9/2/2026 2:39:56 PM","9/2/2026 2:39:56 PM",
"550","18.1018","9/2/2026 2:39:56 PM","9/2/2026 2:39:56 PM",
"551","18.10487","9/2/2026 2:39:56 PM","9/2/2026 2:39:56 PM",
"552","18.10487","9/2/2026 2:39:56 PM","9/2/2026 2:39:56 PM",
"553","18.09726","9/2/2026 2:39:56 PM","9/2/2026 2:39:56 PM",
"554","18.09726","9/2/2026 2:39:56 PM","9/2/2026 2:39:56 PM",
"555","18.10308","9/2/2026 2:39:56 PM","9/2/2026 2:39:56 PM",
"556","18.10308","9/2/2026 2:39:56 PM","9/2/2026 2:39:56 PM",
"557","18.09893","9/2/2026 2:39:56 PM","9/2/2026 2:39:56 PM",
"558","18.09893","9/2/2026 2:39:56 PM","9/2/2026 2:39:56 PM",
"559","18.10209","9/2/2026 2:39:56 PM","9/2/2026 2:39:56 PM",
"560","18.10209","9/2/2026 2:39:56 PM","9/2/2026 2:39:56 PM",
"561","18.0967","9/2/2026 2:39:56 PM","9/2/2026 2:39:56 PM",
"562","18.0967","9/2/2026 2:39:56 PM","9/2/2026 2:39:56 PM",
"563","18.10111","9/2/2026 2:39:56 PM","9/2/2026 2:39:56 PM",
"564","18.10111","9/2/2026 2:39:56 PM","9/2/2026 2:39:56 PM",
"565","18.0958","9/2/2026 2:39:56 PM","9/2/2026 2:39:56 PM",
"566","18.0958","9/2/2026 2:39:56 PM","9/2/2026 2:39:56 PM",
"567","18.09931","9/2/2026 2:39:56 PM","9/2/2026 2:39:56 PM",
"568","18.09931","9/2/2026 2:39:56 PM","9/2/2026 2:39:56 PM",
"569","18.09676","9/2/2026 2:39:56 PM","9/2/2026 2:39:56 PM",
"570","18.09676","9/2/2026 2:39:56 PM","9/2/2026 2:39:56 PM",
"571","18.10008","9/2/2026 2:39:56 PM","9/2/2026 2:39:56 PM",
"572","18.10008","9/2/2026 2:39:56 PM","9/2/2026 2:39:56 PM",
"573","18.09218","9/2/2026 2:39:56 PM","9/2/2026 2:39:56 PM",
"574","18.09218","9/2/2026 2:39:56 PM","9/2/2026 2:39:56 PM",
"575","18.09802","9/2/2026 2:39:56 PM","9/2/2026 2:39:56 PM",
"576","18.09802","9/2/2026 2:39:56 PM","9/2/2026 2:39:56 PM",
"577","18.09436","9/2/2026 2:39:56 PM","9/2/2026 2:39:56 PM",
"578","18.09436","9/2/2026 2:39:56 PM","9/2/2026 2:39:56 PM",
"579","18.09734","9/2/2026 2:39:56 PM","9/2/2026 2:39:56 PM",
"580","18.09734","9/2/2026 2:39:56 PM","9/2/2026 2:39:56 PM",
"581","18.09445","9/2/2026 2:39:56 PM","9/2/2026 2:39:56 PM",
"582","18.09445","9/2/2026 2:39:56 PM","9/2/2026 2:39:56 PM",
"583","18.09617","9/2/2026 2:39:56 PM","9/2/2026 2:39:56 PM",
"584","18.09617","9/2/2026 2:39:56 PM","9/2/2026 2:39:56 PM",
"585","18.09383","9/2/2026 2:39:56 PM","9/2/2026 2:39:56 PM",
"586","18.09383","9/2/2026 2:39:56 PM","9/2/2026 2:39:56 PM",
"587","18.09493","9/2/2026 2:39:56 PM","9/2/2026 2:39:56 PM",
"588","18.09493","9/2/2026 2:39:56 PM","9/2/2026 2:39:56 PM",
"589","18.09284","9/2/2026 2:39:56 PM","9/2/2026 2:39:56 PM",
"590","18.09284","9/2/2026 2:39:56 PM","9/2/2026 2:39:56 PM",
"591","18.09366","9/2/2026 2:39:56 PM","9/2/2026 2:39:56 PM",
"592","18.09366","9/2/2026 2:39:56 PM","9/2/2026 2:39:56 PM",
"593","18.09146","9/2/2026 2:39:56 PM","9/2/2026 2:39:56 PM",
"594","18.09146","9/2/2026 2:39:56 PM","9/2/2026 2:39:56 PM",
"595","18.09272","9/2/2026 2:39:56 PM","9/2/2026 2:39:56 PM",
"596","18.09272","9/2/2026 2:39:56 PM","9/2/2026 2:39:56 PM",
"597","18.09159","9/2/2026 2:39:56 PM","9/2/2026 2:39:56 PM",
"598","18.09159","9/2/2026 2:39:56 PM","9/2/2026 2:39:56 PM",
"599","18.09048","9/2/2026 2:39:56 PM","9/2/2026 2:39:56 PM",
"600","18.09048","9/2/2026 2:39:56 PM","9/2/2026 2:39:56 PM",
"601","18.0906","9/2/2026 2:39:56 PM","9/2/2026 2:39:56 PM",
"602","18.0906","9/2/2026 2:39:56 PM","9/2/2026 2:39:56 PM",
"603","18.0906","9/2/2026 2:39:56 PM","9/2/2026 2:39:56 PM",
"604","18.0906","9/2/2026 2:39:56 PM","9/2/2026 2:39:56 PM",
"605","18.08998","9/2/2026 2:39:56 PM","9/2/2026 2:39:56 PM",
"606","18.08998","9/2/2026 2:39:56 PM","9/2/2026 2:39:56 PM",
"607","18.08913","9/2/2026 2:39:56 PM","9/2/2026 2:39:56 PM",
"608","18.08913","9/2/2026 2:39:56 PM","9/2/2026 2:39:56 PM",
"609","18.08881","9/2/2026 2:39:56 PM","9/2/2026 2:39:56 PM",
"610","18.08881","9/2/2026 2:39:56 PM","9/2/2026 2:39:56 PM",
"611","18.08772","9/2/2026 2:39:56 PM","9/2/2026 2:39:56 PM",
"612","18.08772","9/2/2026 2:39:56 PM","9/2/2026 2:39:56 PM",
"613","18.08674","9/2/2026 2:39:56 PM","9/2/2026 2:39:56 PM",
"614","18.08674","9/2/2026 2:39:56 PM","9/2/2026 2:39:56 PM",
"615","18.08659","9/2/2026 2:39:56 PM","9/2/2026 2:39:56 PM",
"616","18.08659","9/2/2026 2:39:56 PM","9/2/2026 2:39:56 PM",
"617","18.08776","9/2/2026 2:39:56 PM","9/2/2026 2:39:56 PM",
"618","18.08776","9/2/2026 2:39:56 PM","9/2/2026 2:39:56 PM",
"619","18.08544","9/2/2026 2:39:57 PM","9/2/2026 2:39:57 PM",
"620","18.08544","9/2/2026 2:39:57 PM","9/2/2026 2:39:57 PM",
"621","18.08684","9/2/2026 2:39:57 PM","9/2/2026 2:39:57 PM",
"622","18.08684","9/2/2026 2:39:57 PM","9/2/2026 2:39:57 PM",
"623","18.08605","9/2/2026 2:39:57 PM","9/2/2026 2:39:57 PM",
"624","18.08605","9/2/2026 2:39:57 PM","9/2/2026 2:39:57 PM",
"625","18.08457","9/2/2026 2:39:57 PM","9/2/2026 2:39:57 PM",
"626","18.08457","9/2/2026 2:39:57 PM","9/2/2026 2:39:57 PM",
"627","18.08399","9/2/2026 2:39:57 PM","9/2/2026 2:39:57 PM",
"628","18.08399","9/2/2026 2:39:57 PM","9/2/2026 2:39:57 PM",
"629","18.08427","9/2/2026 2:39:57 PM","9/2/2026 2:39:57 PM",
"630","18.08427","9/2/2026 2:39:57 PM","9/2/2026 2:39:57 PM",
"631","18.0843","9/2/2026 2:39:57 PM","9/2/2026 2:39:57 PM",
"632","18.0843","9/2/2026 2:39:57 PM","9/2/2026 2:39:57 PM",
"633","18.08339","9/2/2026 2:39:57 PM","9/2/2026 2:39:57 PM",
"634","18.08339","9/2/2026 2:39:57 PM","9/2/2026 2:39:57 PM",
"635","18.08216","9/2/2026 2:39:57 PM","9/2/2026 2:39:57 PM",
"636","18.08216","9/2/2026 2:39:57 PM","9/2/2026 2:39:57 PM",
"637","18.08222","9/2/2026 2:39:57 PM","9/2/2026 2:39:57 PM",
"638","18.08222","9/2/2026 2:39:57 PM","9/2/2026 2:39:57 PM",
"639","18.08172","9/2/2026 2:39:57 PM","9/2/2026 2:39:57 PM",
"640","18.08172","9/2/2026 2:39:57 PM","9/2/2026 2:39:57 PM",
"641","18.08254","9/2/2026 2:39:57 PM","9/2/2026 2:39:57 PM",
"642","18.08254","9/2/2026 2:39:57 PM","9/2/2026 2:39:57 PM",
"643","18.0821","9/2/2026 2:39:57 PM","9/2/2026 2:39:57 PM",
"644","18.0821","9/2/2026 2:39:57 PM","9/2/2026 2:39:57 PM",
"645","18.08094","9/2/2026 2:39:57 PM","9/2/2026 2:39:57 PM",
"646","18.08094","9/2/2026 2:39:57 PM","9/2/2026 2:39:57 PM",
"647","18.08111","9/2/2026 2:39:57 PM","9/2/2026 2:39:57 PM",
"648","18.08111","9/2/2026 2:39:57 PM","9/2/2026 2:39:57 PM",
"649","18.08146","9/2/2026 2:39:57 PM","9/2/2026 2:39:57 PM",
"650","18.08146","9/2/2026 2:39:57 PM","9/2/2026 2:39:57 PM",
"651","18.07968","9/2/2026 2:39:57 PM","9/2/2026 2:39:57 PM",
"652","18.07968","9/2/2026 2:39:57 PM","9/2/2026 2:39:57 PM",
"653","18.07908","9/2/2026 2:39:57 PM","9/2/2026 2:39:57 PM",
"654","18.07908","9/2/2026 2:39:57 PM","9/2/2026 2:39:57 PM",
"655","18.0798","9/2/2026 2:39:57 PM","9/2/2026 2:39:57 PM",
"656","18.0798","9/2/2026 2:39:57 PM","9/2/2026 2:39:57 PM",
"657","18.07862","9/2/2026 2:39:57 PM","9/2/2026 2:39:57 PM",
"658","18.07862","9/2/2026 2:39:57 PM","9/2/2026 2:39:57 PM",
"659","18.07995","9/2/2026 2:39:57 PM","9/2/2026 2:39:57 PM",
"660","18.07995","9/2/2026 2:39:57 PM","9/2/2026 2:39:57 PM",
"661","18.07837","9/2/2026 2:39:57 PM","9/2/2026 2:39:57 PM",
"662","18.07837","9/2/2026 2:39:57 PM","9/2/2026 2:39:57 PM",
"663","18.07928","9/2/2026 2:39:57 PM","9/2/2026 2:39:57 PM",
"664","18.07928","9/2/2026 2:39:57 PM","9/2/2026 2:39:57 PM",
"665","18.0782","9/2/2026 2:39:57 PM","9/2/2026 2:39:57 PM",
"666","18.0782","9/2/2026 2:39:57 PM","9/2/2026 2:39:57 PM",
"667","18.07874","9/2/2026 2:39:57 PM","9/2/2026 2:39:57 PM",
"668","18.07874","9/2/2026 2:39:57 PM","9/2/2026 2:39:57 PM",
"669","18.0771","9/2/2026 2:39:57 PM","9/2/2026 2:39:57 PM",
"670","18.0771","9/2/2026 2:39:57 PM","9/2/2026 2:39:57 PM",
"671","18.0786","9/2/2026 2:39:57 PM","9/2/2026 2:39:57 PM",
"672","18.0786","9/2/2026 2:39:57 PM","9/2/2026 2:39:57 PM",
"673","18.07612","9/2/2026 2:39:57 PM","9/2/2026 2:39:57 PM",
"674","18.07612","9/2/2026 2:39:57 PM","9/2/2026 2:39:57 PM",
"675","18.07699","9/2/2026 2:39:57 PM","9/2/2026 2:39:57 PM",
"676","18.07699","9/2/2026 2:39:57 PM","9/2/2026 2:39:57 PM",
"677","18.07632","9/2/2026 2:39:57 PM","9/2/2026 2:39:57 PM",
"678","18.07632","9/2/2026 2:39:57 PM","9/2/2026 2:39:57 PM",
"679","18.07618","9/2/2026 2:39:57 PM","9/2/2026 2:39:57 PM",
"680","18.07618","9/2/2026 2:39:57 PM","9/2/2026 2:39:57 PM",
"681","18.07634","9/2/2026 2:39:57 PM","9/2/2026 2:39:57 PM",
"682","18.07634","9/2/2026 2:39:57 PM","9/2/2026 2:39:57 PM",
"683","18.07695","9/2/2026 2:39:57 PM","9/2/2026 2:39:57 PM",
"684","18.07695","9/2/2026 2:39:57 PM","9/2/2026 2:39:57 PM",
"685","18.07661","9/2/2026 2:39:57 PM","9/2/2026 2:39:57 PM",
"686","18.07661","9/2/2026 2:39:57 PM","9/2/2026 2:39:57 PM",
"687","18.0773","9/2/2026 2:39:57 PM","9/2/2026 2:39:57 PM",
"688","18.0773","9/2/2026 2:39:57 PM","9/2/2026 2:39:57 PM",
"689","18.07629","9/2/2026 2:39:57 PM","9/2/2026 2:39:57 PM",
"690","18.07629","9/2/2026 2:39:57 PM","9/2/2026 2:39:57 PM",
"691","18.07569","9/2/2026 2:39:57 PM","9/2/2026 2:39:57 PM",
"692","18.07569","9/2/2026 2:39:57 PM","9/2/2026 2:39:57 PM",
"693","18.07504","9/2/2026 2:39:57 PM","9/2/2026 2:39:57 PM",
"694","18.07504","9/2/2026 2:39:57 PM","9/2/2026 2:39:57 PM",
"695","18.07602","9/2/2026 2:39:57 PM","9/2/2026 2:39:57 PM",
"696","18.07602","9/2/2026 2:39:57 PM","9/2/2026 2:39:57 PM",
"697","18.07515","9/2/2026 2:39:57 PM","9/2/2026 2:39:57 PM",
"698","18.07515","9/2/2026 2:39:57 PM","9/2/2026 2:39:57 PM",
"699","18.07456","9/2/2026 2:39:57 PM","9/2/2026 2:39:57 PM",
"700","18.07456","9/2/2026 2:39:57 PM","9/2/2026 2:39:57 PM",
"701","18.075","9/2/2026 2:39:57 PM","9/2/2026 2:39:57 PM",
"702","18.075","9/2/2026 2:39:57 PM","9/2/2026 2:39:57 PM",
"703","18.07378","9/2/2026 2:39:57 PM","9/2/2026 2:39:57 PM",
"704","18.07378","9/2/2026 2:39:57 PM","9/2/2026 2:39:57 PM",
"705","18.07383","9/2/2026 2:39:57 PM","9/2/2026 2:39:57 PM",
"706","18.07383","9/2/2026 2:39:57 PM","9/2/2026 2:39:57 PM",
"707","18.07425","9/2/2026 2:39:57 PM","9/2/2026 2:39:57 PM",
"708","18.07425","9/2/2026 2:39:57 PM","9/2/2026 2:39:57 PM",
"709","18.07425","9/2/2026 2:39:57 PM","9/2/2026 2:39:57 PM",
"710","18.07473","9/2/2026 2:39:57 PM","9/2/2026 2:39:57 PM",
"711","18.07473","9/2/2026 2:39:57 PM","9/2/2026 2:39:57 PM",
"712","18.07351","9/2/2026 2:39:57 PM","9/2/2026 2:39:57 PM",
"713","18.07351","9/2/2026 2:39:57 PM","9/2/2026 2:39:57 PM",
"714","18.07245","9/2/2026 2:39:57 PM","9/2/2026 2:39:57 PM",
"715","18.07245","9/2/2026 2:39:57 PM","9/2/2026 2:39:57 PM",
"716","18.07268","9/2/2026 2:39:57 PM","9/2/2026 2:39:57 PM",
"717","18.07268","9/2/2026 2:39:57 PM","9/2/2026 2:39:57 PM",
"718","18.07357","9/2/2026 2:39:57 PM","9/2/2026 2:39:57 PM",
"719","18.07357","9/2/2026 2:39:58 PM","9/2/2026 2:39:58 PM",
"720","18.0736","9/2/2026 2:39:58 PM","9/2/2026 2:39:58 PM",
"721","18.0736","9/2/2026 2:39:58 PM","9/2/2026 2:39:58 PM",
"722","18.07221","9/2/2026 2:39:58 PM","9/2/2026 2:39:58 PM",
"723","18.07221","9/2/2026 2:39:58 PM","9/2/2026 2:39:58 PM",
"724","18.07037","9/2/2026 2:39:58 PM","9/2/2026 2:39:58 PM",
"725","18.07037","9/2/2026 2:39:58 PM","9/2/2026 2:39:58 PM",
"726","18.07008","9/2/2026 2:39:58 PM","9/2/2026 2:39:58 PM",
"727","18.07008","9/2/2026 2:39:58 PM","9/2/2026 2:39:58 PM",
"728","18.07039","9/2/2026 2:39:58 PM","9/2/2026 2:39:58 PM",
"729","18.07039","9/2/2026 2:39:58 PM","9/2/2026 2:39:58 PM",
"730","18.07052","9/2/2026 2:39:58 PM","9/2/2026 2:39:58 PM",
"731","18.07052","9/2/2026 2:39:58 PM","9/2/2026 2:39:58 PM",
"732","18.06873","9/2/2026 2:39:58 PM","9/2/2026 2:39:58 PM",
"733","18.06873","9/2/2026 2:39:58 PM","9/2/2026 2:39:58 PM",
"734","18.06879","9/2/2026 2:39:58 PM","9/2/2026 2:39:58 PM",
"735","18.06879","9/2/2026 2:39:58 PM","9/2/2026 2:39:58 PM",
"736","18.06883","9/2/2026 2:39:58 PM","9/2/2026 2:39:58 PM",
"737","18.06883","9/2/2026 2:39:58 PM","9/2/2026 2:39:58 PM",
"738","18.06851","9/2/2026 2:39:58 PM","9/2/2026 2:39:58 PM",
"739","18.06851","9/2/2026 2:39:58 PM","9/2/2026 2:39:58 PM",
"740","18.06737","9/2/2026 2:39:58 PM","9/2/2026 2:39:58 PM",
"741","18.06737","9/2/2026 2:39:58 PM","9/2/2026 2:39:58 PM",
"742","18.06656","9/2/2026 2:39:58 PM","9/2/2026 2:39:58 PM",
"743","18.06656","9/2/2026 2:39:58 PM","9/2/2026 2:39:58 PM",
"744","18.06533","9/2/2026 2:39:58 PM","9/2/2026 2:39:58 PM",
"745","18.06533","9/2/2026 2:39:58 PM","9/2/2026 2:39:58 PM",
"746","18.06698","9/2/2026 2:39:58 PM","9/2/2026 2:39:58 PM",
"747","18.06698","9/2/2026 2:39:58 PM","9/2/2026 2:39:58 PM",
"748","18.0654","9/2/2026 2:39:58 PM","9/2/2026 2:39:58 PM",
"749","18.0654","9/2/2026 2:39:58 PM","9/2/2026 2:39:58 PM",
"750","18.06476","9/2/2026 2:39:58 PM","9/2/2026 2:39:58 PM",
"751","18.06476","9/2/2026 2:39:58 PM","9/2/2026 2:39:58 PM",
"752","18.06567","9/2/2026 2:39:58 PM","9/2/2026 2:39:58 PM",
"753","18.06567","9/2/2026 2:39:58 PM","9/2/2026 2:39:58 PM",
"754","18.06447","9/2/2026 2:39:58 PM","9/2/2026 2:39:58 PM",
"755","18.06447","9/2/2026 2:39:58 PM","9/2/2026 2:39:58 PM",
"756","18.06419","9/2/2026 2:39:58 PM","9/2/2026 2:39:58 PM",
"757","18.06419","9/2/2026 2:39:58 PM","9/2/2026 2:39:58 PM",
"758","18.06415","9/2/2026 2:39:58 PM","9/2/2026 2:39:58 PM",
"759","18.06415","9/2/2026 2:39:58 PM","9/2/2026 2:39:58 PM",
"760","18.06358","9/2/2026 2:39:58 PM","9/2/2026 2:39:58 PM",
"761","18.06358","9/2/2026 2:39:58 PM","9/2/2026 2:39:58 PM",
"762","18.06334","9/2/2026 2:39:58 PM","9/2/2026 2:39:58 PM",
"763","18.06334","9/2/2026 2:39:58 PM","9/2/2026 2:39:58 PM",
"764","18.06299","9/2/2026 2:39:58 PM","9/2/2026 2:39:58 PM",
"765","18.06299","9/2/2026 2:39:58 PM","9/2/2026 2:39:58 PM",
"766","18.06223","9/2/2026 2:39:58 PM","9/2/2026 2:39:58 PM",
"767","18.06223","9/2/2026 2:39:58 PM","9/2/2026 2:39:58 PM",
"768","18.06258","9/2/2026 2:39:58 PM","9/2/2026 2:39:58 PM",
"769","18.06258","9/2/2026 2:39:58 PM","9/2/2026 2:39:58 PM",
"770","18.06203","9/2/2026 2:39:58 PM","9/2/2026 2:39:58 PM",
"771","18.06203","9/2/2026 2:39:58 PM","9/2/2026 2:39:58 PM",
"772","18.0622","9/2/2026 2:39:58 PM","9/2/2026 2:39:58 PM",
"773","18.0622","9/2/2026 2:39:58 PM","9/2/2026 2:39:58 PM",
"774","18.06039","9/2/2026 2:39:58 PM","9/2/2026 2:39:58 PM",
"775","18.06039","9/2/2026 2:39:58 PM","9/2/2026 2:39:58 PM",
"776","18.06175","9/2/2026 2:39:58 PM","9/2/2026 2:39:58 PM",
"777","18.06175","9/2/2026 2:39:58 PM","9/2/2026 2:39:58 PM",
"778","18.06066","9/2/2026 2:39:58 PM","9/2/2026 2:39:58 PM",
"779","18.06066","9/2/2026 2:39:58 PM","9/2/2026 2:39:58 PM",
"780","18.06068","9/2/2026 2:39:58 PM","9/2/2026 2:39:58 PM",
"781","18.06068","9/2/2026 2:39:58 PM","9/2/2026 2:39:58 PM",
"782","18.06025","9/2/2026 2:39:58 PM","9/2/2026 2:39:58 PM",
"783","18.06025","9/2/2026 2:39:58 PM","9/2/2026 2:39:58 PM",
"784","18.06025","9/2/2026 2:39:58 PM","9/2/2026 2:39:58 PM",
"785","18.06025","9/2/2026 2:39:58 PM","9/2/2026 2:39:58 PM",
"786","18.05911","9/2/2026 2:39:58 PM","9/2/2026 2:39:58 PM",
"787","18.05911","9/2/2026 2:39:58 PM","9/2/2026 2:39:58 PM",
"788","18.06002","9/2/2026 2:39:58 PM","9/2/2026 2:39:58 PM",
"789","18.06002","9/2/2026 2:39:58 PM","9/2/2026 2:39:58 PM",
"790","18.06019","9/2/2026 2:39:58 PM","9/2/2026 2:39:58 PM",
"791","18.06019","9/2/2026 2:39:58 PM","9/2/2026 2:39:58 PM",
"792","18.05996","9/2/2026 2:39:58 PM","9/2/2026 2:39:58 PM",
"793","18.05996","9/2/2026 2:39:58 PM","9/2/2026 2:39:58 PM",
"794","18.05935","9/2/2026 2:39:58 PM","9/2/2026 2:39:58 PM",
"795","18.05935","9/2/2026 2:39:58 PM","9/2/2026 2:39:58 PM",
"796","18.06015","9/2/2026 2:39:58 PM","9/2/2026 2:39:58 PM",
"797","18.06015","9/2/2026 2:39:58 PM","9/2/2026 2:39:58 PM",
"798","18.05894","9/2/2026 2:39:58 PM","9/2/2026 2:39:58 PM",
"799","18.05894","9/2/2026 2:39:58 PM","9/2/2026 2:39:58 PM",
"800","18.05791","9/2/2026 2:39:58 PM","9/2/2026 2:39:58 PM",
"801","18.05791","9/2/2026 2:39:58 PM","9/2/2026 2:39:58 PM",
"802","18.05849","9/2/2026 2:39:58 PM","9/2/2026 2:39:58 PM",
"803","18.05849","9/2/2026 2:39:58 PM","9/2/2026 2:39:58 PM",
"804","18.05902","9/2/2026 2:39:58 PM","9/2/2026 2:39:58 PM",
"805","18.05902","9/2/2026 2:39:58 PM","9/2/2026 2:39:58 PM",
"806","18.05777","9/2/2026 2:39:58 PM","9/2/2026 2:39:58 PM",
"807","18.05777","9/2/2026 2:39:58 PM","9/2/2026 2:39:58 PM",
"808","18.05789","9/2/2026 2:39:58 PM","9/2/2026 2:39:58 PM",
"809","18.05789","9/2/2026 2:39:58 PM","9/2/2026 2:39:58 PM",
"810","18.05774","9/2/2026 2:39:58 PM","9/2/2026 2:39:58 PM",
"811","18.05774","9/2/2026 2:39:58 PM","9/2/2026 2:39:58 PM",
"812","18.05786","9/2/2026 2:39:58 PM","9/2/2026 2:39:58 PM",
"813","18.05786","9/2/2026 2:39:58 PM","9/2/2026 2:39:58 PM",
"814","18.05693","9/2/2026 2:39:58 PM","9/2/2026 2:39:58 PM",
"815","18.05693","9/2/2026 2:39:58 PM","9/2/2026 2:39:58 PM",
"816","18.05676","9/2/2026 2:39:58 PM","9/2/2026 2:39:58 PM",
"817","18.05676","9/2/2026 2:39:58 PM","9/2/2026 2:39:58 PM",
"818","18.05587","9/2/2026 2:39:58 PM","9/2/2026 2:39:58 PM",
"819","18.05587","9/2/2026 2:39:59 PM","9/2/2026 2:39:59 PM",
"820","18.05525","9/2/2026 2:39:59 PM","9/2/2026 2:39:59 PM",
"821","18.05525","9/2/2026 2:39:59 PM","9/2/2026 2:39:59 PM",
"822","18.05514","9/2/2026 2:39:59 PM","9/2/2026 2:39:59 PM",
"823","18.05514","9/2/2026 2:39:59 PM","9/2/2026 2:39:59 PM",
"824","18.05573","9/2/2026 2:39:59 PM","9/2/2026 2:39:59 PM",
"825","18.05573","9/2/2026 2:39:59 PM","9/2/2026 2:39:59 PM",
"826","18.05428","9/2/2026 2:39:59 PM","9/2/2026 2:39:59 PM",
"827","18.05428","9/2/2026 2:39:59 PM","9/2/2026 2:39:59 PM",
"828","18.05468","9/2/2026 2:39:59 PM","9/2/2026 2:39:59 PM",
"829","18.05468","9/2/2026 2:39:59 PM","9/2/2026 2:39:59 PM",
"830","18.05399","9/2/2026 2:39:59 PM","9/2/2026 2:39:59 PM",
"831","18.05399","9/2/2026 2:39:59 PM","9/2/2026 2:39:59 PM",
"832","18.05419","9/2/2026 2:39:59 PM","9/2/2026 2:39:59 PM",
"833","18.05419","9/2/2026 2:39:59 PM","9/2/2026 2:39:59 PM",
"834","18.05255","9/2/2026 2:39:59 PM","9/2/2026 2:39:59 PM",
"835","18.05255","9/2/2026 2:39:59 PM","9/2/2026 2:39:59 PM",
"836","18.0523","9/2/2026 2:39:59 PM","9/2/2026 2:39:59 PM",
"837","18.0523","9/2/2026 2:39:59 PM","9/2/2026 2:39:59 PM",
"838","18.0519","9/2/2026 2:39:59 PM","9/2/2026 2:39:59 PM",
"839","18.0519","9/2/2026 2:39:59 PM","9/2/2026 2:39:59 PM",
"840","18.0516","9/2/2026 2:39:59 PM","9/2/2026 2:39:59 PM",
"841","18.0516","9/2/2026 2:39:59 PM","9/2/2026 2:39:59 PM",
"842","18.0513","9/2/2026 2:39:59 PM","9/2/2026 2:39:59 PM",
"843","18.0513","9/2/2026 2:39:59 PM","9/2/2026 2:39:59 PM",
"844","18.05099","9/2/2026 2:39:59 PM","9/2/2026 2:39:59 PM",
"845","18.05099","9/2/2026 2:39:59 PM","9/2/2026 2:39:59 PM",
"846","18.0506","9/2/2026 2:39:59 PM","9/2/2026 2:39:59 PM",
"847","18.0506","9/2/2026 2:39:59 PM","9/2/2026 2:39:59 PM",
"848","18.05047","9/2/2026 2:39:59 PM","9/2/2026 2:39:59 PM",
"849","18.05047","9/2/2026 2:39:59 PM","9/2/2026 2:39:59 PM",
"850","18.05002","9/2/2026 2:39:59 PM","9/2/2026 2:39:59 PM",
"851","18.05002","9/2/2026 2:39:59 PM","9/2/2026 2:39:59 PM",
"852","18.04987","9/2/2026 2:39:59 PM","9/2/2026 2:39:59 PM",
"853","18.04987","9/2/2026 2:39:59 PM","9/2/2026 2:39:59 PM",
"854","18.04912","9/2/2026 2:39:59 PM","9/2/2026 2:39:59 PM",
"855","18.04912","9/2/2026 2:39:59 PM","9/2/2026 2:39:59 PM",
"856","18.04918","9/2/2026 2:39:59 PM","9/2/2026 2:39:59 PM",
"857","18.04918","9/2/2026 2:39:59 PM","9/2/2026 2:39:59 PM",
"858","18.04872","9/2/2026 2:39:59 PM","9/2/2026 2:39:59 PM",
"859","18.04872","9/2/2026 2:39:59 PM","9/2/2026 2:39:59 PM",
"860","18.04744","9/2/2026 2:39:59 PM","9/2/2026 2:39:59 PM",
"861","18.04744","9/2/2026 2:39:59 PM","9/2/2026 2:39:59 PM",
"862","18.04755","9/2/2026 2:39:59 PM","9/2/2026 2:39:59 PM",
"863","18.04755","9/2/2026 2:39:59 PM","9/2/2026 2:39:59 PM",
"864","18.04692","9/2/2026 2:39:59 PM","9/2/2026 2:39:59 PM",
"865","18.04692","9/2/2026 2:39:59 PM","9/2/2026 2:39:59 PM",
"866","18.0471","9/2/2026 2:39:59 PM","9/2/2026 2:39:59 PM",
"867","18.0471","9/2/2026 2:39:59 PM","9/2/2026 2:39:59 PM",
"868","18.04641","9/2/2026 2:39:59 PM","9/2/2026 2:39:59 PM",
"869","18.04641","9/2/2026 2:39:59 PM","9/2/2026 2:39:59 PM",
"870","18.04674","9/2/2026 2:39:59 PM","9/2/2026 2:39:59 PM",
"871","18.04674","9/2/2026 2:39:59 PM","9/2/2026 2:39:59 PM",
"872","18.04645","9/2/2026 2:39:59 PM","9/2/2026 2:39:59 PM",
"873","18.04645","9/2/2026 2:39:59 PM","9/2/2026 2:39:59 PM",
"874","18.04532","9/2/2026 2:39:59 PM","9/2/2026 2:39:59 PM",
"875","18.04532","9/2/2026 2:39:59 PM","9/2/2026 2:39:59 PM",
"876","18.04576","9/2/2026 2:39:59 PM","9/2/2026 2:39:59 PM",
"877","18.04576","9/2/2026 2:39:59 PM","9/2/2026 2:39:59 PM",
"878","18.04487","9/2/2026 2:39:59 PM","9/2/2026 2:39:59 PM",
"879","18.04487","9/2/2026 2:39:59 PM","9/2/2026 2:39:59 PM",
"880","18.04493","9/2/2026 2:39:59 PM","9/2/2026 2:39:59 PM",
"881","18.04493","9/2/2026 2:39:59 PM","9/2/2026 2:39:59 PM",
"882","18.04504","9/2/2026 2:39:59 PM","9/2/2026 2:39:59 PM",
"883","18.04504","9/2/2026 2:39:59 PM","9/2/2026 2:39:59 PM",
"884","18.04563","9/2/2026 2:39:59 PM","9/2/2026 2:39:59 PM",
"885","18.04563","9/2/2026 2:39:59 PM","9/2/2026 2:39:59 PM",
"886","18.04306","9/2/2026 2:39:59 PM","9/2/2026 2:39:59 PM",
"887","18.04306","9/2/2026 2:39:59 PM","9/2/2026 2:39:59 PM",
"888","18.04416","9/2/2026 2:39:59 PM","9/2/2026 2:39:59 PM",
"889","18.04416","9/2/2026 2:39:59 PM","9/2/2026 2:39:59 PM",
"890","18.04342","9/2/2026 2:39:59 PM","9/2/2026 2:39:59 PM",
"891","18.04342","9/2/2026 2:39:59 PM","9/2/2026 2:39:59 PM",
"892","18.04308","9/2/2026 2:39:59 PM","9/2/2026 2:39:59 PM",
"893","18.04308","9/2/2026 2:39:59 PM","9/2/2026 2:39:59 PM",
"894","18.04295","9/2/2026 2:39:59 PM","9/2/2026 2:39:59 PM",
"895","18.04295","9/2/2026 2:39:59 PM","9/2/2026 2:39:59 PM",
"896","18.04293","9/2/2026 2:39:59 PM","9/2/2026 2:39:59 PM",
"897","18.04293","9/2/2026 2:39:59 PM","9/2/2026 2:39:59 PM",
"898","18.04202","9/2/2026 2:39:59 PM","9/2/2026 2:39:59 PM",
"899","18.04202","9/2/2026 2:39:59 PM","9/2/2026 2:39:59 PM",
"900","18.04188","9/2/2026 2:39:59 PM","9/2/2026 2:39:59 PM",
"901","18.04188","9/2/2026 2:39:59 PM","9/2/2026 2:39:59 PM",
"902","18.04227","9/2/2026 2:39:59 PM","9/2/2026 2:39:59 PM",
"903","18.04227","9/2/2026 2:39:59 PM","9/2/2026 2:39:59 PM",
"904","18.04086","9/2/2026 2:39:59 PM","9/2/2026 2:39:59 PM",
"905","18.04086","9/2/2026 2:39:59 PM","9/2/2026 2:39:59 PM",
"906","18.0415","9/2/2026 2:39:59 PM","9/2/2026 2:39:59 PM",
"907","18.0415","9/2/2026 2:39:59 PM","9/2/2026 2:39:59 PM",
"908","18.0415","9/2/2026 2:39:59 PM","9/2/2026 2:39:59 PM",
"909","18.04057","9/2/2026 2:39:59 PM","9/2/2026 2:39:59 PM",
"910","18.04057","9/2/2026 2:39:59 PM","9/2/2026 2:39:59 PM",
"911","18.04019","9/2/2026 2:39:59 PM","9/2/2026 2:39:59 PM",
"912","18.04019","9/2/2026 2:39:59 PM","9/2/2026 2:39:59 PM",
"913","18.03995","9/2/2026 2:39:59 PM","9/2/2026 2:39:59 PM",
"914","18.03995","9/2/2026 2:39:59 PM","9/2/2026 2:39:59 PM",
"915","18.04043","9/2/2026 2:39:59 PM","9/2/2026 2:39:59 PM",
"916","18.04043","9/2/2026 2:39:59 PM","9/2/2026 2:39:59 PM",
"917","18.0394","9/2/2026 2:39:59 PM","9/2/2026 2:39:59 PM",
"918","18.0394","9/2/2026 2:39:59 PM","9/2/2026 2:39:59 PM",
"919","18.03836","9/2/2026 2:40:00 PM","9/2/2026 2:40:00 PM",
"920","18.03836","9/2/2026 2:40:00 PM","9/2/2026 2:40:00 PM",
"921","18.03892","9/2/2026 2:40:00 PM","9/2/2026 2:40:00 PM",
"922","18.03892","9/2/2026 2:40:00 PM","9/2/2026 2:40:00 PM",
"923","18.03963","9/2/2026 2:40:00 PM","9/2/2026 2:40:00 PM",
"924","18.03963","9/2/2026 2:40:00 PM","9/2/2026 2:40:00 PM",
"925","18.03881","9/2/2026 2:40:00 PM","9/2/2026 2:40:00 PM",
"926","18.03881","9/2/2026 2:40:00 PM","9/2/2026 2:40:00 PM",
"927","18.03889","9/2/2026 2:40:00 PM","9/2/2026 2:40:00 PM",
"928","18.03889","9/2/2026 2:40:00 PM","9/2/2026 2:40:00 PM",
"929","18.0379","9/2/2026 2:40:00 PM","9/2/2026 2:40:00 PM",
"930","18.0379","9/2/2026 2:40:00 PM","9/2/2026 2:40:00 PM",
"931","18.03814","9/2/2026 2:40:00 PM","9/2/2026 2:40:00 PM",
"932","18.03814","9/2/2026 2:40:00 PM","9/2/2026 2:40:00 PM",
"933","18.03759","9/2/2026 2:40:00 PM","9/2/2026 2:40:00 PM",
"934","18.03759","9/2/2026 2:40:00 PM","9/2/2026 2:40:00 PM",
"935","18.03756","9/2/2026 2:40:00 PM","9/2/2026 2:40:00 PM",
"936","18.03756","9/2/2026 2:40:00 PM","9/2/2026 2:40:00 PM",
"937","18.03675","9/2/2026 2:40:00 PM","9/2/2026 2:40:00 PM",
"938","18.03675","9/2/2026 2:40:00 PM","9/2/2026 2:40:00 PM",
"939","18.03684","9/2/2026 2:40:00 PM","9/2/2026 2:40:00 PM",
"940","18.03684","9/2/2026 2:40:00 PM","9/2/2026 2:40:00 PM",
"941","18.0357","9/2/2026 2:40:00 PM","9/2/2026 2:40:00 PM",
"942","18.0357","9/2/2026 2:40:00 PM","9/2/2026 2:40:00 PM",
"943","18.03696","9/2/2026 2:40:00 PM","9/2/2026 2:40:00 PM",
"944","18.03696","9/2/2026 2:40:00 PM","9/2/2026 2:40:00 PM",
"945","18.03646","9/2/2026 2:40:00 PM","9/2/2026 2:40:00 PM",
"946","18.03646","9/2/2026 2:40:00 PM","9/2/2026 2:40:00 PM",
"947","18.03587","9/2/2026 2:40:00 PM","9/2/2026 2:40:00 PM",
"948","18.03587","9/2/2026 2:40:00 PM","9/2/2026 2:40:00 PM",
"949","18.03538","9/2/2026 2:40:00 PM","9/2/2026 2:40:00 PM",
"950","18.03538","9/2/2026 2:40:00 PM","9/2/2026 2:40:00 PM",
"951","18.03538","9/2/2026 2:40:00 PM","9/2/2026 2:40:00 PM",
"952","18.03538","9/2/2026 2:40:00 PM","9/2/2026 2:40:00 PM",
"953","18.03555","9/2/2026 2:40:00 PM","9/2/2026 2:40:00 PM",
"954","18.03555","9/2/2026 2:40:00 PM","9/2/2026 2:40:00 PM",
"955","18.0341","9/2/2026 2:40:00 PM","9/2/2026 2:40:00 PM",
"956","18.0341","9/2/2026 2:40:00 PM","9/2/2026 2:40:00 PM",
"957","18.03506","9/2/2026 2:40:00 PM","9/2/2026 2:40:00 PM",
"958","18.03506","9/2/2026 2:40:00 PM","9/2/2026 2:40:00 PM",
"959","18.03549","9/2/2026 2:40:00 PM","9/2/2026 2:40:00 PM",
"960","18.03549","9/2/2026 2:40:00 PM","9/2/2026 2:40:00 PM",
"961","18.03489","9/2/2026 2:40:00 PM","9/2/2026 2:40:00 PM",
"962","18.03489","9/2/2026 2:40:00 PM","9/2/2026 2:40:00 PM",
"963","18.03382","9/2/2026 2:40:00 PM","9/2/2026 2:40:00 PM",
"964","18.03382","9/2/2026 2:40:00 PM","9/2/2026 2:40:00 PM",
"965","18.03324","9/2/2026 2:40:00 PM","9/2/2026 2:40:00 PM",
"966","18.03324","9/2/2026 2:40:00 PM","9/2/2026 2:40:00 PM",
"967","18.0339","9/2/2026 2:40:00 PM","9/2/2026 2:40:00 PM",
"968","18.0339","9/2/2026 2:40:00 PM","9/2/2026 2:40:00 PM",
"969","18.03317","9/2/2026 2:40:00 PM","9/2/2026 2:40:00 PM",
"970","18.03317","9/2/2026 2:40:00 PM","9/2/2026 2:40:00 PM",
"971","18.03329","9/2/2026 2:40:00 PM","9/2/2026 2:40:00 PM",
"972","18.03329","9/2/2026 2:40:00 PM","9/2/2026 2:40:00 PM",
"973","18.03205","9/2/2026 2:40:00 PM","9/2/2026 2:40:00 PM",
"974","18.03205","9/2/2026 2:40:00 PM","9/2/2026 2:40:00 PM",
"975","18.03181","9/2/2026 2:40:00 PM","9/2/2026 2:40:00 PM",
"976","18.03181","9/2/2026 2:40:00 PM","9/2/2026 2:40:00 PM",
"977","18.03131","9/2/2026 2:40:00 PM","9/2/2026 2:40:00 PM",
"978","18.03131","9/2/2026 2:40:00 PM","9/2/2026 2:40:00 PM",
"979","18.03231","9/2/2026 2:40:00 PM","9/2/2026 2:40:00 PM",
"980","18.03231","9/2/2026 2:40:00 PM","9/2/2026 2:40:00 PM",
"981","18.03125","9/2/2026 2:40:00 PM","9/2/2026 2:40:00 PM",
"982","18.03125","9/2/2026 2:40:00 PM","9/2/2026 2:40:00 PM",
"983","18.031","9/2/2026 2:40:00 PM","9/2/2026 2:40:00 PM",
"984","18.031","9/2/2026 2:40:00 PM","9/2/2026 2:40:00 PM",
"985","18.03087","9/2/2026 2:40:00 PM","9/2/2026 2:40:00 PM",
"986","18.03087","9/2/2026 2:40:00 PM","9/2/2026 2:40:00 PM",
"987","18.03086","9/2/2026 2:40:00 PM","9/2/2026 2:40:00 PM",
"988","18.03086","9/2/2026 2:40:00 PM","9/2/2026 2:40:00 PM",
"989","18.03038","9/2/2026 2:40:00 PM","9/2/2026 2:40:00 PM",
"990","18.03038","9/2/2026 2:40:00 PM","9/2/2026 2:40:00 PM",
"991","18.02983","9/2/2026 2:40:00 PM","9/2/2026 2:40:00 PM",
"992","18.02983","9/2/2026 2:40:00 PM","9/2/2026 2:40:00 PM",
"993","18.02925","9/2/2026 2:40:00 PM","9/2/2026 2:40:00 PM",
"994","18.02925","9/2/2026 2:40:00 PM","9/2/2026 2:40:00 PM",
"995","18.02934","9/2/2026 2:40:00 PM","9/2/2026 2:40:00 PM",
"996","18.02934","9/2/2026 2:40:00 PM","9/2/2026 2:40:00 PM",
"997","18.02968","9/2/2026 2:40:00 PM","9/2/2026 2:40:00 PM",
"998","18.02968","9/2/2026 2:40:00 PM","9/2/2026 2:40:00 PM",
"999","18.02892","9/2/2026 2:40:00 PM","9/2/2026 2:40:00 PM",
"1000","18.02892","9/2/2026 2:40:00 PM","9/2/2026 2:40:00 PM",
"1001","18.02788","9/2/2026 2:40:00 PM","9/2/2026 2:40:00 PM",
"1002","18.02788","9/2/2026 2:40:00 PM","9/2/2026 2:40:00 PM",
"1003","18.02701","9/2/2026 2:40:00 PM","9/2/2026 2:40:00 PM",
"1004","18.02701","9/2/2026 2:40:00 PM","9/2/2026 2:40:00 PM",
"1005","18.02703","9/2/2026 2:40:00 PM","9/2/2026 2:40:00 PM",
"1006","18.02703","9/2/2026 2:40:00 PM","9/2/2026 2:40:00 PM",
"1007","18.02636","9/2/2026 2:40:00 PM","9/2/2026 2:40:00 PM",
"1008","18.02636","9/2/2026 2:40:00 PM","9/2/2026 2:40:00 PM",
"1009","18.02715","9/2/2026 2:40:00 PM","9/2/2026 2:40:00 PM",
"1010","18.02715","9/2/2026 2:40:00 PM","9/2/2026 2:40:00 PM",
"1011","18.02662","9/2/2026 2:40:00 PM","9/2/2026 2:40:00 PM",
"1012","18.02662","9/2/2026 2:40:00 PM","9/2/2026 2:40:00 PM",
"1013","18.02701","9/2/2026 2:40:00 PM","9/2/2026 2:40:00 PM",
"1014","18.02701","9/2/2026 2:40:00 PM","9/2/2026 2:40:00 PM",
"1015","18.02455","9/2/2026 2:40:00 PM","9/2/2026 2:40:00 PM",
"1016","18.02455","9/2/2026 2:40:00 PM","9/2/2026 2:40:00 PM",
"1017","18.02394","9/2/2026 2:40:00 PM","9/2/2026 2:40:00 PM",
"1018","18.02394","9/2/2026 2:40:00 PM","9/2/2026 2:40:00 PM",
"1019","18.02418","9/2/2026 2:40:01 PM","9/2/2026 2:40:01 PM",
"1020","18.02418","9/2/2026 2:40:01 PM","9/2/2026 2:40:01 PM",
"1021","18.02373","9/2/2026 2:40:01 PM","9/2/2026 2:40:01 PM",
"1022","18.02373","9/2/2026 2:40:01 PM","9/2/2026 2:40:01 PM",
"1023","18.02453","9/2/2026 2:40:01 PM","9/2/2026 2:40:01 PM",
"1024","18.02453","9/2/2026 2:40:01 PM","9/2/2026 2:40:01 PM",
"1025","18.02283","9/2/2026 2:40:01 PM","9/2/2026 2:40:01 PM",
"1026","18.02283","9/2/2026 2:40:01 PM","9/2/2026 2:40:01 PM",
"1027","18.0237","9/2/2026 2:40:01 PM","9/2/2026 2:40:01 PM",
"1028","18.0237","9/2/2026 2:40:01 PM","9/2/2026 2:40:01 PM",
"1029","18.02207","9/2/2026 2:40:01 PM","9/2/2026 2:40:01 PM",
"1030","18.02207","9/2/2026 2:40:01 PM","9/2/2026 2:40:01 PM",
"1031","18.02259","9/2/2026 2:40:01 PM","9/2/2026 2:40:01 PM",
"1032","18.02259","9/2/2026 2:40:01 PM","9/2/2026 2:40:01 PM",
"1033","18.021","9/2/2026 2:40:01 PM","9/2/2026 2:40:01 PM",
"1034","18.021","9/2/2026 2:40:01 PM","9/2/2026 2:40:01 PM",
"1035","18.02103","9/2/2026 2:40:01 PM","9/2/2026 2:40:01 PM",
"1036","18.02103","9/2/2026 2:40:01 PM","9/2/2026 2:40:01 PM",
"1037","18.01991","9/2/2026 2:40:01 PM","9/2/2026 2:40:01 PM",
"1038","18.01991","9/2/2026 2:40:01 PM","9/2/2026 2:40:01 PM",
"1039","18.02024","9/2/2026 2:40:01 PM","9/2/2026 2:40:01 PM",
"1040","18.02024","9/2/2026 2:40:01 PM","9/2/2026 2:40:01 PM",
"1041","18.01919","9/2/2026 2:40:01 PM","9/2/2026 2:40:01 PM",
"1042","18.01919","9/2/2026 2:40:01 PM","9/2/2026 2:40:01 PM",
"1043","18.01772","9/2/2026 2:40:01 PM","9/2/2026 2:40:01 PM",
"1044","18.01772","9/2/2026 2:40:01 PM","9/2/2026 2:40:01 PM",
"1045","18.01772","9/2/2026 2:40:01 PM","9/2/2026 2:40:01 PM",
"1046","18.01772","9/2/2026 2:40:01 PM","9/2/2026 2:40:01 PM",
"1047","18.01844","9/2/2026 2:40:01 PM","9/2/2026 2:40:01 PM",
"1048","18.01844","9/2/2026 2:40:01 PM","9/2/2026 2:40:01 PM",
"1049","18.01727","9/2/2026 2:40:01 PM","9/2/2026 2:40:01 PM",
"1050","18.01727","9/2/2026 2:40:01 PM","9/2/2026 2:40:01 PM",
"1051","18.01819","9/2/2026 2:40:01 PM","9/2/2026 2:40:01 PM",
"1052","18.01819","9/2/2026 2:40:01 PM","9/2/2026 2:40:01 PM",
"1053","18.01668","9/2/2026 2:40:01 PM","9/2/2026 2:40:01 PM",
"1054","18.01668","9/2/2026 2:40:01 PM","9/2/2026 2:40:01 PM",
"1055","18.0167","9/2/2026 2:40:01 PM","9/2/2026 2:40:01 PM",
"1056","18.0167","9/2/2026 2:40:01 PM","9/2/2026 2:40:01 PM",
"1057","18.01431","9/2/2026 2:40:01 PM","9/2/2026 2:40:01 PM",
"1058","18.01431","9/2/2026 2:40:01 PM","9/2/2026 2:40:01 PM",
"1059","18.01697","9/2/2026 2:40:01 PM","9/2/2026 2:40:01 PM",
"1060","18.01697","9/2/2026 2:40:01 PM","9/2/2026 2:40:01 PM",
"1061","18.01445","9/2/2026 2:40:01 PM","9/2/2026 2:40:01 PM",
"1062","18.01445","9/2/2026 2:40:01 PM","9/2/2026 2:40:01 PM",
"1063","18.01529","9/2/2026 2:40:01 PM","9/2/2026 2:40:01 PM",
"1064","18.01529","9/2/2026 2:40:01 PM","9/2/2026 2:40:01 PM",
"1065","18.01381","9/2/2026 2:40:01 PM","9/2/2026 2:40:01 PM",
"1066","18.01381","9/2/2026 2:40:01 PM","9/2/2026 2:40:01 PM",
"1067","18.01531","9/2/2026 2:40:01 PM","9/2/2026 2:40:01 PM",
"1068","18.01531","9/2/2026 2:40:01 PM","9/2/2026 2:40:01 PM",
"1069","18.0128","9/2/2026 2:40:01 PM","9/2/2026 2:40:01 PM",
"1070","18.0128","9/2/2026 2:40:01 PM","9/2/2026 2:40:01 PM",
"1071","18.01375","9/2/2026 2:40:01 PM","9/2/2026 2:40:01 PM",
"1072","18.01375","9/2/2026 2:40:01 PM","9/2/2026 2:40:01 PM",
"1073","18.01287","9/2/2026 2:40:01 PM","9/2/2026 2:40:01 PM",
"1074","18.01287","9/2/2026 2:40:01 PM","9/2/2026 2:40:01 PM",
"1075","18.01202","9/2/2026 2:40:01 PM","9/2/2026 2:40:01 PM",
"1076","18.01202","9/2/2026 2:40:01 PM","9/2/2026 2:40:01 PM",
"1077","18.01037","9/2/2026 2:40:01 PM","9/2/2026 2:40:01 PM",
"1078","18.01037","9/2/2026 2:40:01 PM","9/2/2026 2:40:01 PM",
"1079","18.0115","9/2/2026 2:40:01 PM","9/2/2026 2:40:01 PM",
"1080","18.0115","9/2/2026 2:40:01 PM","9/2/2026 2:40:01 PM",
"1081","18.01115","9/2/2026 2:40:01 PM","9/2/2026 2:40:01 PM",
"1082","18.01115","9/2/2026 2:40:01 PM","9/2/2026 2:40:01 PM",
"1083","18.01108","9/2/2026 2:40:01 PM","9/2/2026 2:40:01 PM",
"1084","18.01108","9/2/2026 2:40:01 PM","9/2/2026 2:40:01 PM",
"1085","18.00916","9/2/2026 2:40:01 PM","9/2/2026 2:40:01 PM",
"1086","18.00916","9/2/2026 2:40:01 PM","9/2/2026 2:40:01 PM",
"1087","18.00976","9/2/2026 2:40:01 PM","9/2/2026 2:40:01 PM",
"1088","18.00976","9/2/2026 2:40:01 PM","9/2/2026 2:40:01 PM",
"1089","18.00811","9/2/2026 2:40:01 PM","9/2/2026 2:40:01 PM",
"1090","18.00811","9/2/2026 2:40:01 PM","9/2/2026 2:40:01 PM",
"1091","18.00941","9/2/2026 2:40:01 PM","9/2/2026 2:40:01 PM",
"1092","18.00941","9/2/2026 2:40:01 PM","9/2/2026 2:40:01 PM",
"1093","18.0079","9/2/2026 2:40:01 PM","9/2/2026 2:40:01 PM",
"1094","18.0079","9/2/2026 2:40:01 PM","9/2/2026 2:40:01 PM",
"1095","18.00882","9/2/2026 2:40:01 PM","9/2/2026 2:40:01 PM",
"1096","18.00882","9/2/2026 2:40:01 PM","9/2/2026 2:40:01 PM",
"1097","18.00743","9/2/2026 2:40:01 PM","9/2/2026 2:40:01 PM",
"1098","18.00743","9/2/2026 2:40:01 PM","9/2/2026 2:40:01 PM",
"1099","18.00835","9/2/2026 2:40:01 PM","9/2/2026 2:40:01 PM",
"1100","18.00835","9/2/2026 2:40:01 PM","9/2/2026 2:40:01 PM",
"1101","18.00638","9/2/2026 2:40:01 PM","9/2/2026 2:40:01 PM",
"1102","18.00638","9/2/2026 2:40:01 PM","9/2/2026 2:40:01 PM",
"1103","18.0071","9/2/2026 2:40:01 PM","9/2/2026 2:40:01 PM",
"1104","18.0071","9/2/2026 2:40:01 PM","9/2/2026 2:40:01 PM",
"1105","18.0071","9/2/2026 2:40:01 PM","9/2/2026 2:40:01 PM",
"1106","18.00498","9/2/2026 2:40:01 PM","9/2/2026 2:40:01 PM",
"1107","18.00498","9/2/2026 2:40:01 PM","9/2/2026 2:40:01 PM",
"1108","18.00549","9/2/2026 2:40:01 PM","9/2/2026 2:40:01 PM",
"1109","18.00549","9/2/2026 2:40:01 PM","9/2/2026 2:40:01 PM",
"1110","18.00585","9/2/2026 2:40:01 PM","9/2/2026 2:40:01 PM",
"1111","18.00585","9/2/2026 2:40:01 PM","9/2/2026 2:40:01 PM",
"1112","18.0054","9/2/2026 2:40:01 PM","9/2/2026 2:40:01 PM",
"1113","18.0054","9/2/2026 2:40:01 PM","9/2/2026 2:40:01 PM",
"1114","18.005","9/2/2026 2:40:01 PM","9/2/2026 2:40:01 PM",
"1115","18.005","9/2/2026 2:40:01 PM","9/2/2026 2:40:01 PM",
"1116","18.00353","9/2/2026 2:40:01 PM","9/2/2026 2:40:01 PM",
"1117","18.00353","9/2/2026 2:40:01 PM","9/2/2026 2:40:01 PM",
"1118","18.00407","9/2/2026 2:40:01 PM","9/2/2026 2:40:01 PM",
"1119","18.00407","9/2/2026 2:40:02 PM","9/2/2026 2:40:02 PM",
"1120","18.0029","9/2/2026 2:40:02 PM","9/2/2026 2:40:02 PM",
"1121","18.0029","9/2/2026 2:40:02 PM","9/2/2026 2:40:02 PM",
"1122","18.00268","9/2/2026 2:40:02 PM","9/2/2026 2:40:02 PM",
"1123","18.00268","9/2/2026 2:40:02 PM","9/2/2026 2:40:02 PM",
"1124","18.00208","9/2/2026 2:40:02 PM","9/2/2026 2:40:02 PM",
"1125","18.00208","9/2/2026 2:40:02 PM","9/2/2026 2:40:02 PM",
"1126","18.00275","9/2/2026 2:40:02 PM","9/2/2026 2:40:02 PM",
"1127","18.00275","9/2/2026 2:40:02 PM","9/2/2026 2:40:02 PM",
"1128","18.00341","9/2/2026 2:40:02 PM","9/2/2026 2:40:02 PM",
"1129","18.00341","9/2/2026 2:40:02 PM","9/2/2026 2:40:02 PM",
"1130","18.00278","9/2/2026 2:40:02 PM","9/2/2026 2:40:02 PM",
"1131","18.00278","9/2/2026 2:40:02 PM","9/2/2026 2:40:02 PM",
"1132","18.00247","9/2/2026 2:40:02 PM","9/2/2026 2:40:02 PM",
"1133","18.00247","9/2/2026 2:40:02 PM","9/2/2026 2:40:02 PM",
"1134","18.00227","9/2/2026 2:40:02 PM","9/2/2026 2:40:02 PM",
"1135","18.00227","9/2/2026 2:40:02 PM","9/2/2026 2:40:02 PM",
"1136","18.00059","9/2/2026 2:40:02 PM","9/2/2026 2:40:02 PM",
"1137","18.00059","9/2/2026 2:40:02 PM","9/2/2026 2:40:02 PM",
"1138","18.00019","9/2/2026 2:40:02 PM","9/2/2026 2:40:02 PM",
"1139","18.00019","9/2/2026 2:40:02 PM","9/2/2026 2:40:02 PM",
"1140","18.00076","9/2/2026 2:40:02 PM","9/2/2026 2:40:02 PM",
"1141","18.00076","9/2/2026 2:40:02 PM","9/2/2026 2:40:02 PM",
"1142","18.00156","9/2/2026 2:40:02 PM","9/2/2026 2:40:02 PM",
"1143","18.00156","9/2/2026 2:40:02 PM","9/2/2026 2:40:02 PM",
"1144","18.00023","9/2/2026 2:40:02 PM","9/2/2026 2:40:02 PM",
"1145","18.00023","9/2/2026 2:40:02 PM","9/2/2026 2:40:02 PM",
"1146","17.99969","9/2/2026 2:40:02 PM","9/2/2026 2:40:02 PM",
"1147","17.99969","9/2/2026 2:40:02 PM","9/2/2026 2:40:02 PM",
"1148","17.99889","9/2/2026 2:40:02 PM","9/2/2026 2:40:02 PM",
"1149","17.99889","9/2/2026 2:40:02 PM","9/2/2026 2:40:02 PM",
"1150","17.99861","9/2/2026 2:40:02 PM","9/2/2026 2:40:02 PM",
"1151","17.99861","9/2/2026 2:40:02 PM","9/2/2026 2:40:02 PM",
"1152","17.99899","9/2/2026 2:40:02 PM","9/2/2026 2:40:02 PM",
"1153","17.99899","9/2/2026 2:40:02 PM","9/2/2026 2:40:02 PM",
"1154","17.99812","9/2/2026 2:40:02 PM","9/2/2026 2:40:02 PM",
"1155","17.99812","9/2/2026 2:40:02 PM","9/2/2026 2:40:02 PM",
"1156","17.99795","9/2/2026 2:40:02 PM","9/2/2026 2:40:02 PM",
"1157","17.99795","9/2/2026 2:40:02 PM","9/2/2026 2:40:02 PM",
"1158","17.99812","9/2/2026 2:40:02 PM","9/2/2026 2:40:02 PM",
"1159","17.99812","9/2/2026 2:40:02 PM","9/2/2026 2:40:02 PM",
"1160","17.99786","9/2/2026 2:40:02 PM","9/2/2026 2:40:02 PM",
"1161","17.99786","9/2/2026 2:40:02 PM","9/2/2026 2:40:02 PM",
"1162","17.99759","9/2/2026 2:40:02 PM","9/2/2026 2:40:02 PM",
"1163","17.99759","9/2/2026 2:40:02 PM","9/2/2026 2:40:02 PM",
"1164","17.99646","9/2/2026 2:40:02 PM","9/2/2026 2:40:02 PM",
"1165","17.99646","9/2/2026 2:40:02 PM","9/2/2026 2:40:02 PM",
"1166","17.99625","9/2/2026 2:40:02 PM","9/2/2026 2:40:02 PM",
"1167","17.99625","9/2/2026 2:40:02 PM","9/2/2026 2:40:02 PM",
"1168","17.99615","9/2/2026 2:40:02 PM","9/2/2026 2:40:02 PM",
"1169","17.99615","9/2/2026 2:40:02 PM","9/2/2026 2:40:02 PM",
"1170","17.99551","9/2/2026 2:40:02 PM","9/2/2026 2:40:02 PM",
"1171","17.99551","9/2/2026 2:40:02 PM","9/2/2026 2:40:02 PM",
"1172","17.99628","9/2/2026 2:40:02 PM","9/2/2026 2:40:02 PM",
"1173","17.99628","9/2/2026 2:40:02 PM","9/2/2026 2:40:02 PM",
"1174","17.99523","9/2/2026 2:40:02 PM","9/2/2026 2:40:02 PM",
"1175","17.99523","9/2/2026 2:40:02 PM","9/2/2026 2:40:02 PM",
"1176","17.99508","9/2/2026 2:40:02 PM","9/2/2026 2:40:02 PM",
"1177","17.99508","9/2/2026 2:40:02 PM","9/2/2026 2:40:02 PM",
"1178","17.9936","9/2/2026 2:40:02 PM","9/2/2026 2:40:02 PM",
"1179","17.9936","9/2/2026 2:40:02 PM","9/2/2026 2:40:02 PM",
"1180","17.99359","9/2/2026 2:40:02 PM","9/2/2026 2:40:02 PM",
"1181","17.99359","9/2/2026 2:40:02 PM","9/2/2026 2:40:02 PM",
"1182","17.99492","9/2/2026 2:40:02 PM","9/2/2026 2:40:02 PM",
"1183","17.99492","9/2/2026 2:40:02 PM","9/2/2026 2:40:02 PM",
"1184","17.99358","9/2/2026 2:40:02 PM","9/2/2026 2:40:02 PM",
"1185","17.99358","9/2/2026 2:40:02 PM","9/2/2026 2:40:02 PM",
"1186","17.99371","9/2/2026 2:40:02 PM","9/2/2026 2:40:02 PM",
"1187","17.99371","9/2/2026 2:40:02 PM","9/2/2026 2:40:02 PM",
"1188","17.99241","9/2/2026 2:40:02 PM","9/2/2026 2:40:02 PM",
"1189","17.99241","9/2/2026 2:40:02 PM","9/2/2026 2:40:02 PM",
"1190","17.99282","9/2/2026 2:40:02 PM","9/2/2026 2:40:02 PM",
"1191","17.99282","9/2/2026 2:40:02 PM","9/2/2026 2:40:02 PM",
"1192","17.99195","9/2/2026 2:40:02 PM","9/2/2026 2:40:02 PM",
"1193","17.99195","9/2/2026 2:40:02 PM","9/2/2026 2:40:02 PM",
"1194","17.99254","9/2/2026 2:40:02 PM","9/2/2026 2:40:02 PM",
"1195","17.99254","9/2/2026 2:40:02 PM","9/2/2026 2:40:02 PM",
"1196","17.99157","9/2/2026 2:40:02 PM","9/2/2026 2:40:02 PM",
"1197","17.99157","9/2/2026 2:40:02 PM","9/2/2026 2:40:02 PM",
"1198","17.99238","9/2/2026 2:40:02 PM","9/2/2026 2:40:02 PM",
"1199","17.99238","9/2/2026 2:40:02 PM","9/2/2026 2:40:02 PM",
"1200","17.99108","9/2/2026 2:40:02 PM","9/2/2026 2:40:02 PM",
"1201","17.99108","9/2/2026 2:40:02 PM","9/2/2026 2:40:02 PM",
"1202","17.99102","9/2/2026 2:40:02 PM","9/2/2026 2:40:02 PM",
"1203","17.99102","9/2/2026 2:40:02 PM","9/2/2026 2:40:02 PM",
"1204","17.99059","9/2/2026 2:40:02 PM","9/2/2026 2:40:02 PM",
"1205","17.99059","9/2/2026 2:40:02 PM","9/2/2026 2:40:02 PM",
"1206","17.99154","9/2/2026 2:40:02 PM","9/2/2026 2:40:02 PM",
"1207","17.99154","9/2/2026 2:40:02 PM","9/2/2026 2:40:02 PM",
"1208","17.99085","9/2/2026 2:40:02 PM","9/2/2026 2:40:02 PM",
"1209","17.99085","9/2/2026 2:40:02 PM","9/2/2026 2:40:02 PM",
"1210","17.99113","9/2/2026 2:40:02 PM","9/2/2026 2:40:02 PM",
"1211","17.99113","9/2/2026 2:40:02 PM","9/2/2026 2:40:02 PM",
"1212","17.98927","9/2/2026 2:40:02 PM","9/2/2026 2:40:02 PM",
"1213","17.98927","9/2/2026 2:40:02 PM","9/2/2026 2:40:02 PM",
"1214","17.99023","9/2/2026 2:40:02 PM","9/2/2026 2:40:02 PM",
"1215","17.99023","9/2/2026 2:40:02 PM","9/2/2026 2:40:02 PM",
"1216","17.98863","9/2/2026 2:40:02 PM","9/2/2026 2:40:02 PM",
"1217","17.98863","9/2/2026 2:40:02 PM","9/2/2026 2:40:02 PM",
"1218","17.99011","9/2/2026 2:40:03 PM","9/2/2026 2:40:03 PM",
"1219","17.99011","9/2/2026 2:40:03 PM","9/2/2026 2:40:03 PM",
"1220","17.98868","9/2/2026 2:40:03 PM","9/2/2026 2:40:03 PM",
"1221","17.98868","9/2/2026 2:40:03 PM","9/2/2026 2:40:03 PM",
"1222","17.98939","9/2/2026 2:40:03 PM","9/2/2026 2:40:03 PM",
"1223","17.98939","9/2/2026 2:40:03 PM","9/2/2026 2:40:03 PM",
"1224","17.98764","9/2/2026 2:40:03 PM","9/2/2026 2:40:03 PM",
"1225","17.98764","9/2/2026 2:40:03 PM","9/2/2026 2:40:03 PM",
"1226","17.98968","9/2/2026 2:40:03 PM","9/2/2026 2:40:03 PM",
"1227","17.98968","9/2/2026 2:40:03 PM","9/2/2026 2:40:03 PM",
"1228","17.98659","9/2/2026 2:40:03 PM","9/2/2026 2:40:03 PM",
"1229","17.98659","9/2/2026 2:40:03 PM","9/2/2026 2:40:03 PM",
"1230","17.98939","9/2/2026 2:40:03 PM","9/2/2026 2:40:03 PM",
"1231","17.98939","9/2/2026 2:40:03 PM","9/2/2026 2:40:03 PM",
"1232","17.98706","9/2/2026 2:40:03 PM","9/2/2026 2:40:03 PM",
"1233","17.98706","9/2/2026 2:40:03 PM","9/2/2026 2:40:03 PM",
"1234","17.98861","9/2/2026 2:40:03 PM","9/2/2026 2:40:03 PM",
"1235","17.98861","9/2/2026 2:40:03 PM","9/2/2026 2:40:03 PM",
"1236","17.98712","9/2/2026 2:40:03 PM","9/2/2026 2:40:03 PM",
"1237","17.98712","9/2/2026 2:40:03 PM","9/2/2026 2:40:03 PM",
"1238","17.98792","9/2/2026 2:40:03 PM","9/2/2026 2:40:03 PM",
"1239","17.98792","9/2/2026 2:40:03 PM","9/2/2026 2:40:03 PM",
"1240","17.98816","9/2/2026 2:40:03 PM","9/2/2026 2:40:03 PM",
"1241","17.98816","9/2/2026 2:40:03 PM","9/2/2026 2:40:03 PM",
"1242","17.98708","9/2/2026 2:40:03 PM","9/2/2026 2:40:03 PM",
"1243","17.98708","9/2/2026 2:40:03 PM","9/2/2026 2:40:03 PM",
"1244","17.98665","9/2/2026 2:40:03 PM","9/2/2026 2:40:03 PM",
"1245","17.98665","9/2/2026 2:40:03 PM","9/2/2026 2:40:03 PM",
"1246","17.98747","9/2/2026 2:40:03 PM","9/2/2026 2:40:03 PM",
"1247","17.98747","9/2/2026 2:40:03 PM","9/2/2026 2:40:03 PM",
"1248","17.98601","9/2/2026 2:40:03 PM","9/2/2026 2:40:03 PM",
"1249","17.98601","9/2/2026 2:40:03 PM","9/2/2026 2:40:03 PM",
"1250","17.98736","9/2/2026 2:40:03 PM","9/2/2026 2:40:03 PM",
"1251","17.98736","9/2/2026 2:40:03 PM","9/2/2026 2:40:03 PM",
"1252","17.98636","9/2/2026 2:40:03 PM","9/2/2026 2:40:03 PM",
"1253","17.98636","9/2/2026 2:40:03 PM","9/2/2026 2:40:03 PM",
"1254","17.98518","9/2/2026 2:40:03 PM","9/2/2026 2:40:03 PM",
"1255","17.98518","9/2/2026 2:40:03 PM","9/2/2026 2:40:03 PM",
"1256","17.98549","9/2/2026 2:40:03 PM","9/2/2026 2:40:03 PM",
"1257","17.98549","9/2/2026 2:40:03 PM","9/2/2026 2:40:03 PM",
"1258","17.98503","9/2/2026 2:40:03 PM","9/2/2026 2:40:03 PM",
"1259","17.98503","9/2/2026 2:40:03 PM","9/2/2026 2:40:03 PM",
"1260","17.98469","9/2/2026 2:40:03 PM","9/2/2026 2:40:03 PM",
"1261","17.98469","9/2/2026 2:40:03 PM","9/2/2026 2:40:03 PM",
"1262","17.98285","9/2/2026 2:40:03 PM","9/2/2026 2:40:03 PM",
"1263","17.98285","9/2/2026 2:40:03 PM","9/2/2026 2:40:03 PM",
"1264","17.98462","9/2/2026 2:40:03 PM","9/2/2026 2:40:03 PM",
"1265","17.98462","9/2/2026 2:40:03 PM","9/2/2026 2:40:03 PM",
"1266","17.98375","9/2/2026 2:40:03 PM","9/2/2026 2:40:03 PM",
"1267","17.98375","9/2/2026 2:40:03 PM","9/2/2026 2:40:03 PM",
"1268","17.98295","9/2/2026 2:40:03 PM","9/2/2026 2:40:03 PM",
"1269","17.98295","9/2/2026 2:40:03 PM","9/2/2026 2:40:03 PM",
"1270","17.98289","9/2/2026 2:40:03 PM","9/2/2026 2:40:03 PM",
"1271","17.98289","9/2/2026 2:40:03 PM","9/2/2026 2:40:03 PM",
"1272","17.98226","9/2/2026 2:40:03 PM","9/2/2026 2:40:03 PM",
"1273","17.98226","9/2/2026 2:40:03 PM","9/2/2026 2:40:03 PM",
"1274","17.98189","9/2/2026 2:40:03 PM","9/2/2026 2:40:03 PM",
"1275","17.98189","9/2/2026 2:40:03 PM","9/2/2026 2:40:03 PM",
"1276","17.98235","9/2/2026 2:40:03 PM","9/2/2026 2:40:03 PM",
"1277","17.98235","9/2/2026 2:40:03 PM","9/2/2026 2:40:03 PM",
"1278","17.9809","9/2/2026 2:40:03 PM","9/2/2026 2:40:03 PM",
"1279","17.9809","9/2/2026 2:40:03 PM","9/2/2026 2:40:03 PM",
"1280","17.98051","9/2/2026 2:40:03 PM","9/2/2026 2:40:03 PM",
"1281","17.98051","9/2/2026 2:40:03 PM","9/2/2026 2:40:03 PM",
"1282","17.98079","9/2/2026 2:40:03 PM","9/2/2026 2:40:03 PM",
"1283","17.98079","9/2/2026 2:40:03 PM","9/2/2026 2:40:03 PM",
"1284","17.98079","9/2/2026 2:40:03 PM","9/2/2026 2:40:03 PM",
"1285","17.98079","9/2/2026 2:40:03 PM","9/2/2026 2:40:03 PM",
"1286","17.97946","9/2/2026 2:40:03 PM","9/2/2026 2:40:03 PM",
"1287","17.97946","9/2/2026 2:40:03 PM","9/2/2026 2:40:03 PM",
"1288","17.97999","9/2/2026 2:40:03 PM","9/2/2026 2:40:03 PM",
"1289","17.97999","9/2/2026 2:40:03 PM","9/2/2026 2:40:03 PM",
"1290","17.97935","9/2/2026 2:40:03 PM","9/2/2026 2:40:03 PM",
"1291","17.97935","9/2/2026 2:40:03 PM","9/2/2026 2:40:03 PM",
"1292","17.97929","9/2/2026 2:40:03 PM","9/2/2026 2:40:03 PM",
"1293","17.97929","9/2/2026 2:40:03 PM","9/2/2026 2:40:03 PM",
"1294","17.97792","9/2/2026 2:40:03 PM","9/2/2026 2:40:03 PM",
"1295","17.97792","9/2/2026 2:40:03 PM","9/2/2026 2:40:03 PM",
"1296","17.97804","9/2/2026 2:40:03 PM","9/2/2026 2:40:03 PM",
"1297","17.97804","9/2/2026 2:40:03 PM","9/2/2026 2:40:03 PM",
"1298","17.97696","9/2/2026 2:40:03 PM","9/2/2026 2:40:03 PM",
"1299","17.97696","9/2/2026 2:40:03 PM","9/2/2026 2:40:03 PM",
"1300","17.97723","9/2/2026 2:40:03 PM","9/2/2026 2:40:03 PM",
"1301","17.97723","9/2/2026 2:40:03 PM","9/2/2026 2:40:03 PM",
"1302","17.97627","9/2/2026 2:40:03 PM","9/2/2026 2:40:03 PM",
"1303","17.97627","9/2/2026 2:40:03 PM","9/2/2026 2:40:03 PM",
"1304","17.97665","9/2/2026 2:40:03 PM","9/2/2026 2:40:03 PM",
"1305","17.97665","9/2/2026 2:40:03 PM","9/2/2026 2:40:03 PM",
"1306","17.97613","9/2/2026 2:40:03 PM","9/2/2026 2:40:03 PM",
"1307","17.97613","9/2/2026 2:40:03 PM","9/2/2026 2:40:03 PM",
"1308","17.97644","9/2/2026 2:40:03 PM","9/2/2026 2:40:03 PM",
"1309","17.97644","9/2/2026 2:40:03 PM","9/2/2026 2:40:03 PM",
"1310","17.97511","9/2/2026 2:40:03 PM","9/2/2026 2:40:03 PM",
"1311","17.97511","9/2/2026 2:40:03 PM","9/2/2026 2:40:03 PM",
"1312","17.97532","9/2/2026 2:40:03 PM","9/2/2026 2:40:03 PM",
"1313","17.97532","9/2/2026 2:40:03 PM","9/2/2026 2:40:03 PM",
"1314","17.97459","9/2/2026 2:40:03 PM","9/2/2026 2:40:03 PM",
"1315","17.97459","9/2/2026 2:40:03 PM","9/2/2026 2:40:03 PM",
"1316","17.97517","9/2/2026 2:40:03 PM","9/2/2026 2:40:03 PM",
"1317","17.97517","9/2/2026 2:40:03 PM","9/2/2026 2:40:03 PM",
"1318","17.97744","9/2/2026 2:40:03 PM","9/2/2026 2:40:03 PM",
"1319","17.97744","9/2/2026 2:40:04 PM","9/2/2026 2:40:04 PM",
"1320","17.98135","9/2/2026 2:40:04 PM","9/2/2026 2:40:04 PM",
"1321","17.98135","9/2/2026 2:40:04 PM","9/2/2026 2:40:04 PM",
"1322","17.98042","9/2/2026 2:40:04 PM","9/2/2026 2:40:04 PM",
"1323","17.98042","9/2/2026 2:40:04 PM","9/2/2026 2:40:04 PM",
"1324","17.98042","9/2/2026 2:40:04 PM","9/2/2026 2:40:04 PM",
"1325","17.98046","9/2/2026 2:40:04 PM","9/2/2026 2:40:04 PM",
"1326","17.98046","9/2/2026 2:40:04 PM","9/2/2026 2:40:04 PM",
"1327","17.98051","9/2/2026 2:40:04 PM","9/2/2026 2:40:04 PM",
"1328","17.98051","9/2/2026 2:40:04 PM","9/2/2026 2:40:04 PM",
"1329","17.98106","9/2/2026 2:40:04 PM","9/2/2026 2:40:04 PM",
"1330","17.98106","9/2/2026 2:40:04 PM","9/2/2026 2:40:04 PM",
"1331","17.98029","9/2/2026 2:40:04 PM","9/2/2026 2:40:04 PM",
"1332","17.98029","9/2/2026 2:40:04 PM","9/2/2026 2:40:04 PM",
"1333","17.98006","9/2/2026 2:40:04 PM","9/2/2026 2:40:04 PM",
"1334","17.98006","9/2/2026 2:40:04 PM","9/2/2026 2:40:04 PM",
"1335","17.98012","9/2/2026 2:40:04 PM","9/2/2026 2:40:04 PM",
"1336","17.98012","9/2/2026 2:40:04 PM","9/2/2026 2:40:04 PM",
"1337","17.98019","9/2/2026 2:40:04 PM","9/2/2026 2:40:04 PM",
"1338","17.98019","9/2/2026 2:40:04 PM","9/2/2026 2:40:04 PM",
"1339","17.98051","9/2/2026 2:40:04 PM","9/2/2026 2:40:04 PM",
"1340","17.98051","9/2/2026 2:40:04 PM","9/2/2026 2:40:04 PM",
"1341","17.97975","9/2/2026 2:40:04 PM","9/2/2026 2:40:04 PM",
"1342","17.97975","9/2/2026 2:40:04 PM","9/2/2026 2:40:04 PM",
"1343","17.97982","9/2/2026 2:40:04 PM","9/2/2026 2:40:04 PM",
"1344","17.97982","9/2/2026 2:40:04 PM","9/2/2026 2:40:04 PM",
"1345","17.97956","9/2/2026 2:40:04 PM","9/2/2026 2:40:04 PM",
"1346","17.97956","9/2/2026 2:40:04 PM","9/2/2026 2:40:04 PM",
"1347","17.97875","9/2/2026 2:40:04 PM","9/2/2026 2:40:04 PM",
"1348","17.97875","9/2/2026 2:40:04 PM","9/2/2026 2:40:04 PM",
"1349","17.97902","9/2/2026 2:40:04 PM","9/2/2026 2:40:04 PM",
"1350","17.97902","9/2/2026 2:40:04 PM","9/2/2026 2:40:04 PM",
"1351","17.97859","9/2/2026 2:40:04 PM","9/2/2026 2:40:04 PM",
"1352","17.97859","9/2/2026 2:40:04 PM","9/2/2026 2:40:04 PM",
"1353","17.97925","9/2/2026 2:40:04 PM","9/2/2026 2:40:04 PM",
"1354","17.97925","9/2/2026 2:40:04 PM","9/2/2026 2:40:04 PM",
"1355","17.97914","9/2/2026 2:40:04 PM","9/2/2026 2:40:04 PM",
"1356","17.97914","9/2/2026 2:40:04 PM","9/2/2026 2:40:04 PM",
"1357","17.97833","9/2/2026 2:40:04 PM","9/2/2026 2:40:04 PM",
"1358","17.97833","9/2/2026 2:40:04 PM","9/2/2026 2:40:04 PM",
"1359","17.97936","9/2/2026 2:40:04 PM","9/2/2026 2:40:04 PM",
"1360","17.97936","9/2/2026 2:40:04 PM","9/2/2026 2:40:04 PM",
"1361","17.98031","9/2/2026 2:40:04 PM","9/2/2026 2:40:04 PM",
"1362","17.98031","9/2/2026 2:40:04 PM","9/2/2026 2:40:04 PM",
"1363","17.97716","9/2/2026 2:40:04 PM","9/2/2026 2:40:04 PM",
"1364","17.97716","9/2/2026 2:40:04 PM","9/2/2026 2:40:04 PM",
"1365","17.97998","9/2/2026 2:40:04 PM","9/2/2026 2:40:04 PM",
"1366","17.97998","9/2/2026 2:40:04 PM","9/2/2026 2:40:04 PM",
"1367","17.97834","9/2/2026 2:40:04 PM","9/2/2026 2:40:04 PM",
"1368","17.97834","9/2/2026 2:40:04 PM","9/2/2026 2:40:04 PM",
"1369","17.98079","9/2/2026 2:40:04 PM","9/2/2026 2:40:04 PM",
"1370","17.98079","9/2/2026 2:40:04 PM","9/2/2026 2:40:04 PM",
"1371","17.97752","9/2/2026 2:40:04 PM","9/2/2026 2:40:04 PM",
"1372","17.97752","9/2/2026 2:40:04 PM","9/2/2026 2:40:04 PM",
"1373","17.98132","9/2/2026 2:40:04 PM","9/2/2026 2:40:04 PM",
"1374","17.98132","9/2/2026 2:40:04 PM","9/2/2026 2:40:04 PM",
"1375","17.97902","9/2/2026 2:40:04 PM","9/2/2026 2:40:04 PM",
"1376","17.97902","9/2/2026 2:40:04 PM","9/2/2026 2:40:04 PM",
"1377","17.98096","9/2/2026 2:40:04 PM","9/2/2026 2:40:04 PM",
"1378","17.98096","9/2/2026 2:40:04 PM","9/2/2026 2:40:04 PM",
"1379","17.97808","9/2/2026 2:40:04 PM","9/2/2026 2:40:04 PM",
"1380","17.97808","9/2/2026 2:40:04 PM","9/2/2026 2:40:04 PM",
"1381","17.97971","9/2/2026 2:40:04 PM","9/2/2026 2:40:04 PM",
"1382","17.97971","9/2/2026 2:40:04 PM","9/2/2026 2:40:04 PM",
"1383","17.97759","9/2/2026 2:40:04 PM","9/2/2026 2:40:04 PM",
"1384","17.97759","9/2/2026 2:40:04 PM","9/2/2026 2:40:04 PM",
"1385","17.9801","9/2/2026 2:40:04 PM","9/2/2026 2:40:04 PM",
"1386","17.9801","9/2/2026 2:40:04 PM","9/2/2026 2:40:04 PM",
"1387","17.97854","9/2/2026 2:40:04 PM","9/2/2026 2:40:04 PM",
"1388","17.97854","9/2/2026 2:40:04 PM","9/2/2026 2:40:04 PM",
"1389","17.97976","9/2/2026 2:40:04 PM","9/2/2026 2:40:04 PM",
"1390","17.97976","9/2/2026 2:40:04 PM","9/2/2026 2:40:04 PM",
"1391","17.9792","9/2/2026 2:40:04 PM","9/2/2026 2:40:04 PM",
"1392","17.9792","9/2/2026 2:40:04 PM","9/2/2026 2:40:04 PM",
"1393","17.97985","9/2/2026 2:40:04 PM","9/2/2026 2:40:04 PM",
"1394","17.97985","9/2/2026 2:40:04 PM","9/2/2026 2:40:04 PM",
"1395","17.9789","9/2/2026 2:40:04 PM","9/2/2026 2:40:04 PM",
"1396","17.9789","9/2/2026 2:40:04 PM","9/2/2026 2:40:04 PM",
"1397","17.97913","9/2/2026 2:40:04 PM","9/2/2026 2:40:04 PM",
"1398","17.97913","9/2/2026 2:40:04 PM","9/2/2026 2:40:04 PM",
"1399","17.97945","9/2/2026 2:40:04 PM","9/2/2026 2:40:04 PM",
"1400","17.97945","9/2/2026 2:40:04 PM","9/2/2026 2:40:04 PM",
"1401","17.97968","9/2/2026 2:40:04 PM","9/2/2026 2:40:04 PM",
"1402","17.97968","9/2/2026 2:40:04 PM","9/2/2026 2:40:04 PM",
"1403","17.97958","9/2/2026 2:40:04 PM","9/2/2026 2:40:04 PM",
"1404","17.97958","9/2/2026 2:40:04 PM","9/2/2026 2:40:04 PM",
"1405","17.97962","9/2/2026 2:40:04 PM","9/2/2026 2:40:04 PM",
"1406","17.97962","9/2/2026 2:40:04 PM","9/2/2026 2:40:04 PM",
"1407","17.97908","9/2/2026 2:40:04 PM","9/2/2026 2:40:04 PM",
"1408","17.97908","9/2/2026 2:40:04 PM","9/2/2026 2:40:04 PM",
"1409","17.97874","9/2/2026 2:40:04 PM","9/2/2026 2:40:04 PM",
"1410","17.97874","9/2/2026 2:40:04 PM","9/2/2026 2:40:04 PM",
"1411","17.97986","9/2/2026 2:40:04 PM","9/2/2026 2:40:04 PM",
"1412","17.97986","9/2/2026 2:40:04 PM","9/2/2026 2:40:04 PM",
"1413","17.98032","9/2/2026 2:40:04 PM","9/2/2026 2:40:04 PM",
"1414","17.98032","9/2/2026 2:40:04 PM","9/2/2026 2:40:04 PM",
"1415","17.9801","9/2/2026 2:40:04 PM","9/2/2026 2:40:04 PM",
"1416","17.9801","9/2/2026 2:40:04 PM","9/2/2026 2:40:04 PM",
"1417","17.97944","9/2/2026 2:40:04 PM","9/2/2026 2:40:04 PM",
"1418","17.97944","9/2/2026 2:40:05 PM","9/2/2026 2:40:05 PM",
"1419","17.97949","9/2/2026 2:40:05 PM","9/2/2026 2:40:05 PM",
"1420","17.97949","9/2/2026 2:40:05 PM","9/2/2026 2:40:05 PM",
"1421","17.98068","9/2/2026 2:40:05 PM","9/2/2026 2:40:05 PM",
"1422","17.98068","9/2/2026 2:40:05 PM","9/2/2026 2:40:05 PM",
"1423","17.9808","9/2/2026 2:40:05 PM","9/2/2026 2:40:05 PM",
"1424","17.9808","9/2/2026 2:40:05 PM","9/2/2026 2:40:05 PM",
"1425","17.98054","9/2/2026 2:40:05 PM","9/2/2026 2:40:05 PM",
"1426","17.98054","9/2/2026 2:40:05 PM","9/2/2026 2:40:05 PM",
"1427","17.98022","9/2/2026 2:40:05 PM","9/2/2026 2:40:05 PM",
"1428","17.98022","9/2/2026 2:40:05 PM","9/2/2026 2:40:05 PM",
"1429","17.97908","9/2/2026 2:40:05 PM","9/2/2026 2:40:05 PM",
"1430","17.97908","9/2/2026 2:40:05 PM","9/2/2026 2:40:05 PM",
"1431","17.9806","9/2/2026 2:40:05 PM","9/2/2026 2:40:05 PM",
"1432","17.9806","9/2/2026 2:40:05 PM","9/2/2026 2:40:05 PM",
"1433","17.98067","9/2/2026 2:40:05 PM","9/2/2026 2:40:05 PM",
"1434","17.98067","9/2/2026 2:40:05 PM","9/2/2026 2:40:05 PM",
"1435","17.98038","9/2/2026 2:40:05 PM","9/2/2026 2:40:05 PM",
"1436","17.98038","9/2/2026 2:40:05 PM","9/2/2026 2:40:05 PM",
"1437","17.97979","9/2/2026 2:40:05 PM","9/2/2026 2:40:05 PM",
"1438","17.97979","9/2/2026 2:40:05 PM","9/2/2026 2:40:05 PM",
"1439","17.97978","9/2/2026 2:40:05 PM","9/2/2026 2:40:05 PM",
"1440","17.97978","9/2/2026 2:40:05 PM","9/2/2026 2:40:05 PM",
"1441","17.98029","9/2/2026 2:40:05 PM","9/2/2026 2:40:05 PM",
"1442","17.98029","9/2/2026 2:40:05 PM","9/2/2026 2:40:05 PM",
"1443","17.97859","9/2/2026 2:40:05 PM","9/2/2026 2:40:05 PM",
"1444","17.97859","9/2/2026 2:40:05 PM","9/2/2026 2:40:05 PM",
"1445","17.98052","9/2/2026 2:40:05 PM","9/2/2026 2:40:05 PM",
"1446","17.98052","9/2/2026 2:40:05 PM","9/2/2026 2:40:05 PM",
"1447","17.97895","9/2/2026 2:40:05 PM","9/2/2026 2:40:05 PM",
"1448","17.97895","9/2/2026 2:40:05 PM","9/2/2026 2:40:05 PM",
"1449","17.9802","9/2/2026 2:40:05 PM","9/2/2026 2:40:05 PM",
"1450","17.9802","9/2/2026 2:40:05 PM","9/2/2026 2:40:05 PM",
"1451","17.97988","9/2/2026 2:40:05 PM","9/2/2026 2:40:05 PM",
"1452","17.97988","9/2/2026 2:40:05 PM","9/2/2026 2:40:05 PM",
"1453","17.98139","9/2/2026 2:40:05 PM","9/2/2026 2:40:05 PM",
"1454","17.98139","9/2/2026 2:40:05 PM","9/2/2026 2:40:05 PM",
"1455","17.97845","9/2/2026 2:40:05 PM","9/2/2026 2:40:05 PM",
"1456","17.97845","9/2/2026 2:40:05 PM","9/2/2026 2:40:05 PM",
"1457","17.98012","9/2/2026 2:40:05 PM","9/2/2026 2:40:05 PM",
"1458","17.98012","9/2/2026 2:40:05 PM","9/2/2026 2:40:05 PM",
"1459","17.97944","9/2/2026 2:40:05 PM","9/2/2026 2:40:05 PM",
"1460","17.97944","9/2/2026 2:40:05 PM","9/2/2026 2:40:05 PM",
"1461","17.97981","9/2/2026 2:40:05 PM","9/2/2026 2:40:05 PM",
"1462","17.97981","9/2/2026 2:40:05 PM","9/2/2026 2:40:05 PM",
"1463","17.97804","9/2/2026 2:40:05 PM","9/2/2026 2:40:05 PM",
"1464","17.97804","9/2/2026 2:40:05 PM","9/2/2026 2:40:05 PM",
"1465","17.97997","9/2/2026 2:40:05 PM","9/2/2026 2:40:05 PM",
"1466","17.97997","9/2/2026 2:40:05 PM","9/2/2026 2:40:05 PM",
"1467","17.98026","9/2/2026 2:40:05 PM","9/2/2026 2:40:05 PM",
"1468","17.98026","9/2/2026 2:40:05 PM","9/2/2026 2:40:05 PM",
"1469","17.97915","9/2/2026 2:40:05 PM","9/2/2026 2:40:05 PM",
"1470","17.97915","9/2/2026 2:40:05 PM","9/2/2026 2:40:05 PM",
"1471","17.98009","9/2/2026 2:40:05 PM","9/2/2026 2:40:05 PM",
"1472","17.98009","9/2/2026 2:40:05 PM","9/2/2026 2:40:05 PM",
"1473","17.9799","9/2/2026 2:40:05 PM","9/2/2026 2:40:05 PM",
"1474","17.9799","9/2/2026 2:40:05 PM","9/2/2026 2:40:05 PM",
"1475","17.98023","9/2/2026 2:40:05 PM","9/2/2026 2:40:05 PM",
"1476","17.98023","9/2/2026 2:40:05 PM","9/2/2026 2:40:05 PM",
"1477","17.98015","9/2/2026 2:40:05 PM","9/2/2026 2:40:05 PM",
"1478","17.98015","9/2/2026 2:40:05 PM","9/2/2026 2:40:05 PM",
"1479","17.98173","9/2/2026 2:40:05 PM","9/2/2026 2:40:05 PM",
"1480","17.98173","9/2/2026 2:40:05 PM","9/2/2026 2:40:05 PM",
"1481","17.97915","9/2/2026 2:40:05 PM","9/2/2026 2:40:05 PM",
"1482","17.97915","9/2/2026 2:40:05 PM","9/2/2026 2:40:05 PM",
"1483","17.97993","9/2/2026 2:40:05 PM","9/2/2026 2:40:05 PM",
"1484","17.97993","9/2/2026 2:40:05 PM","9/2/2026 2:40:05 PM",
"1485","17.9805","9/2/2026 2:40:05 PM","9/2/2026 2:40:05 PM",
"1486","17.9805","9/2/2026 2:40:05 PM","9/2/2026 2:40:05 PM",
"1487","17.98159","9/2/2026 2:40:05 PM","9/2/2026 2:40:05 PM",
"1488","17.98159","9/2/2026 2:40:05 PM","9/2/2026 2:40:05 PM",
"1489","17.98027","9/2/2026 2:40:05 PM","9/2/2026 2:40:05 PM",
"1490","17.98027","9/2/2026 2:40:05 PM","9/2/2026 2:40:05 PM",
"1491","17.98095","9/2/2026 2:40:05 PM","9/2/2026 2:40:05 PM",
"1492","17.98095","9/2/2026 2:40:05 PM","9/2/2026 2:40:05 PM",
"1493","17.98039","9/2/2026 2:40:05 PM","9/2/2026 2:40:05 PM",
"1494","17.98039","9/2/2026 2:40:05 PM","9/2/2026 2:40:05 PM",
"1495","17.98065","9/2/2026 2:40:05 PM","9/2/2026 2:40:05 PM",
"1496","17.98065","9/2/2026 2:40:05 PM","9/2/2026 2:40:05 PM",
"1497","17.98017","9/2/2026 2:40:05 PM","9/2/2026 2:40:05 PM",
"1498","17.98017","9/2/2026 2:40:05 PM","9/2/2026 2:40:05 PM",
"1499","17.98044","9/2/2026 2:40:05 PM","9/2/2026 2:40:05 PM",
"1500","17.98044","9/2/2026 2:40:05 PM","9/2/2026 2:40:05 PM",
"1501","17.98038","9/2/2026 2:40:05 PM","9/2/2026 2:40:05 PM",
"1502","17.98038","9/2/2026 2:40:05 PM","9/2/2026 2:40:05 PM",
"1503","17.98092","9/2/2026 2:40:05 PM","9/2/2026 2:40:05 PM",
"1504","17.98092","9/2/2026 2:40:05 PM","9/2/2026 2:40:05 PM",
"1505","17.98023","9/2/2026 2:40:05 PM","9/2/2026 2:40:05 PM",
"1506","17.98023","9/2/2026 2:40:05 PM","9/2/2026 2:40:05 PM",
"1507","17.97991","9/2/2026 2:40:05 PM","9/2/2026 2:40:05 PM",
"1508","17.97991","9/2/2026 2:40:05 PM","9/2/2026 2:40:05 PM",
"1509","17.9809","9/2/2026 2:40:05 PM","9/2/2026 2:40:05 PM",
"1510","17.9809","9/2/2026 2:40:05 PM","9/2/2026 2:40:05 PM",
"1511","17.98046","9/2/2026 2:40:05 PM","9/2/2026 2:40:05 PM",
"1512","17.98046","9/2/2026 2:40:05 PM","9/2/2026 2:40:05 PM",
"1513","17.98106","9/2/2026 2:40:05 PM","9/2/2026 2:40:05 PM",
"1514","17.98106","9/2/2026 2:40:05 PM","9/2/2026 2:40:05 PM",
"1515","17.98059","9/2/2026 2:40:05 PM","9/2/2026 2:40:05 PM",
"1516","17.98059","9/2/2026 2:40:05 PM","9/2/2026 2:40:05 PM",
"1517","17.9813","9/2/2026 2:40:05 PM","9/2/2026 2:40:05 PM",
"1518","17.9813","9/2/2026 2:40:05 PM","9/2/2026 2:40:05 PM",
"1519","17.97913","9/2/2026 2:40:06 PM","9/2/2026 2:40:06 PM",
"1520","17.97913","9/2/2026 2:40:06 PM","9/2/2026 2:40:06 PM",
"1521","17.98061","9/2/2026 2:40:06 PM","9/2/2026 2:40:06 PM",
"1522","17.98061","9/2/2026 2:40:06 PM","9/2/2026 2:40:06 PM",
"1523","17.98061","9/2/2026 2:40:06 PM","9/2/2026 2:40:06 PM",
"1524","17.98029","9/2/2026 2:40:06 PM","9/2/2026 2:40:06 PM",
"1525","17.98029","9/2/2026 2:40:06 PM","9/2/2026 2:40:06 PM",
"1526","17.98108","9/2/2026 2:40:06 PM","9/2/2026 2:40:06 PM",
"1527","17.98108","9/2/2026 2:40:06 PM","9/2/2026 2:40:06 PM",
"1528","17.98055","9/2/2026 2:40:06 PM","9/2/2026 2:40:06 PM",
"1529","17.98055","9/2/2026 2:40:06 PM","9/2/2026 2:40:06 PM",
"1530","17.98063","9/2/2026 2:40:06 PM","9/2/2026 2:40:06 PM",
"1531","17.98063","9/2/2026 2:40:06 PM","9/2/2026 2:40:06 PM",
"1532","17.98083","9/2/2026 2:40:06 PM","9/2/2026 2:40:06 PM",
"1533","17.98083","9/2/2026 2:40:06 PM","9/2/2026 2:40:06 PM",
"1534","17.98177","9/2/2026 2:40:06 PM","9/2/2026 2:40:06 PM",
"1535","17.98177","9/2/2026 2:40:06 PM","9/2/2026 2:40:06 PM",
"1536","17.9804","9/2/2026 2:40:06 PM","9/2/2026 2:40:06 PM",
"1537","17.9804","9/2/2026 2:40:06 PM","9/2/2026 2:40:06 PM",
"1538","17.97906","9/2/2026 2:40:06 PM","9/2/2026 2:40:06 PM",
"1539","17.97906","9/2/2026 2:40:06 PM","9/2/2026 2:40:06 PM",
"1540","17.97898","9/2/2026 2:40:06 PM","9/2/2026 2:40:06 PM",
"1541","17.97898","9/2/2026 2:40:06 PM","9/2/2026 2:40:06 PM",
"1542","17.98051","9/2/2026 2:40:06 PM","9/2/2026 2:40:06 PM",
"1543","17.98051","9/2/2026 2:40:06 PM","9/2/2026 2:40:06 PM",
"1544","17.98148","9/2/2026 2:40:06 PM","9/2/2026 2:40:06 PM",
"1545","17.98148","9/2/2026 2:40:06 PM","9/2/2026 2:40:06 PM",
"1546","17.9814","9/2/2026 2:40:06 PM","9/2/2026 2:40:06 PM",
"1547","17.9814","9/2/2026 2:40:06 PM","9/2/2026 2:40:06 PM",
"1548","17.98036","9/2/2026 2:40:06 PM","9/2/2026 2:40:06 PM",
"1549","17.98036","9/2/2026 2:40:06 PM","9/2/2026 2:40:06 PM",
"1550","17.98129","9/2/2026 2:40:06 PM","9/2/2026 2:40:06 PM",
"1551","17.98129","9/2/2026 2:40:06 PM","9/2/2026 2:40:06 PM",
"1552","17.98064","9/2/2026 2:40:06 PM","9/2/2026 2:40:06 PM",
"1553","17.98064","9/2/2026 2:40:06 PM","9/2/2026 2:40:06 PM",
"1554","17.98061","9/2/2026 2:40:06 PM","9/2/2026 2:40:06 PM",
"1555","17.98061","9/2/2026 2:40:06 PM","9/2/2026 2:40:06 PM",
"1556","17.98075","9/2/2026 2:40:06 PM","9/2/2026 2:40:06 PM",
"1557","17.98075","9/2/2026 2:40:06 PM","9/2/2026 2:40:06 PM",
"1558","17.97978","9/2/2026 2:40:06 PM","9/2/2026 2:40:06 PM",
"1559","17.97978","9/2/2026 2:40:06 PM","9/2/2026 2:40:06 PM",
"1560","17.97984","9/2/2026 2:40:06 PM","9/2/2026 2:40:06 PM",
"1561","17.97984","9/2/2026 2:40:06 PM","9/2/2026 2:40:06 PM",
"1562","17.98023","9/2/2026 2:40:06 PM","9/2/2026 2:40:06 PM",
"1563","17.98023","9/2/2026 2:40:06 PM","9/2/2026 2:40:06 PM",
"1564","17.98075","9/2/2026 2:40:06 PM","9/2/2026 2:40:06 PM",
"1565","17.98075","9/2/2026 2:40:06 PM","9/2/2026 2:40:06 PM",
"1566","17.98058","9/2/2026 2:40:06 PM","9/2/2026 2:40:06 PM",
"1567","17.98058","9/2/2026 2:40:06 PM","9/2/2026 2:40:06 PM",
"1568","17.98064","9/2/2026 2:40:06 PM","9/2/2026 2:40:06 PM",
"1569","17.98064","9/2/2026 2:40:06 PM","9/2/2026 2:40:06 PM",
"1570","17.98101","9/2/2026 2:40:06 PM","9/2/2026 2:40:06 PM",
"1571","17.98101","9/2/2026 2:40:06 PM","9/2/2026 2:40:06 PM",
"1572","17.98132","9/2/2026 2:40:06 PM","9/2/2026 2:40:06 PM",
"1573","17.98132","9/2/2026 2:40:06 PM","9/2/2026 2:40:06 PM",
"1574","17.98124","9/2/2026 2:40:06 PM","9/2/2026 2:40:06 PM",
"1575","17.98124","9/2/2026 2:40:06 PM","9/2/2026 2:40:06 PM",
"1576","17.98118","9/2/2026 2:40:06 PM","9/2/2026 2:40:06 PM",
"1577","17.98118","9/2/2026 2:40:06 PM","9/2/2026 2:40:06 PM",
"1578","17.97946","9/2/2026 2:40:06 PM","9/2/2026 2:40:06 PM",
"1579","17.97946","9/2/2026 2:40:06 PM","9/2/2026 2:40:06 PM",
"1580","17.98052","9/2/2026 2:40:06 PM","9/2/2026 2:40:06 PM",
"1581","17.98052","9/2/2026 2:40:06 PM","9/2/2026 2:40:06 PM",
"1582","17.97905","9/2/2026 2:40:06 PM","9/2/2026 2:40:06 PM",
"1583","17.97905","9/2/2026 2:40:06 PM","9/2/2026 2:40:06 PM",
"1584","17.98014","9/2/2026 2:40:06 PM","9/2/2026 2:40:06 PM",
"1585","17.98014","9/2/2026 2:40:06 PM","9/2/2026 2:40:06 PM",
"1586","17.97958","9/2/2026 2:40:06 PM","9/2/2026 2:40:06 PM",
"1587","17.97958","9/2/2026 2:40:06 PM","9/2/2026 2:40:06 PM",
"1588","17.98104","9/2/2026 2:40:06 PM","9/2/2026 2:40:06 PM",
"1589","17.98104","9/2/2026 2:40:06 PM","9/2/2026 2:40:06 PM",
"1590","17.98069","9/2/2026 2:40:06 PM","9/2/2026 2:40:06 PM",
"1591","17.98069","9/2/2026 2:40:06 PM","9/2/2026 2:40:06 PM",
"1592","17.98117","9/2/2026 2:40:06 PM","9/2/2026 2:40:06 PM",
"1593","17.98117","9/2/2026 2:40:06 PM","9/2/2026 2:40:06 PM",
"1594","17.98077","9/2/2026 2:40:06 PM","9/2/2026 2:40:06 PM",
"1595","17.98077","9/2/2026 2:40:06 PM","9/2/2026 2:40:06 PM",
"1596","17.98107","9/2/2026 2:40:06 PM","9/2/2026 2:40:06 PM",
"1597","17.98107","9/2/2026 2:40:06 PM","9/2/2026 2:40:06 PM",
"1598","17.98117","9/2/2026 2:40:06 PM","9/2/2026 2:40:06 PM",
"1599","17.98117","9/2/2026 2:40:06 PM","9/2/2026 2:40:06 PM",
"1600","17.98099","9/2/2026 2:40:06 PM","9/2/2026 2:40:06 PM",
"1601","17.98099","9/2/2026 2:40:06 PM","9/2/2026 2:40:06 PM",
"1602","17.98063","9/2/2026 2:40:06 PM","9/2/2026 2:40:06 PM",
"1603","17.98063","9/2/2026 2:40:06 PM","9/2/2026 2:40:06 PM",

