"Live Graph Properties",
"Device","Status","Serial Number",
"1","Enabled","354044",
"2","Disabled","",
"3","Disabled","",
"4","Disabled","",
"5","Disabled","",
"6","Disabled","",
"7","Disabled","",
"8","Disabled","",
"9","Disabled","",
"10","Disabled","",
"11","Disabled","",
"12","Disabled","",
"13","Disabled","",
"14","Disabled","",
"15","Disabled","",
"16","Disabled","",
"Sum","Disabled","",
"Math","Disabled","",

"Device 1",
"Live Graph Table",
"Sample Number","Tracking Value","Date","Time",
"0","18.59214","8/26/2026 1:35:37 PM","8/26/2026 1:35:37 PM",
"1","18.59214","8/26/2026 1:35:37 PM","8/26/2026 1:35:37 PM",
"2","18.59353","8/26/2026 1:35:37 PM","8/26/2026 1:35:37 PM",
"3","18.59353","8/26/2026 1:35:37 PM","8/26/2026 1:35:37 PM",
"4","18.59326","8/26/2026 1:35:37 PM","8/26/2026 1:35:37 PM",
"5","18.59326","8/26/2026 1:35:37 PM","8/26/2026 1:35:37 PM",
"6","18.59295","8/26/2026 1:35:37 PM","8/26/2026 1:35:37 PM",
"7","18.59295","8/26/2026 1:35:38 PM","8/26/2026 1:35:38 PM",
"8","18.59322","8/26/2026 1:35:38 PM","8/26/2026 1:35:38 PM",
"9","18.59322","8/26/2026 1:35:38 PM","8/26/2026 1:35:38 PM",
"10","18.59307","8/26/2026 1:35:38 PM","8/26/2026 1:35:38 PM",
"11","18.59307","8/26/2026 1:35:38 PM","8/26/2026 1:35:38 PM",
"12","18.59316","8/26/2026 1:35:38 PM","8/26/2026 1:35:38 PM",
"13","18.59316","8/26/2026 1:35:38 PM","8/26/2026 1:35:38 PM",
"14","18.5927","8/26/2026 1:35:38 PM","8/26/2026 1:35:38 PM",
"15","18.5927","8/26/2026 1:35:38 PM","8/26/2026 1:35:38 PM",
"16","18.59268","8/26/2026 1:35:38 PM","8/26/2026 1:35:38 PM",
"17","18.59268","8/26/2026 1:35:38 PM","8/26/2026 1:35:38 PM",
"18","18.59185","8/26/2026 1:35:38 PM","8/26/2026 1:35:38 PM",
"19","18.59185","8/26/2026 1:35:38 PM","8/26/2026 1:35:38 PM",
"20","18.59197","8/26/2026 1:35:38 PM","8/26/2026 1:35:38 PM",
"21","18.59197","8/26/2026 1:35:38 PM","8/26/2026 1:35:38 PM",
"22","18.59237","8/26/2026 1:35:38 PM","8/26/2026 1:35:38 PM",
"23","18.59237","8/26/2026 1:35:38 PM","8/26/2026 1:35:38 PM",
"24","18.59367","8/26/2026 1:35:38 PM","8/26/2026 1:35:38 PM",
"25","18.59367","8/26/2026 1:35:38 PM","8/26/2026 1:35:38 PM",
"26","18.59298","8/26/2026 1:35:38 PM","8/26/2026 1:35:38 PM",
"27","18.59298","8/26/2026 1:35:38 PM","8/26/2026 1:35:38 PM",
"28","18.5938","8/26/2026 1:35:38 PM","8/26/2026 1:35:38 PM",
"29","18.5938","8/26/2026 1:35:38 PM","8/26/2026 1:35:38 PM",
"30","18.59476","8/26/2026 1:35:38 PM","8/26/2026 1:35:38 PM",
"31","18.59476","8/26/2026 1:35:38 PM","8/26/2026 1:35:38 PM",
"32","18.59229","8/26/2026 1:35:38 PM","8/26/2026 1:35:38 PM",
"33","18.59229","8/26/2026 1:35:38 PM","8/26/2026 1:35:38 PM",
"34","18.59187","8/26/2026 1:35:38 PM","8/26/2026 1:35:38 PM",
"35","18.59187","8/26/2026 1:35:38 PM","8/26/2026 1:35:38 PM",
"36","18.59253","8/26/2026 1:35:38 PM","8/26/2026 1:35:38 PM",
"37","18.59253","8/26/2026 1:35:38 PM","8/26/2026 1:35:38 PM",
"38","18.59342","8/26/2026 1:35:38 PM","8/26/2026 1:35:38 PM",
"39","18.59342","8/26/2026 1:35:38 PM","8/26/2026 1:35:38 PM",
"40","18.59342","8/26/2026 1:35:38 PM","8/26/2026 1:35:38 PM",
"41","18.59318","8/26/2026 1:35:38 PM","8/26/2026 1:35:38 PM",
"42","18.59318","8/26/2026 1:35:38 PM","8/26/2026 1:35:38 PM",
"43","18.59302","8/26/2026 1:35:38 PM","8/26/2026 1:35:38 PM",
"44","18.59302","8/26/2026 1:35:38 PM","8/26/2026 1:35:38 PM",
"45","18.59335","8/26/2026 1:35:38 PM","8/26/2026 1:35:38 PM",
"46","18.59335","8/26/2026 1:35:38 PM","8/26/2026 1:35:38 PM",
"47","18.59271","8/26/2026 1:35:38 PM","8/26/2026 1:35:38 PM",
"48","18.59271","8/26/2026 1:35:38 PM","8/26/2026 1:35:38 PM",
"49","18.59264","8/26/2026 1:35:38 PM","8/26/2026 1:35:38 PM",
"50","18.59264","8/26/2026 1:35:38 PM","8/26/2026 1:35:38 PM",
"51","18.59429","8/26/2026 1:35:38 PM","8/26/2026 1:35:38 PM",
"52","18.59429","8/26/2026 1:35:38 PM","8/26/2026 1:35:38 PM",
"53","18.59287","8/26/2026 1:35:38 PM","8/26/2026 1:35:38 PM",
"54","18.59287","8/26/2026 1:35:38 PM","8/26/2026 1:35:38 PM",
"55","18.59275","8/26/2026 1:35:38 PM","8/26/2026 1:35:38 PM",
"56","18.59275","8/26/2026 1:35:38 PM","8/26/2026 1:35:38 PM",
"57","18.59285","8/26/2026 1:35:38 PM","8/26/2026 1:35:38 PM",
"58","18.59285","8/26/2026 1:35:38 PM","8/26/2026 1:35:38 PM",
"59","18.59268","8/26/2026 1:35:38 PM","8/26/2026 1:35:38 PM",
"60","18.59268","8/26/2026 1:35:38 PM","8/26/2026 1:35:38 PM",
"61","18.59271","8/26/2026 1:35:38 PM","8/26/2026 1:35:38 PM",
"62","18.59271","8/26/2026 1:35:38 PM","8/26/2026 1:35:38 PM",
"63","18.59332","8/26/2026 1:35:38 PM","8/26/2026 1:35:38 PM",
"64","18.59332","8/26/2026 1:35:38 PM","8/26/2026 1:35:38 PM",
"65","18.59299","8/26/2026 1:35:38 PM","8/26/2026 1:35:38 PM",
"66","18.59299","8/26/2026 1:35:38 PM","8/26/2026 1:35:38 PM",
"67","18.59323","8/26/2026 1:35:38 PM","8/26/2026 1:35:38 PM",
"68","18.59323","8/26/2026 1:35:38 PM","8/26/2026 1:35:38 PM",
"69","18.59202","8/26/2026 1:35:38 PM","8/26/2026 1:35:38 PM",
"70","18.59202","8/26/2026 1:35:38 PM","8/26/2026 1:35:38 PM",
"71","18.59303","8/26/2026 1:35:38 PM","8/26/2026 1:35:38 PM",
"72","18.59303","8/26/2026 1:35:38 PM","8/26/2026 1:35:38 PM",
"73","18.59335","8/26/2026 1:35:38 PM","8/26/2026 1:35:38 PM",
"74","18.59335","8/26/2026 1:35:38 PM","8/26/2026 1:35:38 PM",
"75","18.59381","8/26/2026 1:35:38 PM","8/26/2026 1:35:38 PM",
"76","18.59381","8/26/2026 1:35:38 PM","8/26/2026 1:35:38 PM",
"77","18.59378","8/26/2026 1:35:38 PM","8/26/2026 1:35:38 PM",
"78","18.59378","8/26/2026 1:35:38 PM","8/26/2026 1:35:38 PM",
"79","18.59257","8/26/2026 1:35:38 PM","8/26/2026 1:35:38 PM",
"80","18.59257","8/26/2026 1:35:38 PM","8/26/2026 1:35:38 PM",
"81","18.59265","8/26/2026 1:35:38 PM","8/26/2026 1:35:38 PM",
"82","18.59265","8/26/2026 1:35:38 PM","8/26/2026 1:35:38 PM",
"83","18.59352","8/26/2026 1:35:38 PM","8/26/2026 1:35:38 PM",
"84","18.59352","8/26/2026 1:35:38 PM","8/26/2026 1:35:38 PM",
"85","18.59329","8/26/2026 1:35:38 PM","8/26/2026 1:35:38 PM",
"86","18.59329","8/26/2026 1:35:38 PM","8/26/2026 1:35:38 PM",
"87","18.59341","8/26/2026 1:35:38 PM","8/26/2026 1:35:38 PM",
"88","18.59341","8/26/2026 1:35:38 PM","8/26/2026 1:35:38 PM",
"89","18.59268","8/26/2026 1:35:38 PM","8/26/2026 1:35:38 PM",
"90","18.59268","8/26/2026 1:35:38 PM","8/26/2026 1:35:38 PM",
"91","18.593","8/26/2026 1:35:38 PM","8/26/2026 1:35:38 PM",
"92","18.593","8/26/2026 1:35:38 PM","8/26/2026 1:35:38 PM",
"93","18.59301","8/26/2026 1:35:38 PM","8/26/2026 1:35:38 PM",
"94","18.59301","8/26/2026 1:35:38 PM","8/26/2026 1:35:38 PM",
"95","18.59294","8/26/2026 1:35:38 PM","8/26/2026 1:35:38 PM",
"96","18.59294","8/26/2026 1:35:38 PM","8/26/2026 1:35:38 PM",
"97","18.59222","8/26/2026 1:35:38 PM","8/26/2026 1:35:38 PM",
"98","18.59222","8/26/2026 1:35:38 PM","8/26/2026 1:35:38 PM",
"99","18.59218","8/26/2026 1:35:38 PM","8/26/2026 1:35:38 PM",
"100","18.59218","8/26/2026 1:35:38 PM","8/26/2026 1:35:38 PM",
"101","18.59337","8/26/2026 1:35:38 PM","8/26/2026 1:35:38 PM",
"102","18.59337","8/26/2026 1:35:38 PM","8/26/2026 1:35:38 PM",
"103","18.59197","8/26/2026 1:35:38 PM","8/26/2026 1:35:38 PM",
"104","18.59197","8/26/2026 1:35:38 PM","8/26/2026 1:35:38 PM",
"105","18.59288","8/26/2026 1:35:38 PM","8/26/2026 1:35:38 PM",
"106","18.59288","8/26/2026 1:35:38 PM","8/26/2026 1:35:38 PM",
"107","18.59341","8/26/2026 1:35:39 PM","8/26/2026 1:35:39 PM",
"108","18.59341","8/26/2026 1:35:39 PM","8/26/2026 1:35:39 PM",
"109","18.59337","8/26/2026 1:35:39 PM","8/26/2026 1:35:39 PM",
"110","18.59337","8/26/2026 1:35:39 PM","8/26/2026 1:35:39 PM",
"111","18.59341","8/26/2026 1:35:39 PM","8/26/2026 1:35:39 PM",
"112","18.59341","8/26/2026 1:35:39 PM","8/26/2026 1:35:39 PM",
"113","18.59378","8/26/2026 1:35:39 PM","8/26/2026 1:35:39 PM",
"114","18.59378","8/26/2026 1:35:39 PM","8/26/2026 1:35:39 PM",
"115","18.59252","8/26/2026 1:35:39 PM","8/26/2026 1:35:39 PM",
"116","18.59252","8/26/2026 1:35:39 PM","8/26/2026 1:35:39 PM",
"117","18.5925","8/26/2026 1:35:39 PM","8/26/2026 1:35:39 PM",
"118","18.5925","8/26/2026 1:35:39 PM","8/26/2026 1:35:39 PM",
"119","18.5918","8/26/2026 1:35:39 PM","8/26/2026 1:35:39 PM",
"120","18.5918","8/26/2026 1:35:39 PM","8/26/2026 1:35:39 PM",
"121","18.59393","8/26/2026 1:35:39 PM","8/26/2026 1:35:39 PM",
"122","18.59393","8/26/2026 1:35:39 PM","8/26/2026 1:35:39 PM",
"123","18.5928","8/26/2026 1:35:39 PM","8/26/2026 1:35:39 PM",
"124","18.5928","8/26/2026 1:35:39 PM","8/26/2026 1:35:39 PM",
"125","18.59356","8/26/2026 1:35:39 PM","8/26/2026 1:35:39 PM",
"126","18.59356","8/26/2026 1:35:39 PM","8/26/2026 1:35:39 PM",
"127","18.59289","8/26/2026 1:35:39 PM","8/26/2026 1:35:39 PM",
"128","18.59289","8/26/2026 1:35:39 PM","8/26/2026 1:35:39 PM",
"129","18.59288","8/26/2026 1:35:39 PM","8/26/2026 1:35:39 PM",
"130","18.59288","8/26/2026 1:35:39 PM","8/26/2026 1:35:39 PM",
"131","18.59319","8/26/2026 1:35:39 PM","8/26/2026 1:35:39 PM",
"132","18.59319","8/26/2026 1:35:39 PM","8/26/2026 1:35:39 PM",
"133","18.59267","8/26/2026 1:35:39 PM","8/26/2026 1:35:39 PM",
"134","18.59267","8/26/2026 1:35:39 PM","8/26/2026 1:35:39 PM",
"135","18.59333","8/26/2026 1:35:39 PM","8/26/2026 1:35:39 PM",
"136","18.59333","8/26/2026 1:35:39 PM","8/26/2026 1:35:39 PM",
"137","18.59403","8/26/2026 1:35:39 PM","8/26/2026 1:35:39 PM",
"138","18.59403","8/26/2026 1:35:39 PM","8/26/2026 1:35:39 PM",
"139","18.59309","8/26/2026 1:35:39 PM","8/26/2026 1:35:39 PM",
"140","18.59309","8/26/2026 1:35:39 PM","8/26/2026 1:35:39 PM",
"141","18.59293","8/26/2026 1:35:39 PM","8/26/2026 1:35:39 PM",
"142","18.59293","8/26/2026 1:35:39 PM","8/26/2026 1:35:39 PM",
"143","18.5927","8/26/2026 1:35:39 PM","8/26/2026 1:35:39 PM",
"144","18.59321","8/26/2026 1:35:39 PM","8/26/2026 1:35:39 PM",
"145","18.59321","8/26/2026 1:35:39 PM","8/26/2026 1:35:39 PM",
"146","18.59321","8/26/2026 1:35:39 PM","8/26/2026 1:35:39 PM",
"147","18.59189","8/26/2026 1:35:39 PM","8/26/2026 1:35:39 PM",
"148","18.59189","8/26/2026 1:35:39 PM","8/26/2026 1:35:39 PM",
"149","18.59234","8/26/2026 1:35:39 PM","8/26/2026 1:35:39 PM",
"150","18.59234","8/26/2026 1:35:39 PM","8/26/2026 1:35:39 PM",
"151","18.59254","8/26/2026 1:35:39 PM","8/26/2026 1:35:39 PM",
"152","18.59254","8/26/2026 1:35:39 PM","8/26/2026 1:35:39 PM",
"153","18.59313","8/26/2026 1:35:39 PM","8/26/2026 1:35:39 PM",
"154","18.59313","8/26/2026 1:35:39 PM","8/26/2026 1:35:39 PM",
"155","18.59226","8/26/2026 1:35:39 PM","8/26/2026 1:35:39 PM",
"156","18.59226","8/26/2026 1:35:39 PM","8/26/2026 1:35:39 PM",
"157","18.59303","8/26/2026 1:35:39 PM","8/26/2026 1:35:39 PM",
"158","18.59303","8/26/2026 1:35:39 PM","8/26/2026 1:35:39 PM",
"159","18.59335","8/26/2026 1:35:39 PM","8/26/2026 1:35:39 PM",
"160","18.59335","8/26/2026 1:35:39 PM","8/26/2026 1:35:39 PM",
"161","18.59445","8/26/2026 1:35:39 PM","8/26/2026 1:35:39 PM",
"162","18.59445","8/26/2026 1:35:39 PM","8/26/2026 1:35:39 PM",
"163","18.59307","8/26/2026 1:35:39 PM","8/26/2026 1:35:39 PM",
"164","18.59307","8/26/2026 1:35:39 PM","8/26/2026 1:35:39 PM",
"165","18.59464","8/26/2026 1:35:39 PM","8/26/2026 1:35:39 PM",
"166","18.59464","8/26/2026 1:35:39 PM","8/26/2026 1:35:39 PM",
"167","18.59325","8/26/2026 1:35:39 PM","8/26/2026 1:35:39 PM",
"168","18.59325","8/26/2026 1:35:39 PM","8/26/2026 1:35:39 PM",
"169","18.59201","8/26/2026 1:35:39 PM","8/26/2026 1:35:39 PM",
"170","18.59201","8/26/2026 1:35:39 PM","8/26/2026 1:35:39 PM",
"171","18.59178","8/26/2026 1:35:39 PM","8/26/2026 1:35:39 PM",
"172","18.59178","8/26/2026 1:35:39 PM","8/26/2026 1:35:39 PM",
"173","18.59188","8/26/2026 1:35:39 PM","8/26/2026 1:35:39 PM",
"174","18.59188","8/26/2026 1:35:39 PM","8/26/2026 1:35:39 PM",
"175","18.59007","8/26/2026 1:35:39 PM","8/26/2026 1:35:39 PM",
"176","18.59007","8/26/2026 1:35:39 PM","8/26/2026 1:35:39 PM",
"177","18.59098","8/26/2026 1:35:39 PM","8/26/2026 1:35:39 PM",
"178","18.59098","8/26/2026 1:35:39 PM","8/26/2026 1:35:39 PM",
"179","18.59192","8/26/2026 1:35:39 PM","8/26/2026 1:35:39 PM",
"180","18.59192","8/26/2026 1:35:39 PM","8/26/2026 1:35:39 PM",
"181","18.59151","8/26/2026 1:35:39 PM","8/26/2026 1:35:39 PM",
"182","18.59151","8/26/2026 1:35:39 PM","8/26/2026 1:35:39 PM",
"183","18.591","8/26/2026 1:35:39 PM","8/26/2026 1:35:39 PM",
"184","18.591","8/26/2026 1:35:39 PM","8/26/2026 1:35:39 PM",
"185","18.59013","8/26/2026 1:35:39 PM","8/26/2026 1:35:39 PM",
"186","18.59013","8/26/2026 1:35:39 PM","8/26/2026 1:35:39 PM",
"187","18.59246","8/26/2026 1:35:39 PM","8/26/2026 1:35:39 PM",
"188","18.59246","8/26/2026 1:35:39 PM","8/26/2026 1:35:39 PM",
"189","18.59209","8/26/2026 1:35:39 PM","8/26/2026 1:35:39 PM",
"190","18.59209","8/26/2026 1:35:39 PM","8/26/2026 1:35:39 PM",
"191","18.59426","8/26/2026 1:35:39 PM","8/26/2026 1:35:39 PM",
"192","18.59426","8/26/2026 1:35:39 PM","8/26/2026 1:35:39 PM",
"193","18.59382","8/26/2026 1:35:39 PM","8/26/2026 1:35:39 PM",
"194","18.59382","8/26/2026 1:35:39 PM","8/26/2026 1:35:39 PM",
"195","18.59394","8/26/2026 1:35:39 PM","8/26/2026 1:35:39 PM",
"196","18.59394","8/26/2026 1:35:39 PM","8/26/2026 1:35:39 PM",
"197","18.59407","8/26/2026 1:35:39 PM","8/26/2026 1:35:39 PM",
"198","18.59407","8/26/2026 1:35:39 PM","8/26/2026 1:35:39 PM",
"199","18.59548","8/26/2026 1:35:39 PM","8/26/2026 1:35:39 PM",
"200","18.59548","8/26/2026 1:35:39 PM","8/26/2026 1:35:39 PM",
"201","18.59543","8/26/2026 1:35:39 PM","8/26/2026 1:35:39 PM",
"202","18.59543","8/26/2026 1:35:39 PM","8/26/2026 1:35:39 PM",
"203","18.59616","8/26/2026 1:35:39 PM","8/26/2026 1:35:39 PM",
"204","18.59616","8/26/2026 1:35:39 PM","8/26/2026 1:35:39 PM",
"205","18.59508","8/26/2026 1:35:39 PM","8/26/2026 1:35:39 PM",
"206","18.59508","8/26/2026 1:35:39 PM","8/26/2026 1:35:39 PM",
"207","18.59517","8/26/2026 1:35:40 PM","8/26/2026 1:35:40 PM",
"208","18.59517","8/26/2026 1:35:40 PM","8/26/2026 1:35:40 PM",
"209","18.59384","8/26/2026 1:35:40 PM","8/26/2026 1:35:40 PM",
"210","18.59384","8/26/2026 1:35:40 PM","8/26/2026 1:35:40 PM",
"211","18.59468","8/26/2026 1:35:40 PM","8/26/2026 1:35:40 PM",
"212","18.59468","8/26/2026 1:35:40 PM","8/26/2026 1:35:40 PM",
"213","18.5955","8/26/2026 1:35:40 PM","8/26/2026 1:35:40 PM",
"214","18.5955","8/26/2026 1:35:40 PM","8/26/2026 1:35:40 PM",
"215","18.59325","8/26/2026 1:35:40 PM","8/26/2026 1:35:40 PM",
"216","18.59325","8/26/2026 1:35:40 PM","8/26/2026 1:35:40 PM",
"217","18.5941","8/26/2026 1:35:40 PM","8/26/2026 1:35:40 PM",
"218","18.5941","8/26/2026 1:35:40 PM","8/26/2026 1:35:40 PM",
"219","18.59423","8/26/2026 1:35:40 PM","8/26/2026 1:35:40 PM",
"220","18.59423","8/26/2026 1:35:40 PM","8/26/2026 1:35:40 PM",
"221","18.59424","8/26/2026 1:35:40 PM","8/26/2026 1:35:40 PM",
"222","18.59424","8/26/2026 1:35:40 PM","8/26/2026 1:35:40 PM",
"223","18.59493","8/26/2026 1:35:40 PM","8/26/2026 1:35:40 PM",
"224","18.59493","8/26/2026 1:35:40 PM","8/26/2026 1:35:40 PM",
"225","18.59557","8/26/2026 1:35:40 PM","8/26/2026 1:35:40 PM",
"226","18.59557","8/26/2026 1:35:40 PM","8/26/2026 1:35:40 PM",
"227","18.59398","8/26/2026 1:35:40 PM","8/26/2026 1:35:40 PM",
"228","18.59398","8/26/2026 1:35:40 PM","8/26/2026 1:35:40 PM",
"229","18.59447","8/26/2026 1:35:40 PM","8/26/2026 1:35:40 PM",
"230","18.59447","8/26/2026 1:35:40 PM","8/26/2026 1:35:40 PM",
"231","18.59761","8/26/2026 1:35:40 PM","8/26/2026 1:35:40 PM",
"232","18.59761","8/26/2026 1:35:40 PM","8/26/2026 1:35:40 PM",
"233","18.59799","8/26/2026 1:35:40 PM","8/26/2026 1:35:40 PM",
"234","18.59799","8/26/2026 1:35:40 PM","8/26/2026 1:35:40 PM",
"235","18.5973","8/26/2026 1:35:40 PM","8/26/2026 1:35:40 PM",
"236","18.5973","8/26/2026 1:35:40 PM","8/26/2026 1:35:40 PM",
"237","18.59686","8/26/2026 1:35:40 PM","8/26/2026 1:35:40 PM",
"238","18.59686","8/26/2026 1:35:40 PM","8/26/2026 1:35:40 PM",
"239","18.59538","8/26/2026 1:35:40 PM","8/26/2026 1:35:40 PM",
"240","18.59538","8/26/2026 1:35:40 PM","8/26/2026 1:35:40 PM",
"241","18.59588","8/26/2026 1:35:40 PM","8/26/2026 1:35:40 PM",
"242","18.59588","8/26/2026 1:35:40 PM","8/26/2026 1:35:40 PM",
"243","18.59517","8/26/2026 1:35:40 PM","8/26/2026 1:35:40 PM",
"244","18.59517","8/26/2026 1:35:40 PM","8/26/2026 1:35:40 PM",
"245","18.59485","8/26/2026 1:35:40 PM","8/26/2026 1:35:40 PM",
"246","18.59485","8/26/2026 1:35:40 PM","8/26/2026 1:35:40 PM",
"247","18.59445","8/26/2026 1:35:40 PM","8/26/2026 1:35:40 PM",
"248","18.59445","8/26/2026 1:35:40 PM","8/26/2026 1:35:40 PM",
"249","18.59603","8/26/2026 1:35:40 PM","8/26/2026 1:35:40 PM",
"250","18.59603","8/26/2026 1:35:40 PM","8/26/2026 1:35:40 PM",
"251","18.59583","8/26/2026 1:35:40 PM","8/26/2026 1:35:40 PM",
"252","18.59583","8/26/2026 1:35:40 PM","8/26/2026 1:35:40 PM",
"253","18.5958","8/26/2026 1:35:40 PM","8/26/2026 1:35:40 PM",
"254","18.5958","8/26/2026 1:35:40 PM","8/26/2026 1:35:40 PM",
"255","18.59473","8/26/2026 1:35:40 PM","8/26/2026 1:35:40 PM",
"256","18.59473","8/26/2026 1:35:40 PM","8/26/2026 1:35:40 PM",
"257","18.59586","8/26/2026 1:35:40 PM","8/26/2026 1:35:40 PM",
"258","18.59586","8/26/2026 1:35:40 PM","8/26/2026 1:35:40 PM",
"259","18.59607","8/26/2026 1:35:40 PM","8/26/2026 1:35:40 PM",
"260","18.59607","8/26/2026 1:35:40 PM","8/26/2026 1:35:40 PM",
"261","18.60036","8/26/2026 1:35:40 PM","8/26/2026 1:35:40 PM",
"262","18.60036","8/26/2026 1:35:40 PM","8/26/2026 1:35:40 PM",
"263","18.60072","8/26/2026 1:35:40 PM","8/26/2026 1:35:40 PM",
"264","18.60072","8/26/2026 1:35:40 PM","8/26/2026 1:35:40 PM",
"265","18.59539","8/26/2026 1:35:40 PM","8/26/2026 1:35:40 PM",
"266","18.59539","8/26/2026 1:35:40 PM","8/26/2026 1:35:40 PM",
"267","18.59329","8/26/2026 1:35:40 PM","8/26/2026 1:35:40 PM",
"268","18.59329","8/26/2026 1:35:40 PM","8/26/2026 1:35:40 PM",
"269","18.59679","8/26/2026 1:35:40 PM","8/26/2026 1:35:40 PM",
"270","18.59679","8/26/2026 1:35:40 PM","8/26/2026 1:35:40 PM",
"271","18.59337","8/26/2026 1:35:40 PM","8/26/2026 1:35:40 PM",
"272","18.59337","8/26/2026 1:35:40 PM","8/26/2026 1:35:40 PM",
"273","18.59702","8/26/2026 1:35:40 PM","8/26/2026 1:35:40 PM",
"274","18.59702","8/26/2026 1:35:40 PM","8/26/2026 1:35:40 PM",
"275","18.59461","8/26/2026 1:35:40 PM","8/26/2026 1:35:40 PM",
"276","18.59461","8/26/2026 1:35:40 PM","8/26/2026 1:35:40 PM",
"277","18.59724","8/26/2026 1:35:40 PM","8/26/2026 1:35:40 PM",
"278","18.59724","8/26/2026 1:35:40 PM","8/26/2026 1:35:40 PM",
"279","18.59347","8/26/2026 1:35:40 PM","8/26/2026 1:35:40 PM",
"280","18.59347","8/26/2026 1:35:40 PM","8/26/2026 1:35:40 PM",
"281","18.59754","8/26/2026 1:35:40 PM","8/26/2026 1:35:40 PM",
"282","18.59754","8/26/2026 1:35:40 PM","8/26/2026 1:35:40 PM",
"283","18.59513","8/26/2026 1:35:40 PM","8/26/2026 1:35:40 PM",
"284","18.59513","8/26/2026 1:35:40 PM","8/26/2026 1:35:40 PM",
"285","18.5983","8/26/2026 1:35:40 PM","8/26/2026 1:35:40 PM",
"286","18.5983","8/26/2026 1:35:40 PM","8/26/2026 1:35:40 PM",
"287","18.59452","8/26/2026 1:35:40 PM","8/26/2026 1:35:40 PM",
"288","18.59452","8/26/2026 1:35:40 PM","8/26/2026 1:35:40 PM",
"289","18.59783","8/26/2026 1:35:40 PM","8/26/2026 1:35:40 PM",
"290","18.59783","8/26/2026 1:35:40 PM","8/26/2026 1:35:40 PM",
"291","18.59695","8/26/2026 1:35:40 PM","8/26/2026 1:35:40 PM",
"292","18.59695","8/26/2026 1:35:40 PM","8/26/2026 1:35:40 PM",
"293","18.59733","8/26/2026 1:35:40 PM","8/26/2026 1:35:40 PM",
"294","18.59733","8/26/2026 1:35:40 PM","8/26/2026 1:35:40 PM",
"295","18.59279","8/26/2026 1:35:40 PM","8/26/2026 1:35:40 PM",
"296","18.59279","8/26/2026 1:35:40 PM","8/26/2026 1:35:40 PM",
"297","18.59615","8/26/2026 1:35:40 PM","8/26/2026 1:35:40 PM",
"298","18.59615","8/26/2026 1:35:40 PM","8/26/2026 1:35:40 PM",
"299","18.59259","8/26/2026 1:35:40 PM","8/26/2026 1:35:40 PM",
"300","18.59259","8/26/2026 1:35:40 PM","8/26/2026 1:35:40 PM",
"301","18.59477","8/26/2026 1:35:40 PM","8/26/2026 1:35:40 PM",
"302","18.59477","8/26/2026 1:35:40 PM","8/26/2026 1:35:40 PM",
"303","18.59567","8/26/2026 1:35:40 PM","8/26/2026 1:35:40 PM",
"304","18.59567","8/26/2026 1:35:40 PM","8/26/2026 1:35:40 PM",
"305","18.59607","8/26/2026 1:35:40 PM","8/26/2026 1:35:40 PM",
"306","18.59607","8/26/2026 1:35:40 PM","8/26/2026 1:35:40 PM",
"307","18.5936","8/26/2026 1:35:41 PM","8/26/2026 1:35:41 PM",
"308","18.5936","8/26/2026 1:35:41 PM","8/26/2026 1:35:41 PM",
"309","18.59548","8/26/2026 1:35:41 PM","8/26/2026 1:35:41 PM",
"310","18.59548","8/26/2026 1:35:41 PM","8/26/2026 1:35:41 PM",
"311","18.59606","8/26/2026 1:35:41 PM","8/26/2026 1:35:41 PM",
"312","18.59606","8/26/2026 1:35:41 PM","8/26/2026 1:35:41 PM",
"313","18.59664","8/26/2026 1:35:41 PM","8/26/2026 1:35:41 PM",
"314","18.59664","8/26/2026 1:35:41 PM","8/26/2026 1:35:41 PM",
"315","18.59559","8/26/2026 1:35:41 PM","8/26/2026 1:35:41 PM",
"316","18.59559","8/26/2026 1:35:41 PM","8/26/2026 1:35:41 PM",
"317","18.59603","8/26/2026 1:35:41 PM","8/26/2026 1:35:41 PM",
"318","18.59603","8/26/2026 1:35:41 PM","8/26/2026 1:35:41 PM",
"319","18.59931","8/26/2026 1:35:41 PM","8/26/2026 1:35:41 PM",
"320","18.59931","8/26/2026 1:35:41 PM","8/26/2026 1:35:41 PM",
"321","18.59842","8/26/2026 1:35:41 PM","8/26/2026 1:35:41 PM",
"322","18.59842","8/26/2026 1:35:41 PM","8/26/2026 1:35:41 PM",
"323","18.59656","8/26/2026 1:35:41 PM","8/26/2026 1:35:41 PM",
"324","18.59656","8/26/2026 1:35:41 PM","8/26/2026 1:35:41 PM",
"325","18.5952","8/26/2026 1:35:41 PM","8/26/2026 1:35:41 PM",
"326","18.5952","8/26/2026 1:35:41 PM","8/26/2026 1:35:41 PM",
"327","18.59501","8/26/2026 1:35:41 PM","8/26/2026 1:35:41 PM",
"328","18.59501","8/26/2026 1:35:41 PM","8/26/2026 1:35:41 PM",
"329","18.59432","8/26/2026 1:35:41 PM","8/26/2026 1:35:41 PM",
"330","18.59432","8/26/2026 1:35:41 PM","8/26/2026 1:35:41 PM",
"331","18.59685","8/26/2026 1:35:41 PM","8/26/2026 1:35:41 PM",
"332","18.59685","8/26/2026 1:35:41 PM","8/26/2026 1:35:41 PM",
"333","18.59714","8/26/2026 1:35:41 PM","8/26/2026 1:35:41 PM",
"334","18.59714","8/26/2026 1:35:41 PM","8/26/2026 1:35:41 PM",
"335","18.59831","8/26/2026 1:35:41 PM","8/26/2026 1:35:41 PM",
"336","18.59831","8/26/2026 1:35:41 PM","8/26/2026 1:35:41 PM",
"337","18.59593","8/26/2026 1:35:41 PM","8/26/2026 1:35:41 PM",
"338","18.59593","8/26/2026 1:35:41 PM","8/26/2026 1:35:41 PM",
"339","18.59669","8/26/2026 1:35:41 PM","8/26/2026 1:35:41 PM",
"340","18.59669","8/26/2026 1:35:41 PM","8/26/2026 1:35:41 PM",
"341","18.59744","8/26/2026 1:35:41 PM","8/26/2026 1:35:41 PM",
"342","18.59744","8/26/2026 1:35:41 PM","8/26/2026 1:35:41 PM",
"343","18.598","8/26/2026 1:35:41 PM","8/26/2026 1:35:41 PM",
"344","18.598","8/26/2026 1:35:41 PM","8/26/2026 1:35:41 PM",
"345","18.59614","8/26/2026 1:35:41 PM","8/26/2026 1:35:41 PM",
"346","18.59614","8/26/2026 1:35:41 PM","8/26/2026 1:35:41 PM",
"347","18.59637","8/26/2026 1:35:41 PM","8/26/2026 1:35:41 PM",
"348","18.59637","8/26/2026 1:35:41 PM","8/26/2026 1:35:41 PM",
"349","18.59535","8/26/2026 1:35:41 PM","8/26/2026 1:35:41 PM",
"350","18.59535","8/26/2026 1:35:41 PM","8/26/2026 1:35:41 PM",
"351","18.59569","8/26/2026 1:35:41 PM","8/26/2026 1:35:41 PM",
"352","18.59569","8/26/2026 1:35:41 PM","8/26/2026 1:35:41 PM",
"353","18.59524","8/26/2026 1:35:41 PM","8/26/2026 1:35:41 PM",
"354","18.59524","8/26/2026 1:35:41 PM","8/26/2026 1:35:41 PM",
"355","18.59661","8/26/2026 1:35:41 PM","8/26/2026 1:35:41 PM",
"356","18.59661","8/26/2026 1:35:41 PM","8/26/2026 1:35:41 PM",
"357","18.59711","8/26/2026 1:35:41 PM","8/26/2026 1:35:41 PM",
"358","18.59711","8/26/2026 1:35:41 PM","8/26/2026 1:35:41 PM",
"359","18.59726","8/26/2026 1:35:41 PM","8/26/2026 1:35:41 PM",
"360","18.59726","8/26/2026 1:35:41 PM","8/26/2026 1:35:41 PM",
"361","18.59418","8/26/2026 1:35:41 PM","8/26/2026 1:35:41 PM",
"362","18.59418","8/26/2026 1:35:41 PM","8/26/2026 1:35:41 PM",
"363","18.59482","8/26/2026 1:35:41 PM","8/26/2026 1:35:41 PM",
"364","18.59482","8/26/2026 1:35:41 PM","8/26/2026 1:35:41 PM",
"365","18.59534","8/26/2026 1:35:41 PM","8/26/2026 1:35:41 PM",
"366","18.59534","8/26/2026 1:35:41 PM","8/26/2026 1:35:41 PM",
"367","18.59678","8/26/2026 1:35:41 PM","8/26/2026 1:35:41 PM",
"368","18.59678","8/26/2026 1:35:41 PM","8/26/2026 1:35:41 PM",
"369","18.5967","8/26/2026 1:35:41 PM","8/26/2026 1:35:41 PM",
"370","18.5967","8/26/2026 1:35:41 PM","8/26/2026 1:35:41 PM",
"371","18.59646","8/26/2026 1:35:41 PM","8/26/2026 1:35:41 PM",
"372","18.59646","8/26/2026 1:35:41 PM","8/26/2026 1:35:41 PM",
"373","18.5958","8/26/2026 1:35:41 PM","8/26/2026 1:35:41 PM",
"374","18.5958","8/26/2026 1:35:41 PM","8/26/2026 1:35:41 PM",
"375","18.59713","8/26/2026 1:35:41 PM","8/26/2026 1:35:41 PM",
"376","18.59713","8/26/2026 1:35:41 PM","8/26/2026 1:35:41 PM",
"377","18.59943","8/26/2026 1:35:41 PM","8/26/2026 1:35:41 PM",
"378","18.59943","8/26/2026 1:35:41 PM","8/26/2026 1:35:41 PM",
"379","18.59761","8/26/2026 1:35:41 PM","8/26/2026 1:35:41 PM",
"380","18.59761","8/26/2026 1:35:41 PM","8/26/2026 1:35:41 PM",
"381","18.59184","8/26/2026 1:35:41 PM","8/26/2026 1:35:41 PM",
"382","18.59184","8/26/2026 1:35:41 PM","8/26/2026 1:35:41 PM",
"383","18.59919","8/26/2026 1:35:41 PM","8/26/2026 1:35:41 PM",
"384","18.59919","8/26/2026 1:35:41 PM","8/26/2026 1:35:41 PM",
"385","18.59229","8/26/2026 1:35:41 PM","8/26/2026 1:35:41 PM",
"386","18.59229","8/26/2026 1:35:41 PM","8/26/2026 1:35:41 PM",
"387","18.59885","8/26/2026 1:35:41 PM","8/26/2026 1:35:41 PM",
"388","18.59885","8/26/2026 1:35:41 PM","8/26/2026 1:35:41 PM",
"389","18.59243","8/26/2026 1:35:41 PM","8/26/2026 1:35:41 PM",
"390","18.59243","8/26/2026 1:35:41 PM","8/26/2026 1:35:41 PM",
"391","18.59243","8/26/2026 1:35:41 PM","8/26/2026 1:35:41 PM",
"392","18.59945","8/26/2026 1:35:41 PM","8/26/2026 1:35:41 PM",
"393","18.59945","8/26/2026 1:35:41 PM","8/26/2026 1:35:41 PM",
"394","18.59144","8/26/2026 1:35:41 PM","8/26/2026 1:35:41 PM",
"395","18.59144","8/26/2026 1:35:41 PM","8/26/2026 1:35:41 PM",
"396","18.5995","8/26/2026 1:35:41 PM","8/26/2026 1:35:41 PM",
"397","18.5995","8/26/2026 1:35:41 PM","8/26/2026 1:35:41 PM",
"398","18.59152","8/26/2026 1:35:41 PM","8/26/2026 1:35:41 PM",
"399","18.59152","8/26/2026 1:35:41 PM","8/26/2026 1:35:41 PM",
"400","18.59907","8/26/2026 1:35:41 PM","8/26/2026 1:35:41 PM",
"401","18.59907","8/26/2026 1:35:41 PM","8/26/2026 1:35:41 PM",
"402","18.59247","8/26/2026 1:35:41 PM","8/26/2026 1:35:41 PM",
"403","18.59247","8/26/2026 1:35:41 PM","8/26/2026 1:35:41 PM",
"404","18.59806","8/26/2026 1:35:41 PM","8/26/2026 1:35:41 PM",
"405","18.59806","8/26/2026 1:35:41 PM","8/26/2026 1:35:41 PM",
"406","18.59255","8/26/2026 1:35:41 PM","8/26/2026 1:35:41 PM",
"407","18.59255","8/26/2026 1:35:42 PM","8/26/2026 1:35:42 PM",
"408","18.59846","8/26/2026 1:35:42 PM","8/26/2026 1:35:42 PM",
"409","18.59846","8/26/2026 1:35:42 PM","8/26/2026 1:35:42 PM",
"410","18.59351","8/26/2026 1:35:42 PM","8/26/2026 1:35:42 PM",
"411","18.59351","8/26/2026 1:35:42 PM","8/26/2026 1:35:42 PM",
"412","18.59742","8/26/2026 1:35:42 PM","8/26/2026 1:35:42 PM",
"413","18.59742","8/26/2026 1:35:42 PM","8/26/2026 1:35:42 PM",
"414","18.59487","8/26/2026 1:35:42 PM","8/26/2026 1:35:42 PM",
"415","18.59487","8/26/2026 1:35:42 PM","8/26/2026 1:35:42 PM",
"416","18.59633","8/26/2026 1:35:42 PM","8/26/2026 1:35:42 PM",
"417","18.59633","8/26/2026 1:35:42 PM","8/26/2026 1:35:42 PM",
"418","18.5929","8/26/2026 1:35:42 PM","8/26/2026 1:35:42 PM",
"419","18.5929","8/26/2026 1:35:42 PM","8/26/2026 1:35:42 PM",
"420","18.59802","8/26/2026 1:35:42 PM","8/26/2026 1:35:42 PM",
"421","18.59802","8/26/2026 1:35:42 PM","8/26/2026 1:35:42 PM",
"422","18.59758","8/26/2026 1:35:42 PM","8/26/2026 1:35:42 PM",
"423","18.59758","8/26/2026 1:35:42 PM","8/26/2026 1:35:42 PM",
"424","18.59797","8/26/2026 1:35:42 PM","8/26/2026 1:35:42 PM",
"425","18.59797","8/26/2026 1:35:42 PM","8/26/2026 1:35:42 PM",
"426","18.59262","8/26/2026 1:35:42 PM","8/26/2026 1:35:42 PM",
"427","18.59262","8/26/2026 1:35:42 PM","8/26/2026 1:35:42 PM",
"428","18.59328","8/26/2026 1:35:42 PM","8/26/2026 1:35:42 PM",
"429","18.59328","8/26/2026 1:35:42 PM","8/26/2026 1:35:42 PM",
"430","18.59151","8/26/2026 1:35:42 PM","8/26/2026 1:35:42 PM",
"431","18.59151","8/26/2026 1:35:42 PM","8/26/2026 1:35:42 PM",
"432","18.59142","8/26/2026 1:35:42 PM","8/26/2026 1:35:42 PM",
"433","18.59142","8/26/2026 1:35:42 PM","8/26/2026 1:35:42 PM",
"434","18.59156","8/26/2026 1:35:42 PM","8/26/2026 1:35:42 PM",
"435","18.59156","8/26/2026 1:35:42 PM","8/26/2026 1:35:42 PM",
"436","18.59381","8/26/2026 1:35:42 PM","8/26/2026 1:35:42 PM",
"437","18.59381","8/26/2026 1:35:42 PM","8/26/2026 1:35:42 PM",
"438","18.59313","8/26/2026 1:35:42 PM","8/26/2026 1:35:42 PM",
"439","18.59313","8/26/2026 1:35:42 PM","8/26/2026 1:35:42 PM",
"440","18.59537","8/26/2026 1:35:42 PM","8/26/2026 1:35:42 PM",
"441","18.59537","8/26/2026 1:35:42 PM","8/26/2026 1:35:42 PM",
"442","18.59347","8/26/2026 1:35:42 PM","8/26/2026 1:35:42 PM",
"443","18.59347","8/26/2026 1:35:42 PM","8/26/2026 1:35:42 PM",
"444","18.5927","8/26/2026 1:35:42 PM","8/26/2026 1:35:42 PM",
"445","18.5927","8/26/2026 1:35:42 PM","8/26/2026 1:35:42 PM",
"446","18.59378","8/26/2026 1:35:42 PM","8/26/2026 1:35:42 PM",
"447","18.59378","8/26/2026 1:35:42 PM","8/26/2026 1:35:42 PM",
"448","18.59346","8/26/2026 1:35:42 PM","8/26/2026 1:35:42 PM",
"449","18.59346","8/26/2026 1:35:42 PM","8/26/2026 1:35:42 PM",
"450","18.59357","8/26/2026 1:35:42 PM","8/26/2026 1:35:42 PM",
"451","18.59357","8/26/2026 1:35:42 PM","8/26/2026 1:35:42 PM",
"452","18.59366","8/26/2026 1:35:42 PM","8/26/2026 1:35:42 PM",
"453","18.59366","8/26/2026 1:35:42 PM","8/26/2026 1:35:42 PM",
"454","18.59341","8/26/2026 1:35:42 PM","8/26/2026 1:35:42 PM",
"455","18.59341","8/26/2026 1:35:42 PM","8/26/2026 1:35:42 PM",
"456","18.59247","8/26/2026 1:35:42 PM","8/26/2026 1:35:42 PM",
"457","18.59247","8/26/2026 1:35:42 PM","8/26/2026 1:35:42 PM",
"458","18.59314","8/26/2026 1:35:42 PM","8/26/2026 1:35:42 PM",
"459","18.59314","8/26/2026 1:35:42 PM","8/26/2026 1:35:42 PM",
"460","18.59192","8/26/2026 1:35:42 PM","8/26/2026 1:35:42 PM",
"461","18.59192","8/26/2026 1:35:42 PM","8/26/2026 1:35:42 PM",
"462","18.59313","8/26/2026 1:35:42 PM","8/26/2026 1:35:42 PM",
"463","18.59313","8/26/2026 1:35:42 PM","8/26/2026 1:35:42 PM",
"464","18.5916","8/26/2026 1:35:42 PM","8/26/2026 1:35:42 PM",
"465","18.5916","8/26/2026 1:35:42 PM","8/26/2026 1:35:42 PM",
"466","18.59017","8/26/2026 1:35:42 PM","8/26/2026 1:35:42 PM",
"467","18.59017","8/26/2026 1:35:42 PM","8/26/2026 1:35:42 PM",
"468","18.59039","8/26/2026 1:35:42 PM","8/26/2026 1:35:42 PM",
"469","18.59039","8/26/2026 1:35:42 PM","8/26/2026 1:35:42 PM",
"470","18.5925","8/26/2026 1:35:42 PM","8/26/2026 1:35:42 PM",
"471","18.5925","8/26/2026 1:35:42 PM","8/26/2026 1:35:42 PM",
"472","18.59086","8/26/2026 1:35:42 PM","8/26/2026 1:35:42 PM",
"473","18.59086","8/26/2026 1:35:42 PM","8/26/2026 1:35:42 PM",
"474","18.59137","8/26/2026 1:35:42 PM","8/26/2026 1:35:42 PM",
"475","18.59137","8/26/2026 1:35:42 PM","8/26/2026 1:35:42 PM",
"476","18.5902","8/26/2026 1:35:42 PM","8/26/2026 1:35:42 PM",
"477","18.5902","8/26/2026 1:35:42 PM","8/26/2026 1:35:42 PM",
"478","18.59013","8/26/2026 1:35:42 PM","8/26/2026 1:35:42 PM",
"479","18.59013","8/26/2026 1:35:42 PM","8/26/2026 1:35:42 PM",
"480","18.58941","8/26/2026 1:35:42 PM","8/26/2026 1:35:42 PM",
"481","18.58941","8/26/2026 1:35:42 PM","8/26/2026 1:35:42 PM",
"482","18.59011","8/26/2026 1:35:42 PM","8/26/2026 1:35:42 PM",
"483","18.59011","8/26/2026 1:35:42 PM","8/26/2026 1:35:42 PM",
"484","18.58875","8/26/2026 1:35:42 PM","8/26/2026 1:35:42 PM",
"485","18.58875","8/26/2026 1:35:42 PM","8/26/2026 1:35:42 PM",
"486","18.59033","8/26/2026 1:35:42 PM","8/26/2026 1:35:42 PM",
"487","18.59033","8/26/2026 1:35:42 PM","8/26/2026 1:35:42 PM",
"488","18.5895","8/26/2026 1:35:42 PM","8/26/2026 1:35:42 PM",
"489","18.5895","8/26/2026 1:35:42 PM","8/26/2026 1:35:42 PM",
"490","18.58999","8/26/2026 1:35:42 PM","8/26/2026 1:35:42 PM",
"491","18.58999","8/26/2026 1:35:42 PM","8/26/2026 1:35:42 PM",
"492","18.58911","8/26/2026 1:35:42 PM","8/26/2026 1:35:42 PM",
"493","18.58911","8/26/2026 1:35:42 PM","8/26/2026 1:35:42 PM",
"494","18.58835","8/26/2026 1:35:42 PM","8/26/2026 1:35:42 PM",
"495","18.58835","8/26/2026 1:35:42 PM","8/26/2026 1:35:42 PM",
"496","18.58798","8/26/2026 1:35:42 PM","8/26/2026 1:35:42 PM",
"497","18.58798","8/26/2026 1:35:42 PM","8/26/2026 1:35:42 PM",
"498","18.58755","8/26/2026 1:35:42 PM","8/26/2026 1:35:42 PM",
"499","18.58755","8/26/2026 1:35:42 PM","8/26/2026 1:35:42 PM",
"500","18.58602","8/26/2026 1:35:42 PM","8/26/2026 1:35:42 PM",
"501","18.58602","8/26/2026 1:35:42 PM","8/26/2026 1:35:42 PM",
"502","18.58914","8/26/2026 1:35:42 PM","8/26/2026 1:35:42 PM",
"503","18.58914","8/26/2026 1:35:42 PM","8/26/2026 1:35:42 PM",
"504","18.58947","8/26/2026 1:35:42 PM","8/26/2026 1:35:42 PM",
"505","18.58947","8/26/2026 1:35:42 PM","8/26/2026 1:35:42 PM",
"506","18.58894","8/26/2026 1:35:42 PM","8/26/2026 1:35:42 PM",
"507","18.58894","8/26/2026 1:35:43 PM","8/26/2026 1:35:43 PM",
"508","18.58797","8/26/2026 1:35:43 PM","8/26/2026 1:35:43 PM",
"509","18.58797","8/26/2026 1:35:43 PM","8/26/2026 1:35:43 PM",
"510","18.58843","8/26/2026 1:35:43 PM","8/26/2026 1:35:43 PM",
"511","18.58843","8/26/2026 1:35:43 PM","8/26/2026 1:35:43 PM",
"512","18.58871","8/26/2026 1:35:43 PM","8/26/2026 1:35:43 PM",
"513","18.58871","8/26/2026 1:35:43 PM","8/26/2026 1:35:43 PM",
"514","18.58543","8/26/2026 1:35:43 PM","8/26/2026 1:35:43 PM",
"515","18.58543","8/26/2026 1:35:43 PM","8/26/2026 1:35:43 PM",
"516","18.59055","8/26/2026 1:35:43 PM","8/26/2026 1:35:43 PM",
"517","18.59055","8/26/2026 1:35:43 PM","8/26/2026 1:35:43 PM",
"518","18.58377","8/26/2026 1:35:43 PM","8/26/2026 1:35:43 PM",
"519","18.58377","8/26/2026 1:35:43 PM","8/26/2026 1:35:43 PM",
"520","18.58981","8/26/2026 1:35:43 PM","8/26/2026 1:35:43 PM",
"521","18.58981","8/26/2026 1:35:43 PM","8/26/2026 1:35:43 PM",
"522","18.58517","8/26/2026 1:35:43 PM","8/26/2026 1:35:43 PM",
"523","18.58517","8/26/2026 1:35:43 PM","8/26/2026 1:35:43 PM",
"524","18.58979","8/26/2026 1:35:43 PM","8/26/2026 1:35:43 PM",
"525","18.58979","8/26/2026 1:35:43 PM","8/26/2026 1:35:43 PM",
"526","18.58598","8/26/2026 1:35:43 PM","8/26/2026 1:35:43 PM",
"527","18.58598","8/26/2026 1:35:43 PM","8/26/2026 1:35:43 PM",
"528","18.5889","8/26/2026 1:35:43 PM","8/26/2026 1:35:43 PM",
"529","18.5889","8/26/2026 1:35:43 PM","8/26/2026 1:35:43 PM",
"530","18.58694","8/26/2026 1:35:43 PM","8/26/2026 1:35:43 PM",
"531","18.58694","8/26/2026 1:35:43 PM","8/26/2026 1:35:43 PM",
"532","18.58989","8/26/2026 1:35:43 PM","8/26/2026 1:35:43 PM",
"533","18.58989","8/26/2026 1:35:43 PM","8/26/2026 1:35:43 PM",
"534","18.58815","8/26/2026 1:35:43 PM","8/26/2026 1:35:43 PM",
"535","18.58815","8/26/2026 1:35:43 PM","8/26/2026 1:35:43 PM",
"536","18.58975","8/26/2026 1:35:43 PM","8/26/2026 1:35:43 PM",
"537","18.58975","8/26/2026 1:35:43 PM","8/26/2026 1:35:43 PM",
"538","18.58744","8/26/2026 1:35:43 PM","8/26/2026 1:35:43 PM",
"539","18.58744","8/26/2026 1:35:43 PM","8/26/2026 1:35:43 PM",
"540","18.588","8/26/2026 1:35:43 PM","8/26/2026 1:35:43 PM",
"541","18.588","8/26/2026 1:35:43 PM","8/26/2026 1:35:43 PM",
"542","18.58675","8/26/2026 1:35:43 PM","8/26/2026 1:35:43 PM",
"543","18.58675","8/26/2026 1:35:43 PM","8/26/2026 1:35:43 PM",
"544","18.59132","8/26/2026 1:35:43 PM","8/26/2026 1:35:43 PM",
"545","18.59132","8/26/2026 1:35:43 PM","8/26/2026 1:35:43 PM",
"546","18.58779","8/26/2026 1:35:43 PM","8/26/2026 1:35:43 PM",
"547","18.58779","8/26/2026 1:35:43 PM","8/26/2026 1:35:43 PM",
"548","18.58842","8/26/2026 1:35:43 PM","8/26/2026 1:35:43 PM",
"549","18.58842","8/26/2026 1:35:43 PM","8/26/2026 1:35:43 PM",
"550","18.58671","8/26/2026 1:35:43 PM","8/26/2026 1:35:43 PM",
"551","18.58671","8/26/2026 1:35:43 PM","8/26/2026 1:35:43 PM",
"552","18.58758","8/26/2026 1:35:43 PM","8/26/2026 1:35:43 PM",
"553","18.58758","8/26/2026 1:35:43 PM","8/26/2026 1:35:43 PM",
"554","18.5909","8/26/2026 1:35:43 PM","8/26/2026 1:35:43 PM",
"555","18.5909","8/26/2026 1:35:43 PM","8/26/2026 1:35:43 PM",
"556","18.59377","8/26/2026 1:35:43 PM","8/26/2026 1:35:43 PM",
"557","18.59377","8/26/2026 1:35:43 PM","8/26/2026 1:35:43 PM",
"558","18.59621","8/26/2026 1:35:43 PM","8/26/2026 1:35:43 PM",
"559","18.59621","8/26/2026 1:35:43 PM","8/26/2026 1:35:43 PM",
"560","18.59831","8/26/2026 1:35:43 PM","8/26/2026 1:35:43 PM",
"561","18.59831","8/26/2026 1:35:43 PM","8/26/2026 1:35:43 PM",
"562","18.59811","8/26/2026 1:35:43 PM","8/26/2026 1:35:43 PM",
"563","18.59811","8/26/2026 1:35:43 PM","8/26/2026 1:35:43 PM",
"564","18.59854","8/26/2026 1:35:43 PM","8/26/2026 1:35:43 PM",
"565","18.59854","8/26/2026 1:35:43 PM","8/26/2026 1:35:43 PM",
"566","18.59815","8/26/2026 1:35:43 PM","8/26/2026 1:35:43 PM",
"567","18.59815","8/26/2026 1:35:43 PM","8/26/2026 1:35:43 PM",
"568","18.6053","8/26/2026 1:35:43 PM","8/26/2026 1:35:43 PM",
"569","18.6053","8/26/2026 1:35:43 PM","8/26/2026 1:35:43 PM",
"570","18.6045","8/26/2026 1:35:43 PM","8/26/2026 1:35:43 PM",
"571","18.6045","8/26/2026 1:35:43 PM","8/26/2026 1:35:43 PM",
"572","18.60744","8/26/2026 1:35:43 PM","8/26/2026 1:35:43 PM",
"573","18.60744","8/26/2026 1:35:43 PM","8/26/2026 1:35:43 PM",
"574","18.60605","8/26/2026 1:35:43 PM","8/26/2026 1:35:43 PM",
"575","18.60605","8/26/2026 1:35:43 PM","8/26/2026 1:35:43 PM",
"576","18.60554","8/26/2026 1:35:43 PM","8/26/2026 1:35:43 PM",
"577","18.60554","8/26/2026 1:35:43 PM","8/26/2026 1:35:43 PM",
"578","18.60464","8/26/2026 1:35:43 PM","8/26/2026 1:35:43 PM",
"579","18.60464","8/26/2026 1:35:43 PM","8/26/2026 1:35:43 PM",
"580","18.60457","8/26/2026 1:35:43 PM","8/26/2026 1:35:43 PM",
"581","18.60457","8/26/2026 1:35:43 PM","8/26/2026 1:35:43 PM",
"582","18.60251","8/26/2026 1:35:43 PM","8/26/2026 1:35:43 PM",
"583","18.60251","8/26/2026 1:35:43 PM","8/26/2026 1:35:43 PM",
"584","18.60534","8/26/2026 1:35:43 PM","8/26/2026 1:35:43 PM",
"585","18.60534","8/26/2026 1:35:43 PM","8/26/2026 1:35:43 PM",
"586","18.60372","8/26/2026 1:35:43 PM","8/26/2026 1:35:43 PM",
"587","18.60372","8/26/2026 1:35:43 PM","8/26/2026 1:35:43 PM",
"588","18.60228","8/26/2026 1:35:43 PM","8/26/2026 1:35:43 PM",
"589","18.60228","8/26/2026 1:35:43 PM","8/26/2026 1:35:43 PM",
"590","18.60256","8/26/2026 1:35:43 PM","8/26/2026 1:35:43 PM",
"591","18.60256","8/26/2026 1:35:43 PM","8/26/2026 1:35:43 PM",
"592","18.60329","8/26/2026 1:35:43 PM","8/26/2026 1:35:43 PM",
"593","18.60329","8/26/2026 1:35:43 PM","8/26/2026 1:35:43 PM",
"594","18.60157","8/26/2026 1:35:43 PM","8/26/2026 1:35:43 PM",
"595","18.60157","8/26/2026 1:35:43 PM","8/26/2026 1:35:43 PM",
"596","18.60223","8/26/2026 1:35:43 PM","8/26/2026 1:35:43 PM",
"597","18.60223","8/26/2026 1:35:43 PM","8/26/2026 1:35:43 PM",
"598","18.60065","8/26/2026 1:35:43 PM","8/26/2026 1:35:43 PM",
"599","18.60065","8/26/2026 1:35:43 PM","8/26/2026 1:35:43 PM",
"600","18.5995","8/26/2026 1:35:43 PM","8/26/2026 1:35:43 PM",
"601","18.5995","8/26/2026 1:35:43 PM","8/26/2026 1:35:43 PM",
"602","18.599","8/26/2026 1:35:43 PM","8/26/2026 1:35:43 PM",
"603","18.599","8/26/2026 1:35:43 PM","8/26/2026 1:35:43 PM",
"604","18.60061","8/26/2026 1:35:43 PM","8/26/2026 1:35:43 PM",
"605","18.60061","8/26/2026 1:35:43 PM","8/26/2026 1:35:43 PM",
"606","18.59841","8/26/2026 1:35:43 PM","8/26/2026 1:35:43 PM",
"607","18.59841","8/26/2026 1:35:44 PM","8/26/2026 1:35:44 PM",
"608","18.5981","8/26/2026 1:35:44 PM","8/26/2026 1:35:44 PM",
"609","18.5981","8/26/2026 1:35:44 PM","8/26/2026 1:35:44 PM",
"610","18.59736","8/26/2026 1:35:44 PM","8/26/2026 1:35:44 PM",
"611","18.59736","8/26/2026 1:35:44 PM","8/26/2026 1:35:44 PM",
"612","18.59792","8/26/2026 1:35:44 PM","8/26/2026 1:35:44 PM",
"613","18.59792","8/26/2026 1:35:44 PM","8/26/2026 1:35:44 PM",
"614","18.59803","8/26/2026 1:35:44 PM","8/26/2026 1:35:44 PM",
"615","18.59803","8/26/2026 1:35:44 PM","8/26/2026 1:35:44 PM",
"616","18.59875","8/26/2026 1:35:44 PM","8/26/2026 1:35:44 PM",
"617","18.59875","8/26/2026 1:35:44 PM","8/26/2026 1:35:44 PM",
"618","18.59642","8/26/2026 1:35:44 PM","8/26/2026 1:35:44 PM",
"619","18.59642","8/26/2026 1:35:44 PM","8/26/2026 1:35:44 PM",
"620","18.59708","8/26/2026 1:35:44 PM","8/26/2026 1:35:44 PM",
"621","18.59708","8/26/2026 1:35:44 PM","8/26/2026 1:35:44 PM",
"622","18.59693","8/26/2026 1:35:44 PM","8/26/2026 1:35:44 PM",
"623","18.59693","8/26/2026 1:35:44 PM","8/26/2026 1:35:44 PM",
"624","18.59614","8/26/2026 1:35:44 PM","8/26/2026 1:35:44 PM",
"625","18.59614","8/26/2026 1:35:44 PM","8/26/2026 1:35:44 PM",
"626","18.59704","8/26/2026 1:35:44 PM","8/26/2026 1:35:44 PM",
"627","18.59704","8/26/2026 1:35:44 PM","8/26/2026 1:35:44 PM",
"628","18.59788","8/26/2026 1:35:44 PM","8/26/2026 1:35:44 PM",
"629","18.59788","8/26/2026 1:35:44 PM","8/26/2026 1:35:44 PM",
"630","18.5987","8/26/2026 1:35:44 PM","8/26/2026 1:35:44 PM",
"631","18.5987","8/26/2026 1:35:44 PM","8/26/2026 1:35:44 PM",
"632","18.59797","8/26/2026 1:35:44 PM","8/26/2026 1:35:44 PM",
"633","18.59797","8/26/2026 1:35:44 PM","8/26/2026 1:35:44 PM",
"634","18.59631","8/26/2026 1:35:44 PM","8/26/2026 1:35:44 PM",
"635","18.59631","8/26/2026 1:35:44 PM","8/26/2026 1:35:44 PM",
"636","18.59826","8/26/2026 1:35:44 PM","8/26/2026 1:35:44 PM",
"637","18.59826","8/26/2026 1:35:44 PM","8/26/2026 1:35:44 PM",
"638","18.59624","8/26/2026 1:35:44 PM","8/26/2026 1:35:44 PM",
"639","18.59624","8/26/2026 1:35:44 PM","8/26/2026 1:35:44 PM",
"640","18.59574","8/26/2026 1:35:44 PM","8/26/2026 1:35:44 PM",
"641","18.59574","8/26/2026 1:35:44 PM","8/26/2026 1:35:44 PM",
"642","18.59716","8/26/2026 1:35:44 PM","8/26/2026 1:35:44 PM",
"643","18.59716","8/26/2026 1:35:44 PM","8/26/2026 1:35:44 PM",
"644","18.59632","8/26/2026 1:35:44 PM","8/26/2026 1:35:44 PM",
"645","18.59632","8/26/2026 1:35:44 PM","8/26/2026 1:35:44 PM",
"646","18.59709","8/26/2026 1:35:44 PM","8/26/2026 1:35:44 PM",
"647","18.59709","8/26/2026 1:35:44 PM","8/26/2026 1:35:44 PM",
"648","18.59608","8/26/2026 1:35:44 PM","8/26/2026 1:35:44 PM",
"649","18.59608","8/26/2026 1:35:44 PM","8/26/2026 1:35:44 PM",
"650","18.59752","8/26/2026 1:35:44 PM","8/26/2026 1:35:44 PM",
"651","18.59752","8/26/2026 1:35:44 PM","8/26/2026 1:35:44 PM",
"652","18.59662","8/26/2026 1:35:44 PM","8/26/2026 1:35:44 PM",
"653","18.59662","8/26/2026 1:35:44 PM","8/26/2026 1:35:44 PM",
"654","18.59736","8/26/2026 1:35:44 PM","8/26/2026 1:35:44 PM",
"655","18.59736","8/26/2026 1:35:44 PM","8/26/2026 1:35:44 PM",
"656","18.59812","8/26/2026 1:35:44 PM","8/26/2026 1:35:44 PM",
"657","18.59812","8/26/2026 1:35:44 PM","8/26/2026 1:35:44 PM",
"658","18.59797","8/26/2026 1:35:44 PM","8/26/2026 1:35:44 PM",
"659","18.59797","8/26/2026 1:35:44 PM","8/26/2026 1:35:44 PM",
"660","18.5973","8/26/2026 1:35:44 PM","8/26/2026 1:35:44 PM",
"661","18.5973","8/26/2026 1:35:44 PM","8/26/2026 1:35:44 PM",
"662","18.59625","8/26/2026 1:35:44 PM","8/26/2026 1:35:44 PM",
"663","18.59625","8/26/2026 1:35:44 PM","8/26/2026 1:35:44 PM",
"664","18.59743","8/26/2026 1:35:44 PM","8/26/2026 1:35:44 PM",
"665","18.59743","8/26/2026 1:35:44 PM","8/26/2026 1:35:44 PM",
"666","18.59739","8/26/2026 1:35:44 PM","8/26/2026 1:35:44 PM",
"667","18.59739","8/26/2026 1:35:44 PM","8/26/2026 1:35:44 PM",
"668","18.59628","8/26/2026 1:35:44 PM","8/26/2026 1:35:44 PM",
"669","18.59628","8/26/2026 1:35:44 PM","8/26/2026 1:35:44 PM",
"670","18.59743","8/26/2026 1:35:44 PM","8/26/2026 1:35:44 PM",
"671","18.59743","8/26/2026 1:35:44 PM","8/26/2026 1:35:44 PM",
"672","18.59723","8/26/2026 1:35:44 PM","8/26/2026 1:35:44 PM",
"673","18.59723","8/26/2026 1:35:44 PM","8/26/2026 1:35:44 PM",
"674","18.59469","8/26/2026 1:35:44 PM","8/26/2026 1:35:44 PM",
"675","18.59469","8/26/2026 1:35:44 PM","8/26/2026 1:35:44 PM",
"676","18.59424","8/26/2026 1:35:44 PM","8/26/2026 1:35:44 PM",
"677","18.59424","8/26/2026 1:35:44 PM","8/26/2026 1:35:44 PM",
"678","18.5969","8/26/2026 1:35:44 PM","8/26/2026 1:35:44 PM",
"679","18.5969","8/26/2026 1:35:44 PM","8/26/2026 1:35:44 PM",
"680","18.59949","8/26/2026 1:35:44 PM","8/26/2026 1:35:44 PM",
"681","18.59949","8/26/2026 1:35:44 PM","8/26/2026 1:35:44 PM",
"682","18.59489","8/26/2026 1:35:44 PM","8/26/2026 1:35:44 PM",
"683","18.59489","8/26/2026 1:35:44 PM","8/26/2026 1:35:44 PM",
"684","18.5966","8/26/2026 1:35:44 PM","8/26/2026 1:35:44 PM",
"685","18.5966","8/26/2026 1:35:44 PM","8/26/2026 1:35:44 PM",
"686","18.59268","8/26/2026 1:35:44 PM","8/26/2026 1:35:44 PM",
"687","18.59268","8/26/2026 1:35:44 PM","8/26/2026 1:35:44 PM",
"688","18.59393","8/26/2026 1:35:44 PM","8/26/2026 1:35:44 PM",
"689","18.59393","8/26/2026 1:35:44 PM","8/26/2026 1:35:44 PM",
"690","18.59251","8/26/2026 1:35:44 PM","8/26/2026 1:35:44 PM",
"691","18.59251","8/26/2026 1:35:44 PM","8/26/2026 1:35:44 PM",
"692","18.59602","8/26/2026 1:35:44 PM","8/26/2026 1:35:44 PM",
"693","18.59602","8/26/2026 1:35:44 PM","8/26/2026 1:35:44 PM",
"694","18.59323","8/26/2026 1:35:44 PM","8/26/2026 1:35:44 PM",
"695","18.59323","8/26/2026 1:35:44 PM","8/26/2026 1:35:44 PM",
"696","18.59399","8/26/2026 1:35:44 PM","8/26/2026 1:35:44 PM",
"697","18.59399","8/26/2026 1:35:44 PM","8/26/2026 1:35:44 PM",
"698","18.59332","8/26/2026 1:35:44 PM","8/26/2026 1:35:44 PM",
"699","18.59332","8/26/2026 1:35:44 PM","8/26/2026 1:35:44 PM",
"700","18.5934","8/26/2026 1:35:44 PM","8/26/2026 1:35:44 PM",
"701","18.5934","8/26/2026 1:35:44 PM","8/26/2026 1:35:44 PM",
"702","18.59249","8/26/2026 1:35:44 PM","8/26/2026 1:35:44 PM",
"703","18.59249","8/26/2026 1:35:44 PM","8/26/2026 1:35:44 PM",
"704","18.59293","8/26/2026 1:35:44 PM","8/26/2026 1:35:44 PM",
"705","18.59293","8/26/2026 1:35:44 PM","8/26/2026 1:35:44 PM",
"706","18.59245","8/26/2026 1:35:44 PM","8/26/2026 1:35:44 PM",
"707","18.59245","8/26/2026 1:35:45 PM","8/26/2026 1:35:45 PM",
"708","18.59441","8/26/2026 1:35:45 PM","8/26/2026 1:35:45 PM",
"709","18.59441","8/26/2026 1:35:45 PM","8/26/2026 1:35:45 PM",
"710","18.59441","8/26/2026 1:35:45 PM","8/26/2026 1:35:45 PM",
"711","18.5927","8/26/2026 1:35:45 PM","8/26/2026 1:35:45 PM",
"712","18.5927","8/26/2026 1:35:45 PM","8/26/2026 1:35:45 PM",
"713","18.59314","8/26/2026 1:35:45 PM","8/26/2026 1:35:45 PM",
"714","18.59314","8/26/2026 1:35:45 PM","8/26/2026 1:35:45 PM",
"715","18.59218","8/26/2026 1:35:45 PM","8/26/2026 1:35:45 PM",
"716","18.59218","8/26/2026 1:35:45 PM","8/26/2026 1:35:45 PM",
"717","18.59114","8/26/2026 1:35:45 PM","8/26/2026 1:35:45 PM",
"718","18.59114","8/26/2026 1:35:45 PM","8/26/2026 1:35:45 PM",
"719","18.59007","8/26/2026 1:35:45 PM","8/26/2026 1:35:45 PM",
"720","18.59007","8/26/2026 1:35:45 PM","8/26/2026 1:35:45 PM",
"721","18.59037","8/26/2026 1:35:45 PM","8/26/2026 1:35:45 PM",
"722","18.59037","8/26/2026 1:35:45 PM","8/26/2026 1:35:45 PM",
"723","18.59012","8/26/2026 1:35:45 PM","8/26/2026 1:35:45 PM",
"724","18.59012","8/26/2026 1:35:45 PM","8/26/2026 1:35:45 PM",
"725","18.58878","8/26/2026 1:35:45 PM","8/26/2026 1:35:45 PM",
"726","18.58878","8/26/2026 1:35:45 PM","8/26/2026 1:35:45 PM",
"727","18.5906","8/26/2026 1:35:45 PM","8/26/2026 1:35:45 PM",
"728","18.5906","8/26/2026 1:35:45 PM","8/26/2026 1:35:45 PM",
"729","18.58813","8/26/2026 1:35:45 PM","8/26/2026 1:35:45 PM",
"730","18.58852","8/26/2026 1:35:45 PM","8/26/2026 1:35:45 PM",
"731","18.58852","8/26/2026 1:35:45 PM","8/26/2026 1:35:45 PM",
"732","18.58883","8/26/2026 1:35:45 PM","8/26/2026 1:35:45 PM",
"733","18.58883","8/26/2026 1:35:45 PM","8/26/2026 1:35:45 PM",
"734","18.58742","8/26/2026 1:35:45 PM","8/26/2026 1:35:45 PM",
"735","18.58742","8/26/2026 1:35:45 PM","8/26/2026 1:35:45 PM",
"736","18.5879","8/26/2026 1:35:45 PM","8/26/2026 1:35:45 PM",
"737","18.5879","8/26/2026 1:35:45 PM","8/26/2026 1:35:45 PM",
"738","18.5879","8/26/2026 1:35:45 PM","8/26/2026 1:35:45 PM",
"739","18.5896","8/26/2026 1:35:45 PM","8/26/2026 1:35:45 PM",
"740","18.5896","8/26/2026 1:35:45 PM","8/26/2026 1:35:45 PM",
"741","18.58796","8/26/2026 1:35:45 PM","8/26/2026 1:35:45 PM",
"742","18.58796","8/26/2026 1:35:45 PM","8/26/2026 1:35:45 PM",
"743","18.58818","8/26/2026 1:35:45 PM","8/26/2026 1:35:45 PM",
"744","18.58818","8/26/2026 1:35:45 PM","8/26/2026 1:35:45 PM",
"745","18.58803","8/26/2026 1:35:45 PM","8/26/2026 1:35:45 PM",
"746","18.58803","8/26/2026 1:35:45 PM","8/26/2026 1:35:45 PM",
"747","18.58686","8/26/2026 1:35:45 PM","8/26/2026 1:35:45 PM",
"748","18.58686","8/26/2026 1:35:45 PM","8/26/2026 1:35:45 PM",
"749","18.5877","8/26/2026 1:35:45 PM","8/26/2026 1:35:45 PM",
"750","18.5877","8/26/2026 1:35:45 PM","8/26/2026 1:35:45 PM",
"751","18.58851","8/26/2026 1:35:45 PM","8/26/2026 1:35:45 PM",
"752","18.58851","8/26/2026 1:35:45 PM","8/26/2026 1:35:45 PM",
"753","18.58858","8/26/2026 1:35:45 PM","8/26/2026 1:35:45 PM",
"754","18.58858","8/26/2026 1:35:45 PM","8/26/2026 1:35:45 PM",
"755","18.58782","8/26/2026 1:35:45 PM","8/26/2026 1:35:45 PM",
"756","18.58782","8/26/2026 1:35:45 PM","8/26/2026 1:35:45 PM",
"757","18.58755","8/26/2026 1:35:45 PM","8/26/2026 1:35:45 PM",
"758","18.58755","8/26/2026 1:35:45 PM","8/26/2026 1:35:45 PM",
"759","18.58744","8/26/2026 1:35:45 PM","8/26/2026 1:35:45 PM",
"760","18.58744","8/26/2026 1:35:45 PM","8/26/2026 1:35:45 PM",
"761","18.58686","8/26/2026 1:35:45 PM","8/26/2026 1:35:45 PM",
"762","18.58686","8/26/2026 1:35:45 PM","8/26/2026 1:35:45 PM",
"763","18.58685","8/26/2026 1:35:45 PM","8/26/2026 1:35:45 PM",
"764","18.58685","8/26/2026 1:35:45 PM","8/26/2026 1:35:45 PM",
"765","18.58727","8/26/2026 1:35:45 PM","8/26/2026 1:35:45 PM",
"766","18.58727","8/26/2026 1:35:45 PM","8/26/2026 1:35:45 PM",
"767","18.58958","8/26/2026 1:35:45 PM","8/26/2026 1:35:45 PM",
"768","18.58958","8/26/2026 1:35:45 PM","8/26/2026 1:35:45 PM",
"769","18.59218","8/26/2026 1:35:45 PM","8/26/2026 1:35:45 PM",
"770","18.59218","8/26/2026 1:35:45 PM","8/26/2026 1:35:45 PM",
"771","18.59044","8/26/2026 1:35:45 PM","8/26/2026 1:35:45 PM",
"772","18.59044","8/26/2026 1:35:45 PM","8/26/2026 1:35:45 PM",
"773","18.59151","8/26/2026 1:35:45 PM","8/26/2026 1:35:45 PM",
"774","18.59151","8/26/2026 1:35:45 PM","8/26/2026 1:35:45 PM",
"775","18.58719","8/26/2026 1:35:45 PM","8/26/2026 1:35:45 PM",
"776","18.58719","8/26/2026 1:35:45 PM","8/26/2026 1:35:45 PM",
"777","18.59243","8/26/2026 1:35:45 PM","8/26/2026 1:35:45 PM",
"778","18.59243","8/26/2026 1:35:45 PM","8/26/2026 1:35:45 PM",
"779","18.58851","8/26/2026 1:35:45 PM","8/26/2026 1:35:45 PM",
"780","18.58851","8/26/2026 1:35:45 PM","8/26/2026 1:35:45 PM",
"781","18.59466","8/26/2026 1:35:45 PM","8/26/2026 1:35:45 PM",
"782","18.59466","8/26/2026 1:35:45 PM","8/26/2026 1:35:45 PM",
"783","18.58911","8/26/2026 1:35:45 PM","8/26/2026 1:35:45 PM",
"784","18.58911","8/26/2026 1:35:45 PM","8/26/2026 1:35:45 PM",
"785","18.59432","8/26/2026 1:35:45 PM","8/26/2026 1:35:45 PM",
"786","18.59432","8/26/2026 1:35:45 PM","8/26/2026 1:35:45 PM",
"787","18.58893","8/26/2026 1:35:45 PM","8/26/2026 1:35:45 PM",
"788","18.58893","8/26/2026 1:35:45 PM","8/26/2026 1:35:45 PM",
"789","18.59424","8/26/2026 1:35:45 PM","8/26/2026 1:35:45 PM",
"790","18.59424","8/26/2026 1:35:45 PM","8/26/2026 1:35:45 PM",
"791","18.59055","8/26/2026 1:35:45 PM","8/26/2026 1:35:45 PM",
"792","18.59055","8/26/2026 1:35:45 PM","8/26/2026 1:35:45 PM",
"793","18.59513","8/26/2026 1:35:45 PM","8/26/2026 1:35:45 PM",
"794","18.59513","8/26/2026 1:35:45 PM","8/26/2026 1:35:45 PM",
"795","18.5911","8/26/2026 1:35:45 PM","8/26/2026 1:35:45 PM",
"796","18.5911","8/26/2026 1:35:45 PM","8/26/2026 1:35:45 PM",
"797","18.59387","8/26/2026 1:35:45 PM","8/26/2026 1:35:45 PM",
"798","18.59387","8/26/2026 1:35:45 PM","8/26/2026 1:35:45 PM",
"799","18.59208","8/26/2026 1:35:45 PM","8/26/2026 1:35:45 PM",
"800","18.59208","8/26/2026 1:35:45 PM","8/26/2026 1:35:45 PM",
"801","18.59363","8/26/2026 1:35:45 PM","8/26/2026 1:35:45 PM",
"802","18.59363","8/26/2026 1:35:45 PM","8/26/2026 1:35:45 PM",
"803","18.59216","8/26/2026 1:35:45 PM","8/26/2026 1:35:45 PM",
"804","18.59216","8/26/2026 1:35:45 PM","8/26/2026 1:35:45 PM",
"805","18.59477","8/26/2026 1:35:45 PM","8/26/2026 1:35:45 PM",
"806","18.59477","8/26/2026 1:35:45 PM","8/26/2026 1:35:45 PM",
"807","18.59225","8/26/2026 1:35:46 PM","8/26/2026 1:35:46 PM",
"808","18.59225","8/26/2026 1:35:46 PM","8/26/2026 1:35:46 PM",
"809","18.59331","8/26/2026 1:35:46 PM","8/26/2026 1:35:46 PM",
"810","18.59331","8/26/2026 1:35:46 PM","8/26/2026 1:35:46 PM",
"811","18.59063","8/26/2026 1:35:46 PM","8/26/2026 1:35:46 PM",
"812","18.59063","8/26/2026 1:35:46 PM","8/26/2026 1:35:46 PM",
"813","18.59337","8/26/2026 1:35:46 PM","8/26/2026 1:35:46 PM",
"814","18.59337","8/26/2026 1:35:46 PM","8/26/2026 1:35:46 PM",
"815","18.59153","8/26/2026 1:35:46 PM","8/26/2026 1:35:46 PM",
"816","18.59153","8/26/2026 1:35:46 PM","8/26/2026 1:35:46 PM",
"817","18.59307","8/26/2026 1:35:46 PM","8/26/2026 1:35:46 PM",
"818","18.59307","8/26/2026 1:35:46 PM","8/26/2026 1:35:46 PM",
"819","18.5901","8/26/2026 1:35:46 PM","8/26/2026 1:35:46 PM",
"820","18.5901","8/26/2026 1:35:46 PM","8/26/2026 1:35:46 PM",
"821","18.59203","8/26/2026 1:35:46 PM","8/26/2026 1:35:46 PM",
"822","18.59203","8/26/2026 1:35:46 PM","8/26/2026 1:35:46 PM",
"823","18.59075","8/26/2026 1:35:46 PM","8/26/2026 1:35:46 PM",
"824","18.59075","8/26/2026 1:35:46 PM","8/26/2026 1:35:46 PM",
"825","18.59307","8/26/2026 1:35:46 PM","8/26/2026 1:35:46 PM",
"826","18.59307","8/26/2026 1:35:46 PM","8/26/2026 1:35:46 PM",
"827","18.59111","8/26/2026 1:35:46 PM","8/26/2026 1:35:46 PM",
"828","18.59111","8/26/2026 1:35:46 PM","8/26/2026 1:35:46 PM",
"829","18.59223","8/26/2026 1:35:46 PM","8/26/2026 1:35:46 PM",
"830","18.59223","8/26/2026 1:35:46 PM","8/26/2026 1:35:46 PM",
"831","18.59183","8/26/2026 1:35:46 PM","8/26/2026 1:35:46 PM",
"832","18.59183","8/26/2026 1:35:46 PM","8/26/2026 1:35:46 PM",
"833","18.59266","8/26/2026 1:35:46 PM","8/26/2026 1:35:46 PM",
"834","18.59266","8/26/2026 1:35:46 PM","8/26/2026 1:35:46 PM",
"835","18.59184","8/26/2026 1:35:46 PM","8/26/2026 1:35:46 PM",
"836","18.59184","8/26/2026 1:35:46 PM","8/26/2026 1:35:46 PM",
"837","18.59255","8/26/2026 1:35:46 PM","8/26/2026 1:35:46 PM",
"838","18.59255","8/26/2026 1:35:46 PM","8/26/2026 1:35:46 PM",
"839","18.59096","8/26/2026 1:35:46 PM","8/26/2026 1:35:46 PM",
"840","18.59096","8/26/2026 1:35:46 PM","8/26/2026 1:35:46 PM",
"841","18.59006","8/26/2026 1:35:46 PM","8/26/2026 1:35:46 PM",
"842","18.59006","8/26/2026 1:35:46 PM","8/26/2026 1:35:46 PM",
"843","18.58972","8/26/2026 1:35:46 PM","8/26/2026 1:35:46 PM",
"844","18.58972","8/26/2026 1:35:46 PM","8/26/2026 1:35:46 PM",
"845","18.59152","8/26/2026 1:35:46 PM","8/26/2026 1:35:46 PM",
"846","18.59152","8/26/2026 1:35:46 PM","8/26/2026 1:35:46 PM",
"847","18.588","8/26/2026 1:35:46 PM","8/26/2026 1:35:46 PM",
"848","18.588","8/26/2026 1:35:46 PM","8/26/2026 1:35:46 PM",
"849","18.58903","8/26/2026 1:35:46 PM","8/26/2026 1:35:46 PM",
"850","18.58903","8/26/2026 1:35:46 PM","8/26/2026 1:35:46 PM",
"851","18.58736","8/26/2026 1:35:46 PM","8/26/2026 1:35:46 PM",
"852","18.58736","8/26/2026 1:35:46 PM","8/26/2026 1:35:46 PM",
"853","18.58914","8/26/2026 1:35:46 PM","8/26/2026 1:35:46 PM",
"854","18.58914","8/26/2026 1:35:46 PM","8/26/2026 1:35:46 PM",
"855","18.58773","8/26/2026 1:35:46 PM","8/26/2026 1:35:46 PM",
"856","18.58773","8/26/2026 1:35:46 PM","8/26/2026 1:35:46 PM",
"857","18.58825","8/26/2026 1:35:46 PM","8/26/2026 1:35:46 PM",
"858","18.58825","8/26/2026 1:35:46 PM","8/26/2026 1:35:46 PM",
"859","18.58601","8/26/2026 1:35:46 PM","8/26/2026 1:35:46 PM",
"860","18.58601","8/26/2026 1:35:46 PM","8/26/2026 1:35:46 PM",
"861","18.588","8/26/2026 1:35:46 PM","8/26/2026 1:35:46 PM",
"862","18.588","8/26/2026 1:35:46 PM","8/26/2026 1:35:46 PM",
"863","18.58584","8/26/2026 1:35:46 PM","8/26/2026 1:35:46 PM",
"864","18.58584","8/26/2026 1:35:46 PM","8/26/2026 1:35:46 PM",
"865","18.58763","8/26/2026 1:35:46 PM","8/26/2026 1:35:46 PM",
"866","18.58763","8/26/2026 1:35:46 PM","8/26/2026 1:35:46 PM",
"867","18.58663","8/26/2026 1:35:46 PM","8/26/2026 1:35:46 PM",
"868","18.58663","8/26/2026 1:35:46 PM","8/26/2026 1:35:46 PM",
"869","18.58528","8/26/2026 1:35:46 PM","8/26/2026 1:35:46 PM",
"870","18.58528","8/26/2026 1:35:46 PM","8/26/2026 1:35:46 PM",
"871","18.58483","8/26/2026 1:35:46 PM","8/26/2026 1:35:46 PM",
"872","18.58483","8/26/2026 1:35:46 PM","8/26/2026 1:35:46 PM",
"873","18.58657","8/26/2026 1:35:46 PM","8/26/2026 1:35:46 PM",
"874","18.58657","8/26/2026 1:35:46 PM","8/26/2026 1:35:46 PM",
"875","18.58524","8/26/2026 1:35:46 PM","8/26/2026 1:35:46 PM",
"876","18.58524","8/26/2026 1:35:46 PM","8/26/2026 1:35:46 PM",
"877","18.58488","8/26/2026 1:35:46 PM","8/26/2026 1:35:46 PM",
"878","18.58488","8/26/2026 1:35:46 PM","8/26/2026 1:35:46 PM",
"879","18.58427","8/26/2026 1:35:46 PM","8/26/2026 1:35:46 PM",
"880","18.58427","8/26/2026 1:35:46 PM","8/26/2026 1:35:46 PM",
"881","18.58448","8/26/2026 1:35:46 PM","8/26/2026 1:35:46 PM",
"882","18.58448","8/26/2026 1:35:46 PM","8/26/2026 1:35:46 PM",
"883","18.58445","8/26/2026 1:35:46 PM","8/26/2026 1:35:46 PM",
"884","18.58445","8/26/2026 1:35:46 PM","8/26/2026 1:35:46 PM",
"885","18.58396","8/26/2026 1:35:46 PM","8/26/2026 1:35:46 PM",
"886","18.58396","8/26/2026 1:35:46 PM","8/26/2026 1:35:46 PM",
"887","18.58219","8/26/2026 1:35:46 PM","8/26/2026 1:35:46 PM",
"888","18.58219","8/26/2026 1:35:46 PM","8/26/2026 1:35:46 PM",
"889","18.58358","8/26/2026 1:35:46 PM","8/26/2026 1:35:46 PM",
"890","18.58358","8/26/2026 1:35:46 PM","8/26/2026 1:35:46 PM",
"891","18.58484","8/26/2026 1:35:46 PM","8/26/2026 1:35:46 PM",
"892","18.58484","8/26/2026 1:35:46 PM","8/26/2026 1:35:46 PM",
"893","18.5841","8/26/2026 1:35:46 PM","8/26/2026 1:35:46 PM",
"894","18.5841","8/26/2026 1:35:46 PM","8/26/2026 1:35:46 PM",
"895","18.58128","8/26/2026 1:35:46 PM","8/26/2026 1:35:46 PM",
"896","18.58128","8/26/2026 1:35:46 PM","8/26/2026 1:35:46 PM",
"897","18.58196","8/26/2026 1:35:46 PM","8/26/2026 1:35:46 PM",
"898","18.58196","8/26/2026 1:35:46 PM","8/26/2026 1:35:46 PM",
"899","18.5815","8/26/2026 1:35:46 PM","8/26/2026 1:35:46 PM",
"900","18.5815","8/26/2026 1:35:46 PM","8/26/2026 1:35:46 PM",
"901","18.58279","8/26/2026 1:35:46 PM","8/26/2026 1:35:46 PM",
"902","18.58279","8/26/2026 1:35:46 PM","8/26/2026 1:35:46 PM",
"903","18.5813","8/26/2026 1:35:46 PM","8/26/2026 1:35:46 PM",
"904","18.5813","8/26/2026 1:35:46 PM","8/26/2026 1:35:46 PM",
"905","18.58362","8/26/2026 1:35:46 PM","8/26/2026 1:35:46 PM",
"906","18.58362","8/26/2026 1:35:46 PM","8/26/2026 1:35:46 PM",
"907","18.58197","8/26/2026 1:35:47 PM","8/26/2026 1:35:47 PM",
"908","18.58197","8/26/2026 1:35:47 PM","8/26/2026 1:35:47 PM",
"909","18.5829","8/26/2026 1:35:47 PM","8/26/2026 1:35:47 PM",
"910","18.5829","8/26/2026 1:35:47 PM","8/26/2026 1:35:47 PM",
"911","18.58127","8/26/2026 1:35:47 PM","8/26/2026 1:35:47 PM",
"912","18.58127","8/26/2026 1:35:47 PM","8/26/2026 1:35:47 PM",
"913","18.58371","8/26/2026 1:35:47 PM","8/26/2026 1:35:47 PM",
"914","18.58371","8/26/2026 1:35:47 PM","8/26/2026 1:35:47 PM",
"915","18.58264","8/26/2026 1:35:47 PM","8/26/2026 1:35:47 PM",
"916","18.58264","8/26/2026 1:35:47 PM","8/26/2026 1:35:47 PM",
"917","18.58276","8/26/2026 1:35:47 PM","8/26/2026 1:35:47 PM",
"918","18.58276","8/26/2026 1:35:47 PM","8/26/2026 1:35:47 PM",
"919","18.58239","8/26/2026 1:35:47 PM","8/26/2026 1:35:47 PM",
"920","18.58239","8/26/2026 1:35:47 PM","8/26/2026 1:35:47 PM",
"921","18.58267","8/26/2026 1:35:47 PM","8/26/2026 1:35:47 PM",
"922","18.58267","8/26/2026 1:35:47 PM","8/26/2026 1:35:47 PM",
"923","18.58198","8/26/2026 1:35:47 PM","8/26/2026 1:35:47 PM",
"924","18.58198","8/26/2026 1:35:47 PM","8/26/2026 1:35:47 PM",
"925","18.58205","8/26/2026 1:35:47 PM","8/26/2026 1:35:47 PM",
"926","18.58205","8/26/2026 1:35:47 PM","8/26/2026 1:35:47 PM",
"927","18.58295","8/26/2026 1:35:47 PM","8/26/2026 1:35:47 PM",
"928","18.58295","8/26/2026 1:35:47 PM","8/26/2026 1:35:47 PM",
"929","18.58052","8/26/2026 1:35:47 PM","8/26/2026 1:35:47 PM",
"930","18.58052","8/26/2026 1:35:47 PM","8/26/2026 1:35:47 PM",
"931","18.5819","8/26/2026 1:35:47 PM","8/26/2026 1:35:47 PM",
"932","18.5819","8/26/2026 1:35:47 PM","8/26/2026 1:35:47 PM",
"933","18.5836","8/26/2026 1:35:47 PM","8/26/2026 1:35:47 PM",
"934","18.5836","8/26/2026 1:35:47 PM","8/26/2026 1:35:47 PM",
"935","18.58194","8/26/2026 1:35:47 PM","8/26/2026 1:35:47 PM",
"936","18.58194","8/26/2026 1:35:47 PM","8/26/2026 1:35:47 PM",
"937","18.58257","8/26/2026 1:35:47 PM","8/26/2026 1:35:47 PM",
"938","18.58257","8/26/2026 1:35:47 PM","8/26/2026 1:35:47 PM",
"939","18.58209","8/26/2026 1:35:47 PM","8/26/2026 1:35:47 PM",
"940","18.58209","8/26/2026 1:35:47 PM","8/26/2026 1:35:47 PM",
"941","18.58202","8/26/2026 1:35:47 PM","8/26/2026 1:35:47 PM",
"942","18.58202","8/26/2026 1:35:47 PM","8/26/2026 1:35:47 PM",
"943","18.5793","8/26/2026 1:35:47 PM","8/26/2026 1:35:47 PM",
"944","18.5793","8/26/2026 1:35:47 PM","8/26/2026 1:35:47 PM",
"945","18.58216","8/26/2026 1:35:47 PM","8/26/2026 1:35:47 PM",
"946","18.58216","8/26/2026 1:35:47 PM","8/26/2026 1:35:47 PM",
"947","18.58047","8/26/2026 1:35:47 PM","8/26/2026 1:35:47 PM",
"948","18.58047","8/26/2026 1:35:47 PM","8/26/2026 1:35:47 PM",
"949","18.58034","8/26/2026 1:35:47 PM","8/26/2026 1:35:47 PM",
"950","18.58034","8/26/2026 1:35:47 PM","8/26/2026 1:35:47 PM",
"951","18.58076","8/26/2026 1:35:47 PM","8/26/2026 1:35:47 PM",
"952","18.58076","8/26/2026 1:35:47 PM","8/26/2026 1:35:47 PM",
"953","18.57964","8/26/2026 1:35:47 PM","8/26/2026 1:35:47 PM",
"954","18.57964","8/26/2026 1:35:47 PM","8/26/2026 1:35:47 PM",
"955","18.57945","8/26/2026 1:35:47 PM","8/26/2026 1:35:47 PM",
"956","18.57945","8/26/2026 1:35:47 PM","8/26/2026 1:35:47 PM",
"957","18.57995","8/26/2026 1:35:47 PM","8/26/2026 1:35:47 PM",
"958","18.57995","8/26/2026 1:35:47 PM","8/26/2026 1:35:47 PM",
"959","18.57938","8/26/2026 1:35:47 PM","8/26/2026 1:35:47 PM",
"960","18.57938","8/26/2026 1:35:47 PM","8/26/2026 1:35:47 PM",
"961","18.57829","8/26/2026 1:35:47 PM","8/26/2026 1:35:47 PM",
"962","18.57829","8/26/2026 1:35:47 PM","8/26/2026 1:35:47 PM",
"963","18.57792","8/26/2026 1:35:47 PM","8/26/2026 1:35:47 PM",
"964","18.57792","8/26/2026 1:35:47 PM","8/26/2026 1:35:47 PM",
"965","18.57665","8/26/2026 1:35:47 PM","8/26/2026 1:35:47 PM",
"966","18.57665","8/26/2026 1:35:47 PM","8/26/2026 1:35:47 PM",
"967","18.57715","8/26/2026 1:35:47 PM","8/26/2026 1:35:47 PM",
"968","18.57715","8/26/2026 1:35:47 PM","8/26/2026 1:35:47 PM",
"969","18.57663","8/26/2026 1:35:47 PM","8/26/2026 1:35:47 PM",
"970","18.57663","8/26/2026 1:35:47 PM","8/26/2026 1:35:47 PM",
"971","18.57555","8/26/2026 1:35:47 PM","8/26/2026 1:35:47 PM",
"972","18.57555","8/26/2026 1:35:47 PM","8/26/2026 1:35:47 PM",
"973","18.57483","8/26/2026 1:35:47 PM","8/26/2026 1:35:47 PM",
"974","18.57483","8/26/2026 1:35:47 PM","8/26/2026 1:35:47 PM",
"975","18.57451","8/26/2026 1:35:47 PM","8/26/2026 1:35:47 PM",
"976","18.57451","8/26/2026 1:35:47 PM","8/26/2026 1:35:47 PM",
"977","18.57402","8/26/2026 1:35:47 PM","8/26/2026 1:35:47 PM",
"978","18.57402","8/26/2026 1:35:47 PM","8/26/2026 1:35:47 PM",
"979","18.57503","8/26/2026 1:35:47 PM","8/26/2026 1:35:47 PM",
"980","18.57503","8/26/2026 1:35:47 PM","8/26/2026 1:35:47 PM",
"981","18.57291","8/26/2026 1:35:47 PM","8/26/2026 1:35:47 PM",
"982","18.57291","8/26/2026 1:35:47 PM","8/26/2026 1:35:47 PM",
"983","18.57245","8/26/2026 1:35:47 PM","8/26/2026 1:35:47 PM",
"984","18.57245","8/26/2026 1:35:47 PM","8/26/2026 1:35:47 PM",
"985","18.57233","8/26/2026 1:35:47 PM","8/26/2026 1:35:47 PM",
"986","18.57233","8/26/2026 1:35:47 PM","8/26/2026 1:35:47 PM",
"987","18.57153","8/26/2026 1:35:47 PM","8/26/2026 1:35:47 PM",
"988","18.57153","8/26/2026 1:35:47 PM","8/26/2026 1:35:47 PM",
"989","18.57051","8/26/2026 1:35:47 PM","8/26/2026 1:35:47 PM",
"990","18.57051","8/26/2026 1:35:47 PM","8/26/2026 1:35:47 PM",
"991","18.57158","8/26/2026 1:35:47 PM","8/26/2026 1:35:47 PM",
"992","18.57158","8/26/2026 1:35:47 PM","8/26/2026 1:35:47 PM",
"993","18.57022","8/26/2026 1:35:47 PM","8/26/2026 1:35:47 PM",
"994","18.57022","8/26/2026 1:35:47 PM","8/26/2026 1:35:47 PM",
"995","18.56956","8/26/2026 1:35:47 PM","8/26/2026 1:35:47 PM",
"996","18.56956","8/26/2026 1:35:47 PM","8/26/2026 1:35:47 PM",
"997","18.5698","8/26/2026 1:35:47 PM","8/26/2026 1:35:47 PM",
"998","18.5698","8/26/2026 1:35:47 PM","8/26/2026 1:35:47 PM",
"999","18.56976","8/26/2026 1:35:47 PM","8/26/2026 1:35:47 PM",
"1000","18.56976","8/26/2026 1:35:47 PM","8/26/2026 1:35:47 PM",
"1001","18.56857","8/26/2026 1:35:47 PM","8/26/2026 1:35:47 PM",
"1002","18.56857","8/26/2026 1:35:47 PM","8/26/2026 1:35:47 PM",
"1003","18.56981","8/26/2026 1:35:47 PM","8/26/2026 1:35:47 PM",
"1004","18.56981","8/26/2026 1:35:47 PM","8/26/2026 1:35:47 PM",
"1005","18.56956","8/26/2026 1:35:47 PM","8/26/2026 1:35:47 PM",
"1006","18.56956","8/26/2026 1:35:47 PM","8/26/2026 1:35:47 PM",
"1007","18.57011","8/26/2026 1:35:48 PM","8/26/2026 1:35:48 PM",
"1008","18.57011","8/26/2026 1:35:48 PM","8/26/2026 1:35:48 PM",
"1009","18.57096","8/26/2026 1:35:48 PM","8/26/2026 1:35:48 PM",
"1010","18.57096","8/26/2026 1:35:48 PM","8/26/2026 1:35:48 PM",
"1011","18.56851","8/26/2026 1:35:48 PM","8/26/2026 1:35:48 PM",
"1012","18.56851","8/26/2026 1:35:48 PM","8/26/2026 1:35:48 PM",
"1013","18.56914","8/26/2026 1:35:48 PM","8/26/2026 1:35:48 PM",
"1014","18.56914","8/26/2026 1:35:48 PM","8/26/2026 1:35:48 PM",
"1015","18.57024","8/26/2026 1:35:48 PM","8/26/2026 1:35:48 PM",
"1016","18.57024","8/26/2026 1:35:48 PM","8/26/2026 1:35:48 PM",
"1017","18.56949","8/26/2026 1:35:48 PM","8/26/2026 1:35:48 PM",
"1018","18.56949","8/26/2026 1:35:48 PM","8/26/2026 1:35:48 PM",
"1019","18.56995","8/26/2026 1:35:48 PM","8/26/2026 1:35:48 PM",
"1020","18.56995","8/26/2026 1:35:48 PM","8/26/2026 1:35:48 PM",
"1021","18.57019","8/26/2026 1:35:48 PM","8/26/2026 1:35:48 PM",
"1022","18.57019","8/26/2026 1:35:48 PM","8/26/2026 1:35:48 PM",
"1023","18.56857","8/26/2026 1:35:48 PM","8/26/2026 1:35:48 PM",
"1024","18.56857","8/26/2026 1:35:48 PM","8/26/2026 1:35:48 PM",
"1025","18.56959","8/26/2026 1:35:48 PM","8/26/2026 1:35:48 PM",
"1026","18.56959","8/26/2026 1:35:48 PM","8/26/2026 1:35:48 PM",
"1027","18.56918","8/26/2026 1:35:48 PM","8/26/2026 1:35:48 PM",
"1028","18.56918","8/26/2026 1:35:48 PM","8/26/2026 1:35:48 PM",
"1029","18.5693","8/26/2026 1:35:48 PM","8/26/2026 1:35:48 PM",
"1030","18.5693","8/26/2026 1:35:48 PM","8/26/2026 1:35:48 PM",
"1031","18.56969","8/26/2026 1:35:48 PM","8/26/2026 1:35:48 PM",
"1032","18.56969","8/26/2026 1:35:48 PM","8/26/2026 1:35:48 PM",
"1033","18.57048","8/26/2026 1:35:48 PM","8/26/2026 1:35:48 PM",
"1034","18.57048","8/26/2026 1:35:48 PM","8/26/2026 1:35:48 PM",
"1035","18.56997","8/26/2026 1:35:48 PM","8/26/2026 1:35:48 PM",
"1036","18.56997","8/26/2026 1:35:48 PM","8/26/2026 1:35:48 PM",
"1037","18.56948","8/26/2026 1:35:48 PM","8/26/2026 1:35:48 PM",
"1038","18.56948","8/26/2026 1:35:48 PM","8/26/2026 1:35:48 PM",
"1039","18.57076","8/26/2026 1:35:48 PM","8/26/2026 1:35:48 PM",
"1040","18.57076","8/26/2026 1:35:48 PM","8/26/2026 1:35:48 PM",
"1041","18.56972","8/26/2026 1:35:48 PM","8/26/2026 1:35:48 PM",
"1042","18.56972","8/26/2026 1:35:48 PM","8/26/2026 1:35:48 PM",
"1043","18.57061","8/26/2026 1:35:48 PM","8/26/2026 1:35:48 PM",
"1044","18.57061","8/26/2026 1:35:48 PM","8/26/2026 1:35:48 PM",
"1045","18.56934","8/26/2026 1:35:48 PM","8/26/2026 1:35:48 PM",
"1046","18.56934","8/26/2026 1:35:48 PM","8/26/2026 1:35:48 PM",
"1047","18.56896","8/26/2026 1:35:48 PM","8/26/2026 1:35:48 PM",
"1048","18.56896","8/26/2026 1:35:48 PM","8/26/2026 1:35:48 PM",
"1049","18.56986","8/26/2026 1:35:48 PM","8/26/2026 1:35:48 PM",
"1050","18.56986","8/26/2026 1:35:48 PM","8/26/2026 1:35:48 PM",
"1051","18.5707","8/26/2026 1:35:48 PM","8/26/2026 1:35:48 PM",
"1052","18.5707","8/26/2026 1:35:48 PM","8/26/2026 1:35:48 PM",
"1053","18.56826","8/26/2026 1:35:48 PM","8/26/2026 1:35:48 PM",
"1054","18.56826","8/26/2026 1:35:48 PM","8/26/2026 1:35:48 PM",
"1055","18.5694","8/26/2026 1:35:48 PM","8/26/2026 1:35:48 PM",
"1056","18.5694","8/26/2026 1:35:48 PM","8/26/2026 1:35:48 PM",
"1057","18.56938","8/26/2026 1:35:48 PM","8/26/2026 1:35:48 PM",
"1058","18.56938","8/26/2026 1:35:48 PM","8/26/2026 1:35:48 PM",
"1059","18.56929","8/26/2026 1:35:48 PM","8/26/2026 1:35:48 PM",
"1060","18.56929","8/26/2026 1:35:48 PM","8/26/2026 1:35:48 PM",
"1061","18.56653","8/26/2026 1:35:48 PM","8/26/2026 1:35:48 PM",
"1062","18.56653","8/26/2026 1:35:48 PM","8/26/2026 1:35:48 PM",
"1063","18.5696","8/26/2026 1:35:48 PM","8/26/2026 1:35:48 PM",
"1064","18.5696","8/26/2026 1:35:48 PM","8/26/2026 1:35:48 PM",
"1065","18.56792","8/26/2026 1:35:48 PM","8/26/2026 1:35:48 PM",
"1066","18.56792","8/26/2026 1:35:48 PM","8/26/2026 1:35:48 PM",
"1067","18.56908","8/26/2026 1:35:48 PM","8/26/2026 1:35:48 PM",
"1068","18.56908","8/26/2026 1:35:48 PM","8/26/2026 1:35:48 PM",
"1069","18.56611","8/26/2026 1:35:48 PM","8/26/2026 1:35:48 PM",
"1070","18.56611","8/26/2026 1:35:48 PM","8/26/2026 1:35:48 PM",
"1071","18.56757","8/26/2026 1:35:48 PM","8/26/2026 1:35:48 PM",
"1072","18.56757","8/26/2026 1:35:48 PM","8/26/2026 1:35:48 PM",
"1073","18.56708","8/26/2026 1:35:48 PM","8/26/2026 1:35:48 PM",
"1074","18.56708","8/26/2026 1:35:48 PM","8/26/2026 1:35:48 PM",
"1075","18.568","8/26/2026 1:35:48 PM","8/26/2026 1:35:48 PM",
"1076","18.568","8/26/2026 1:35:48 PM","8/26/2026 1:35:48 PM",
"1077","18.56653","8/26/2026 1:35:48 PM","8/26/2026 1:35:48 PM",
"1078","18.56653","8/26/2026 1:35:48 PM","8/26/2026 1:35:48 PM",
"1079","18.56649","8/26/2026 1:35:48 PM","8/26/2026 1:35:48 PM",
"1080","18.56649","8/26/2026 1:35:48 PM","8/26/2026 1:35:48 PM",
"1081","18.56478","8/26/2026 1:35:48 PM","8/26/2026 1:35:48 PM",
"1082","18.56478","8/26/2026 1:35:48 PM","8/26/2026 1:35:48 PM",
"1083","18.56478","8/26/2026 1:35:48 PM","8/26/2026 1:35:48 PM",
"1084","18.56568","8/26/2026 1:35:48 PM","8/26/2026 1:35:48 PM",
"1085","18.56568","8/26/2026 1:35:48 PM","8/26/2026 1:35:48 PM",
"1086","18.56373","8/26/2026 1:35:48 PM","8/26/2026 1:35:48 PM",
"1087","18.56373","8/26/2026 1:35:48 PM","8/26/2026 1:35:48 PM",
"1088","18.56381","8/26/2026 1:35:48 PM","8/26/2026 1:35:48 PM",
"1089","18.56381","8/26/2026 1:35:48 PM","8/26/2026 1:35:48 PM",
"1090","18.56373","8/26/2026 1:35:48 PM","8/26/2026 1:35:48 PM",
"1091","18.56373","8/26/2026 1:35:48 PM","8/26/2026 1:35:48 PM",
"1092","18.56357","8/26/2026 1:35:48 PM","8/26/2026 1:35:48 PM",
"1093","18.56357","8/26/2026 1:35:48 PM","8/26/2026 1:35:48 PM",
"1094","18.5623","8/26/2026 1:35:48 PM","8/26/2026 1:35:48 PM",
"1095","18.5623","8/26/2026 1:35:48 PM","8/26/2026 1:35:48 PM",
"1096","18.56127","8/26/2026 1:35:48 PM","8/26/2026 1:35:48 PM",
"1097","18.56127","8/26/2026 1:35:48 PM","8/26/2026 1:35:48 PM",
"1098","18.56143","8/26/2026 1:35:48 PM","8/26/2026 1:35:48 PM",
"1099","18.56143","8/26/2026 1:35:48 PM","8/26/2026 1:35:48 PM",
"1100","18.56074","8/26/2026 1:35:48 PM","8/26/2026 1:35:48 PM",
"1101","18.56074","8/26/2026 1:35:48 PM","8/26/2026 1:35:48 PM",
"1102","18.55887","8/26/2026 1:35:48 PM","8/26/2026 1:35:48 PM",
"1103","18.55887","8/26/2026 1:35:48 PM","8/26/2026 1:35:48 PM",
"1104","18.55937","8/26/2026 1:35:48 PM","8/26/2026 1:35:48 PM",
"1105","18.55937","8/26/2026 1:35:48 PM","8/26/2026 1:35:48 PM",
"1106","18.55991","8/26/2026 1:35:48 PM","8/26/2026 1:35:48 PM",
"1107","18.55991","8/26/2026 1:35:49 PM","8/26/2026 1:35:49 PM",
"1108","18.55888","8/26/2026 1:35:49 PM","8/26/2026 1:35:49 PM",
"1109","18.55888","8/26/2026 1:35:49 PM","8/26/2026 1:35:49 PM",
"1110","18.55759","8/26/2026 1:35:49 PM","8/26/2026 1:35:49 PM",
"1111","18.55759","8/26/2026 1:35:49 PM","8/26/2026 1:35:49 PM",
"1112","18.55696","8/26/2026 1:35:49 PM","8/26/2026 1:35:49 PM",
"1113","18.55696","8/26/2026 1:35:49 PM","8/26/2026 1:35:49 PM",
"1114","18.55536","8/26/2026 1:35:49 PM","8/26/2026 1:35:49 PM",
"1115","18.55536","8/26/2026 1:35:49 PM","8/26/2026 1:35:49 PM",
"1116","18.55698","8/26/2026 1:35:49 PM","8/26/2026 1:35:49 PM",
"1117","18.55698","8/26/2026 1:35:49 PM","8/26/2026 1:35:49 PM",
"1118","18.55659","8/26/2026 1:35:49 PM","8/26/2026 1:35:49 PM",
"1119","18.55659","8/26/2026 1:35:49 PM","8/26/2026 1:35:49 PM",
"1120","18.55622","8/26/2026 1:35:49 PM","8/26/2026 1:35:49 PM",
"1121","18.55622","8/26/2026 1:35:49 PM","8/26/2026 1:35:49 PM",
"1122","18.55378","8/26/2026 1:35:49 PM","8/26/2026 1:35:49 PM",
"1123","18.55378","8/26/2026 1:35:49 PM","8/26/2026 1:35:49 PM",
"1124","18.55356","8/26/2026 1:35:49 PM","8/26/2026 1:35:49 PM",
"1125","18.55356","8/26/2026 1:35:49 PM","8/26/2026 1:35:49 PM",
"1126","18.55344","8/26/2026 1:35:49 PM","8/26/2026 1:35:49 PM",
"1127","18.55344","8/26/2026 1:35:49 PM","8/26/2026 1:35:49 PM",
"1128","18.55281","8/26/2026 1:35:49 PM","8/26/2026 1:35:49 PM",
"1129","18.55281","8/26/2026 1:35:49 PM","8/26/2026 1:35:49 PM",
"1130","18.5514","8/26/2026 1:35:49 PM","8/26/2026 1:35:49 PM",
"1131","18.5514","8/26/2026 1:35:49 PM","8/26/2026 1:35:49 PM",
"1132","18.5524","8/26/2026 1:35:49 PM","8/26/2026 1:35:49 PM",
"1133","18.5524","8/26/2026 1:35:49 PM","8/26/2026 1:35:49 PM",
"1134","18.55074","8/26/2026 1:35:49 PM","8/26/2026 1:35:49 PM",
"1135","18.55074","8/26/2026 1:35:49 PM","8/26/2026 1:35:49 PM",
"1136","18.54968","8/26/2026 1:35:49 PM","8/26/2026 1:35:49 PM",
"1137","18.54968","8/26/2026 1:35:49 PM","8/26/2026 1:35:49 PM",
"1138","18.54986","8/26/2026 1:35:49 PM","8/26/2026 1:35:49 PM",
"1139","18.54986","8/26/2026 1:35:49 PM","8/26/2026 1:35:49 PM",
"1140","18.54825","8/26/2026 1:35:49 PM","8/26/2026 1:35:49 PM",
"1141","18.54825","8/26/2026 1:35:49 PM","8/26/2026 1:35:49 PM",
"1142","18.54732","8/26/2026 1:35:49 PM","8/26/2026 1:35:49 PM",
"1143","18.54732","8/26/2026 1:35:49 PM","8/26/2026 1:35:49 PM",
"1144","18.54722","8/26/2026 1:35:49 PM","8/26/2026 1:35:49 PM",
"1145","18.54722","8/26/2026 1:35:49 PM","8/26/2026 1:35:49 PM",
"1146","18.54714","8/26/2026 1:35:49 PM","8/26/2026 1:35:49 PM",
"1147","18.54714","8/26/2026 1:35:49 PM","8/26/2026 1:35:49 PM",
"1148","18.5466","8/26/2026 1:35:49 PM","8/26/2026 1:35:49 PM",
"1149","18.5466","8/26/2026 1:35:49 PM","8/26/2026 1:35:49 PM",
"1150","18.54663","8/26/2026 1:35:49 PM","8/26/2026 1:35:49 PM",
"1151","18.54663","8/26/2026 1:35:49 PM","8/26/2026 1:35:49 PM",
"1152","18.54568","8/26/2026 1:35:49 PM","8/26/2026 1:35:49 PM",
"1153","18.54568","8/26/2026 1:35:49 PM","8/26/2026 1:35:49 PM",
"1154","18.54346","8/26/2026 1:35:49 PM","8/26/2026 1:35:49 PM",
"1155","18.54346","8/26/2026 1:35:49 PM","8/26/2026 1:35:49 PM",
"1156","18.54397","8/26/2026 1:35:49 PM","8/26/2026 1:35:49 PM",
"1157","18.54397","8/26/2026 1:35:49 PM","8/26/2026 1:35:49 PM",
"1158","18.54523","8/26/2026 1:35:49 PM","8/26/2026 1:35:49 PM",
"1159","18.54523","8/26/2026 1:35:49 PM","8/26/2026 1:35:49 PM",
"1160","18.54458","8/26/2026 1:35:49 PM","8/26/2026 1:35:49 PM",
"1161","18.54458","8/26/2026 1:35:49 PM","8/26/2026 1:35:49 PM",
"1162","18.54436","8/26/2026 1:35:49 PM","8/26/2026 1:35:49 PM",
"1163","18.54436","8/26/2026 1:35:49 PM","8/26/2026 1:35:49 PM",
"1164","18.54523","8/26/2026 1:35:49 PM","8/26/2026 1:35:49 PM",
"1165","18.54523","8/26/2026 1:35:49 PM","8/26/2026 1:35:49 PM",
"1166","18.54455","8/26/2026 1:35:49 PM","8/26/2026 1:35:49 PM",
"1167","18.54455","8/26/2026 1:35:49 PM","8/26/2026 1:35:49 PM",
"1168","18.54306","8/26/2026 1:35:49 PM","8/26/2026 1:35:49 PM",
"1169","18.54306","8/26/2026 1:35:49 PM","8/26/2026 1:35:49 PM",
"1170","18.5409","8/26/2026 1:35:49 PM","8/26/2026 1:35:49 PM",
"1171","18.5409","8/26/2026 1:35:49 PM","8/26/2026 1:35:49 PM",
"1172","18.54265","8/26/2026 1:35:49 PM","8/26/2026 1:35:49 PM",
"1173","18.54265","8/26/2026 1:35:49 PM","8/26/2026 1:35:49 PM",
"1174","18.54205","8/26/2026 1:35:49 PM","8/26/2026 1:35:49 PM",
"1175","18.54205","8/26/2026 1:35:49 PM","8/26/2026 1:35:49 PM",
"1176","18.54393","8/26/2026 1:35:49 PM","8/26/2026 1:35:49 PM",
"1177","18.54393","8/26/2026 1:35:49 PM","8/26/2026 1:35:49 PM",
"1178","18.54198","8/26/2026 1:35:49 PM","8/26/2026 1:35:49 PM",
"1179","18.54198","8/26/2026 1:35:49 PM","8/26/2026 1:35:49 PM",
"1180","18.54403","8/26/2026 1:35:49 PM","8/26/2026 1:35:49 PM",
"1181","18.54403","8/26/2026 1:35:49 PM","8/26/2026 1:35:49 PM",
"1182","18.54155","8/26/2026 1:35:49 PM","8/26/2026 1:35:49 PM",
"1183","18.54155","8/26/2026 1:35:49 PM","8/26/2026 1:35:49 PM",
"1184","18.54429","8/26/2026 1:35:49 PM","8/26/2026 1:35:49 PM",
"1185","18.54429","8/26/2026 1:35:49 PM","8/26/2026 1:35:49 PM",
"1186","18.54298","8/26/2026 1:35:49 PM","8/26/2026 1:35:49 PM",
"1187","18.54298","8/26/2026 1:35:49 PM","8/26/2026 1:35:49 PM",
"1188","18.54341","8/26/2026 1:35:49 PM","8/26/2026 1:35:49 PM",
"1189","18.54341","8/26/2026 1:35:49 PM","8/26/2026 1:35:49 PM",
"1190","18.54301","8/26/2026 1:35:49 PM","8/26/2026 1:35:49 PM",
"1191","18.54301","8/26/2026 1:35:49 PM","8/26/2026 1:35:49 PM",
"1192","18.54388","8/26/2026 1:35:49 PM","8/26/2026 1:35:49 PM",
"1193","18.54388","8/26/2026 1:35:49 PM","8/26/2026 1:35:49 PM",
"1194","18.54399","8/26/2026 1:35:49 PM","8/26/2026 1:35:49 PM",
"1195","18.54399","8/26/2026 1:35:49 PM","8/26/2026 1:35:49 PM",
"1196","18.54321","8/26/2026 1:35:49 PM","8/26/2026 1:35:49 PM",
"1197","18.54321","8/26/2026 1:35:49 PM","8/26/2026 1:35:49 PM",
"1198","18.5427","8/26/2026 1:35:49 PM","8/26/2026 1:35:49 PM",
"1199","18.5427","8/26/2026 1:35:49 PM","8/26/2026 1:35:49 PM",
"1200","18.543","8/26/2026 1:35:49 PM","8/26/2026 1:35:49 PM",
"1201","18.543","8/26/2026 1:35:49 PM","8/26/2026 1:35:49 PM",
"1202","18.54409","8/26/2026 1:35:49 PM","8/26/2026 1:35:49 PM",
"1203","18.54409","8/26/2026 1:35:49 PM","8/26/2026 1:35:49 PM",
"1204","18.54303","8/26/2026 1:35:49 PM","8/26/2026 1:35:49 PM",
"1205","18.54303","8/26/2026 1:35:49 PM","8/26/2026 1:35:49 PM",
"1206","18.54158","8/26/2026 1:35:49 PM","8/26/2026 1:35:49 PM",
"1207","18.54158","8/26/2026 1:35:50 PM","8/26/2026 1:35:50 PM",
"1208","18.54081","8/26/2026 1:35:50 PM","8/26/2026 1:35:50 PM",
"1209","18.54081","8/26/2026 1:35:50 PM","8/26/2026 1:35:50 PM",
"1210","18.54136","8/26/2026 1:35:50 PM","8/26/2026 1:35:50 PM",
"1211","18.54136","8/26/2026 1:35:50 PM","8/26/2026 1:35:50 PM",
"1212","18.54076","8/26/2026 1:35:50 PM","8/26/2026 1:35:50 PM",
"1213","18.54076","8/26/2026 1:35:50 PM","8/26/2026 1:35:50 PM",
"1214","18.54118","8/26/2026 1:35:50 PM","8/26/2026 1:35:50 PM",
"1215","18.54118","8/26/2026 1:35:50 PM","8/26/2026 1:35:50 PM",
"1216","18.53854","8/26/2026 1:35:50 PM","8/26/2026 1:35:50 PM",
"1217","18.53854","8/26/2026 1:35:50 PM","8/26/2026 1:35:50 PM",
"1218","18.53992","8/26/2026 1:35:50 PM","8/26/2026 1:35:50 PM",
"1219","18.53992","8/26/2026 1:35:50 PM","8/26/2026 1:35:50 PM",
"1220","18.53978","8/26/2026 1:35:50 PM","8/26/2026 1:35:50 PM",
"1221","18.53978","8/26/2026 1:35:50 PM","8/26/2026 1:35:50 PM",
"1222","18.54001","8/26/2026 1:35:50 PM","8/26/2026 1:35:50 PM",
"1223","18.54001","8/26/2026 1:35:50 PM","8/26/2026 1:35:50 PM",
"1224","18.53779","8/26/2026 1:35:50 PM","8/26/2026 1:35:50 PM",
"1225","18.53779","8/26/2026 1:35:50 PM","8/26/2026 1:35:50 PM",
"1226","18.53871","8/26/2026 1:35:50 PM","8/26/2026 1:35:50 PM",
"1227","18.53871","8/26/2026 1:35:50 PM","8/26/2026 1:35:50 PM",
"1228","18.53685","8/26/2026 1:35:50 PM","8/26/2026 1:35:50 PM",
"1229","18.53685","8/26/2026 1:35:50 PM","8/26/2026 1:35:50 PM",
"1230","18.53776","8/26/2026 1:35:50 PM","8/26/2026 1:35:50 PM",
"1231","18.53776","8/26/2026 1:35:50 PM","8/26/2026 1:35:50 PM",
"1232","18.53669","8/26/2026 1:35:50 PM","8/26/2026 1:35:50 PM",
"1233","18.53669","8/26/2026 1:35:50 PM","8/26/2026 1:35:50 PM",
"1234","18.53568","8/26/2026 1:35:50 PM","8/26/2026 1:35:50 PM",
"1235","18.53568","8/26/2026 1:35:50 PM","8/26/2026 1:35:50 PM",
"1236","18.53448","8/26/2026 1:35:50 PM","8/26/2026 1:35:50 PM",
"1237","18.53448","8/26/2026 1:35:50 PM","8/26/2026 1:35:50 PM",
"1238","18.53498","8/26/2026 1:35:50 PM","8/26/2026 1:35:50 PM",
"1239","18.53498","8/26/2026 1:35:50 PM","8/26/2026 1:35:50 PM",
"1240","18.53326","8/26/2026 1:35:50 PM","8/26/2026 1:35:50 PM",
"1241","18.53326","8/26/2026 1:35:50 PM","8/26/2026 1:35:50 PM",
"1242","18.5343","8/26/2026 1:35:50 PM","8/26/2026 1:35:50 PM",
"1243","18.5343","8/26/2026 1:35:50 PM","8/26/2026 1:35:50 PM",
"1244","18.53239","8/26/2026 1:35:50 PM","8/26/2026 1:35:50 PM",
"1245","18.53239","8/26/2026 1:35:50 PM","8/26/2026 1:35:50 PM",
"1246","18.53176","8/26/2026 1:35:50 PM","8/26/2026 1:35:50 PM",
"1247","18.53176","8/26/2026 1:35:50 PM","8/26/2026 1:35:50 PM",
"1248","18.53141","8/26/2026 1:35:50 PM","8/26/2026 1:35:50 PM",
"1249","18.53141","8/26/2026 1:35:50 PM","8/26/2026 1:35:50 PM",
"1250","18.53155","8/26/2026 1:35:50 PM","8/26/2026 1:35:50 PM",
"1251","18.53155","8/26/2026 1:35:50 PM","8/26/2026 1:35:50 PM",
"1252","18.53019","8/26/2026 1:35:50 PM","8/26/2026 1:35:50 PM",
"1253","18.53019","8/26/2026 1:35:50 PM","8/26/2026 1:35:50 PM",
"1254","18.52992","8/26/2026 1:35:50 PM","8/26/2026 1:35:50 PM",
"1255","18.52992","8/26/2026 1:35:50 PM","8/26/2026 1:35:50 PM",
"1256","18.52984","8/26/2026 1:35:50 PM","8/26/2026 1:35:50 PM",
"1257","18.52984","8/26/2026 1:35:50 PM","8/26/2026 1:35:50 PM",
"1258","18.52997","8/26/2026 1:35:50 PM","8/26/2026 1:35:50 PM",
"1259","18.52997","8/26/2026 1:35:50 PM","8/26/2026 1:35:50 PM",
"1260","18.52974","8/26/2026 1:35:50 PM","8/26/2026 1:35:50 PM",
"1261","18.52974","8/26/2026 1:35:50 PM","8/26/2026 1:35:50 PM",
"1262","18.52926","8/26/2026 1:35:50 PM","8/26/2026 1:35:50 PM",
"1263","18.52926","8/26/2026 1:35:50 PM","8/26/2026 1:35:50 PM",
"1264","18.52833","8/26/2026 1:35:50 PM","8/26/2026 1:35:50 PM",
"1265","18.52833","8/26/2026 1:35:50 PM","8/26/2026 1:35:50 PM",
"1266","18.52881","8/26/2026 1:35:50 PM","8/26/2026 1:35:50 PM",
"1267","18.52881","8/26/2026 1:35:50 PM","8/26/2026 1:35:50 PM",
"1268","18.52818","8/26/2026 1:35:50 PM","8/26/2026 1:35:50 PM",
"1269","18.52818","8/26/2026 1:35:50 PM","8/26/2026 1:35:50 PM",
"1270","18.5273","8/26/2026 1:35:50 PM","8/26/2026 1:35:50 PM",
"1271","18.5273","8/26/2026 1:35:50 PM","8/26/2026 1:35:50 PM",
"1272","18.52662","8/26/2026 1:35:50 PM","8/26/2026 1:35:50 PM",
"1273","18.52662","8/26/2026 1:35:50 PM","8/26/2026 1:35:50 PM",
"1274","18.52649","8/26/2026 1:35:50 PM","8/26/2026 1:35:50 PM",
"1275","18.52649","8/26/2026 1:35:50 PM","8/26/2026 1:35:50 PM",
"1276","18.52685","8/26/2026 1:35:50 PM","8/26/2026 1:35:50 PM",
"1277","18.52685","8/26/2026 1:35:50 PM","8/26/2026 1:35:50 PM",
"1278","18.52601","8/26/2026 1:35:50 PM","8/26/2026 1:35:50 PM",
"1279","18.52601","8/26/2026 1:35:50 PM","8/26/2026 1:35:50 PM",
"1280","18.52641","8/26/2026 1:35:50 PM","8/26/2026 1:35:50 PM",
"1281","18.52641","8/26/2026 1:35:50 PM","8/26/2026 1:35:50 PM",
"1282","18.52644","8/26/2026 1:35:50 PM","8/26/2026 1:35:50 PM",
"1283","18.52644","8/26/2026 1:35:50 PM","8/26/2026 1:35:50 PM",
"1284","18.52736","8/26/2026 1:35:50 PM","8/26/2026 1:35:50 PM",
"1285","18.52736","8/26/2026 1:35:50 PM","8/26/2026 1:35:50 PM",
"1286","18.5239","8/26/2026 1:35:50 PM","8/26/2026 1:35:50 PM",
"1287","18.5239","8/26/2026 1:35:50 PM","8/26/2026 1:35:50 PM",
"1288","18.52492","8/26/2026 1:35:50 PM","8/26/2026 1:35:50 PM",
"1289","18.52492","8/26/2026 1:35:50 PM","8/26/2026 1:35:50 PM",
"1290","18.52434","8/26/2026 1:35:50 PM","8/26/2026 1:35:50 PM",
"1291","18.52434","8/26/2026 1:35:50 PM","8/26/2026 1:35:50 PM",
"1292","18.52504","8/26/2026 1:35:50 PM","8/26/2026 1:35:50 PM",
"1293","18.52504","8/26/2026 1:35:50 PM","8/26/2026 1:35:50 PM",
"1294","18.52538","8/26/2026 1:35:50 PM","8/26/2026 1:35:50 PM",
"1295","18.52538","8/26/2026 1:35:50 PM","8/26/2026 1:35:50 PM",
"1296","18.52464","8/26/2026 1:35:50 PM","8/26/2026 1:35:50 PM",
"1297","18.52464","8/26/2026 1:35:50 PM","8/26/2026 1:35:50 PM",
"1298","18.52442","8/26/2026 1:35:50 PM","8/26/2026 1:35:50 PM",
"1299","18.52442","8/26/2026 1:35:50 PM","8/26/2026 1:35:50 PM",
"1300","18.52381","8/26/2026 1:35:50 PM","8/26/2026 1:35:50 PM",
"1301","18.52381","8/26/2026 1:35:50 PM","8/26/2026 1:35:50 PM",
"1302","18.52551","8/26/2026 1:35:50 PM","8/26/2026 1:35:50 PM",
"1303","18.52551","8/26/2026 1:35:50 PM","8/26/2026 1:35:50 PM",
"1304","18.5237","8/26/2026 1:35:50 PM","8/26/2026 1:35:50 PM",
"1305","18.5237","8/26/2026 1:35:50 PM","8/26/2026 1:35:50 PM",
"1306","18.52583","8/26/2026 1:35:50 PM","8/26/2026 1:35:50 PM",
"1307","18.52583","8/26/2026 1:35:51 PM","8/26/2026 1:35:51 PM",
"1308","18.52489","8/26/2026 1:35:51 PM","8/26/2026 1:35:51 PM",
"1309","18.52489","8/26/2026 1:35:51 PM","8/26/2026 1:35:51 PM",
"1310","18.52501","8/26/2026 1:35:51 PM","8/26/2026 1:35:51 PM",
"1311","18.52501","8/26/2026 1:35:51 PM","8/26/2026 1:35:51 PM",
"1312","18.52484","8/26/2026 1:35:51 PM","8/26/2026 1:35:51 PM",
"1313","18.52484","8/26/2026 1:35:51 PM","8/26/2026 1:35:51 PM",
"1314","18.52611","8/26/2026 1:35:51 PM","8/26/2026 1:35:51 PM",
"1315","18.52611","8/26/2026 1:35:51 PM","8/26/2026 1:35:51 PM",
"1316","18.52505","8/26/2026 1:35:51 PM","8/26/2026 1:35:51 PM",
"1317","18.52505","8/26/2026 1:35:51 PM","8/26/2026 1:35:51 PM",
"1318","18.52562","8/26/2026 1:35:51 PM","8/26/2026 1:35:51 PM",
"1319","18.52562","8/26/2026 1:35:51 PM","8/26/2026 1:35:51 PM",
"1320","18.52553","8/26/2026 1:35:51 PM","8/26/2026 1:35:51 PM",
"1321","18.52553","8/26/2026 1:35:51 PM","8/26/2026 1:35:51 PM",
"1322","18.5263","8/26/2026 1:35:51 PM","8/26/2026 1:35:51 PM",
"1323","18.5263","8/26/2026 1:35:51 PM","8/26/2026 1:35:51 PM",
"1324","18.52443","8/26/2026 1:35:51 PM","8/26/2026 1:35:51 PM",
"1325","18.52443","8/26/2026 1:35:51 PM","8/26/2026 1:35:51 PM",
"1326","18.52453","8/26/2026 1:35:51 PM","8/26/2026 1:35:51 PM",
"1327","18.52453","8/26/2026 1:35:51 PM","8/26/2026 1:35:51 PM",
"1328","18.52427","8/26/2026 1:35:51 PM","8/26/2026 1:35:51 PM",
"1329","18.52427","8/26/2026 1:35:51 PM","8/26/2026 1:35:51 PM",
"1330","18.52423","8/26/2026 1:35:51 PM","8/26/2026 1:35:51 PM",
"1331","18.52423","8/26/2026 1:35:51 PM","8/26/2026 1:35:51 PM",
"1332","18.5223","8/26/2026 1:35:51 PM","8/26/2026 1:35:51 PM",
"1333","18.5223","8/26/2026 1:35:51 PM","8/26/2026 1:35:51 PM",
"1334","18.52378","8/26/2026 1:35:51 PM","8/26/2026 1:35:51 PM",
"1335","18.52378","8/26/2026 1:35:51 PM","8/26/2026 1:35:51 PM",
"1336","18.52223","8/26/2026 1:35:51 PM","8/26/2026 1:35:51 PM",
"1337","18.52223","8/26/2026 1:35:51 PM","8/26/2026 1:35:51 PM",
"1338","18.52177","8/26/2026 1:35:51 PM","8/26/2026 1:35:51 PM",
"1339","18.52177","8/26/2026 1:35:51 PM","8/26/2026 1:35:51 PM",
"1340","18.52287","8/26/2026 1:35:51 PM","8/26/2026 1:35:51 PM",
"1341","18.52287","8/26/2026 1:35:51 PM","8/26/2026 1:35:51 PM",
"1342","18.52306","8/26/2026 1:35:51 PM","8/26/2026 1:35:51 PM",
"1343","18.52306","8/26/2026 1:35:51 PM","8/26/2026 1:35:51 PM",
"1344","18.52205","8/26/2026 1:35:51 PM","8/26/2026 1:35:51 PM",
"1345","18.52205","8/26/2026 1:35:51 PM","8/26/2026 1:35:51 PM",
"1346","18.52104","8/26/2026 1:35:51 PM","8/26/2026 1:35:51 PM",
"1347","18.52104","8/26/2026 1:35:51 PM","8/26/2026 1:35:51 PM",
"1348","18.52079","8/26/2026 1:35:51 PM","8/26/2026 1:35:51 PM",
"1349","18.52079","8/26/2026 1:35:51 PM","8/26/2026 1:35:51 PM",
"1350","18.52083","8/26/2026 1:35:51 PM","8/26/2026 1:35:51 PM",
"1351","18.52083","8/26/2026 1:35:51 PM","8/26/2026 1:35:51 PM",
"1352","18.52102","8/26/2026 1:35:51 PM","8/26/2026 1:35:51 PM",
"1353","18.52102","8/26/2026 1:35:51 PM","8/26/2026 1:35:51 PM",
"1354","18.51948","8/26/2026 1:35:51 PM","8/26/2026 1:35:51 PM",
"1355","18.51948","8/26/2026 1:35:51 PM","8/26/2026 1:35:51 PM",
"1356","18.51975","8/26/2026 1:35:51 PM","8/26/2026 1:35:51 PM",
"1357","18.51975","8/26/2026 1:35:51 PM","8/26/2026 1:35:51 PM",
"1358","18.51845","8/26/2026 1:35:51 PM","8/26/2026 1:35:51 PM",
"1359","18.51845","8/26/2026 1:35:51 PM","8/26/2026 1:35:51 PM",
"1360","18.5186","8/26/2026 1:35:51 PM","8/26/2026 1:35:51 PM",
"1361","18.5186","8/26/2026 1:35:51 PM","8/26/2026 1:35:51 PM",
"1362","18.51815","8/26/2026 1:35:51 PM","8/26/2026 1:35:51 PM",
"1363","18.51815","8/26/2026 1:35:51 PM","8/26/2026 1:35:51 PM",
"1364","18.51748","8/26/2026 1:35:51 PM","8/26/2026 1:35:51 PM",
"1365","18.51748","8/26/2026 1:35:51 PM","8/26/2026 1:35:51 PM",
"1366","18.51551","8/26/2026 1:35:51 PM","8/26/2026 1:35:51 PM",
"1367","18.51551","8/26/2026 1:35:51 PM","8/26/2026 1:35:51 PM",
"1368","18.51533","8/26/2026 1:35:51 PM","8/26/2026 1:35:51 PM",
"1369","18.51533","8/26/2026 1:35:51 PM","8/26/2026 1:35:51 PM",
"1370","18.5151","8/26/2026 1:35:51 PM","8/26/2026 1:35:51 PM",
"1371","18.5151","8/26/2026 1:35:51 PM","8/26/2026 1:35:51 PM",
"1372","18.51329","8/26/2026 1:35:51 PM","8/26/2026 1:35:51 PM",
"1373","18.51329","8/26/2026 1:35:51 PM","8/26/2026 1:35:51 PM",
"1374","18.51457","8/26/2026 1:35:51 PM","8/26/2026 1:35:51 PM",
"1375","18.51457","8/26/2026 1:35:51 PM","8/26/2026 1:35:51 PM",
"1376","18.51358","8/26/2026 1:35:51 PM","8/26/2026 1:35:51 PM",
"1377","18.51358","8/26/2026 1:35:51 PM","8/26/2026 1:35:51 PM",
"1378","18.51242","8/26/2026 1:35:51 PM","8/26/2026 1:35:51 PM",
"1379","18.51242","8/26/2026 1:35:51 PM","8/26/2026 1:35:51 PM",
"1380","18.51279","8/26/2026 1:35:51 PM","8/26/2026 1:35:51 PM",
"1381","18.51279","8/26/2026 1:35:51 PM","8/26/2026 1:35:51 PM",
"1382","18.5106","8/26/2026 1:35:51 PM","8/26/2026 1:35:51 PM",
"1383","18.5106","8/26/2026 1:35:51 PM","8/26/2026 1:35:51 PM",
"1384","18.51039","8/26/2026 1:35:51 PM","8/26/2026 1:35:51 PM",
"1385","18.51039","8/26/2026 1:35:51 PM","8/26/2026 1:35:51 PM",
"1386","18.50998","8/26/2026 1:35:51 PM","8/26/2026 1:35:51 PM",
"1387","18.50998","8/26/2026 1:35:51 PM","8/26/2026 1:35:51 PM",
"1388","18.50974","8/26/2026 1:35:51 PM","8/26/2026 1:35:51 PM",
"1389","18.50974","8/26/2026 1:35:51 PM","8/26/2026 1:35:51 PM",
"1390","18.50804","8/26/2026 1:35:51 PM","8/26/2026 1:35:51 PM",
"1391","18.50804","8/26/2026 1:35:51 PM","8/26/2026 1:35:51 PM",
"1392","18.50886","8/26/2026 1:35:51 PM","8/26/2026 1:35:51 PM",
"1393","18.50886","8/26/2026 1:35:51 PM","8/26/2026 1:35:51 PM",
"1394","18.50681","8/26/2026 1:35:51 PM","8/26/2026 1:35:51 PM",
"1395","18.50681","8/26/2026 1:35:51 PM","8/26/2026 1:35:51 PM",
"1396","18.50581","8/26/2026 1:35:51 PM","8/26/2026 1:35:51 PM",
"1397","18.50581","8/26/2026 1:35:51 PM","8/26/2026 1:35:51 PM",
"1398","18.50551","8/26/2026 1:35:51 PM","8/26/2026 1:35:51 PM",
"1399","18.50551","8/26/2026 1:35:51 PM","8/26/2026 1:35:51 PM",
"1400","18.5068","8/26/2026 1:35:51 PM","8/26/2026 1:35:51 PM",
"1401","18.5068","8/26/2026 1:35:51 PM","8/26/2026 1:35:51 PM",
"1402","18.50456","8/26/2026 1:35:51 PM","8/26/2026 1:35:51 PM",
"1403","18.50456","8/26/2026 1:35:51 PM","8/26/2026 1:35:51 PM",
"1404","18.5056","8/26/2026 1:35:51 PM","8/26/2026 1:35:51 PM",
"1405","18.5056","8/26/2026 1:35:51 PM","8/26/2026 1:35:51 PM",
"1406","18.50388","8/26/2026 1:35:51 PM","8/26/2026 1:35:51 PM",
"1407","18.50388","8/26/2026 1:35:52 PM","8/26/2026 1:35:52 PM",
"1408","18.50475","8/26/2026 1:35:52 PM","8/26/2026 1:35:52 PM",
"1409","18.50475","8/26/2026 1:35:52 PM","8/26/2026 1:35:52 PM",
"1410","18.50327","8/26/2026 1:35:52 PM","8/26/2026 1:35:52 PM",
"1411","18.50327","8/26/2026 1:35:52 PM","8/26/2026 1:35:52 PM",
"1412","18.50476","8/26/2026 1:35:52 PM","8/26/2026 1:35:52 PM",
"1413","18.50476","8/26/2026 1:35:52 PM","8/26/2026 1:35:52 PM",
"1414","18.5046","8/26/2026 1:35:52 PM","8/26/2026 1:35:52 PM",
"1415","18.5046","8/26/2026 1:35:52 PM","8/26/2026 1:35:52 PM",
"1416","18.50657","8/26/2026 1:35:52 PM","8/26/2026 1:35:52 PM",
"1417","18.50657","8/26/2026 1:35:52 PM","8/26/2026 1:35:52 PM",
"1418","18.50493","8/26/2026 1:35:52 PM","8/26/2026 1:35:52 PM",
"1419","18.50493","8/26/2026 1:35:52 PM","8/26/2026 1:35:52 PM",
"1420","18.50871","8/26/2026 1:35:52 PM","8/26/2026 1:35:52 PM",
"1421","18.50871","8/26/2026 1:35:52 PM","8/26/2026 1:35:52 PM",
"1422","18.50688","8/26/2026 1:35:52 PM","8/26/2026 1:35:52 PM",
"1423","18.50688","8/26/2026 1:35:52 PM","8/26/2026 1:35:52 PM",
"1424","18.50712","8/26/2026 1:35:52 PM","8/26/2026 1:35:52 PM",
"1425","18.50712","8/26/2026 1:35:52 PM","8/26/2026 1:35:52 PM",
"1426","18.50397","8/26/2026 1:35:52 PM","8/26/2026 1:35:52 PM",
"1427","18.50397","8/26/2026 1:35:52 PM","8/26/2026 1:35:52 PM",
"1428","18.5076","8/26/2026 1:35:52 PM","8/26/2026 1:35:52 PM",
"1429","18.5076","8/26/2026 1:35:52 PM","8/26/2026 1:35:52 PM",
"1430","18.50402","8/26/2026 1:35:52 PM","8/26/2026 1:35:52 PM",
"1431","18.50402","8/26/2026 1:35:52 PM","8/26/2026 1:35:52 PM",
"1432","18.50688","8/26/2026 1:35:52 PM","8/26/2026 1:35:52 PM",
"1433","18.50688","8/26/2026 1:35:52 PM","8/26/2026 1:35:52 PM",
"1434","18.50424","8/26/2026 1:35:52 PM","8/26/2026 1:35:52 PM",
"1435","18.50424","8/26/2026 1:35:52 PM","8/26/2026 1:35:52 PM",
"1436","18.50718","8/26/2026 1:35:52 PM","8/26/2026 1:35:52 PM",
"1437","18.50718","8/26/2026 1:35:52 PM","8/26/2026 1:35:52 PM",
"1438","18.50482","8/26/2026 1:35:52 PM","8/26/2026 1:35:52 PM",
"1439","18.50482","8/26/2026 1:35:52 PM","8/26/2026 1:35:52 PM",
"1440","18.50751","8/26/2026 1:35:52 PM","8/26/2026 1:35:52 PM",
"1441","18.50751","8/26/2026 1:35:52 PM","8/26/2026 1:35:52 PM",
"1442","18.50463","8/26/2026 1:35:52 PM","8/26/2026 1:35:52 PM",
"1443","18.50463","8/26/2026 1:35:52 PM","8/26/2026 1:35:52 PM",
"1444","18.50726","8/26/2026 1:35:52 PM","8/26/2026 1:35:52 PM",
"1445","18.50726","8/26/2026 1:35:52 PM","8/26/2026 1:35:52 PM",
"1446","18.50531","8/26/2026 1:35:52 PM","8/26/2026 1:35:52 PM",
"1447","18.50531","8/26/2026 1:35:52 PM","8/26/2026 1:35:52 PM",
"1448","18.50648","8/26/2026 1:35:52 PM","8/26/2026 1:35:52 PM",
"1449","18.50648","8/26/2026 1:35:52 PM","8/26/2026 1:35:52 PM",
"1450","18.50571","8/26/2026 1:35:52 PM","8/26/2026 1:35:52 PM",
"1451","18.50571","8/26/2026 1:35:52 PM","8/26/2026 1:35:52 PM",
"1452","18.50812","8/26/2026 1:35:52 PM","8/26/2026 1:35:52 PM",
"1453","18.50812","8/26/2026 1:35:52 PM","8/26/2026 1:35:52 PM",
"1454","18.50812","8/26/2026 1:35:52 PM","8/26/2026 1:35:52 PM",
"1455","18.50599","8/26/2026 1:35:52 PM","8/26/2026 1:35:52 PM",
"1456","18.50599","8/26/2026 1:35:52 PM","8/26/2026 1:35:52 PM",
"1457","18.5065","8/26/2026 1:35:52 PM","8/26/2026 1:35:52 PM",
"1458","18.5065","8/26/2026 1:35:52 PM","8/26/2026 1:35:52 PM",
"1459","18.50528","8/26/2026 1:35:52 PM","8/26/2026 1:35:52 PM",
"1460","18.50528","8/26/2026 1:35:52 PM","8/26/2026 1:35:52 PM",
"1461","18.50799","8/26/2026 1:35:52 PM","8/26/2026 1:35:52 PM",
"1462","18.50799","8/26/2026 1:35:52 PM","8/26/2026 1:35:52 PM",
"1463","18.50606","8/26/2026 1:35:52 PM","8/26/2026 1:35:52 PM",
"1464","18.50606","8/26/2026 1:35:52 PM","8/26/2026 1:35:52 PM",
"1465","18.50548","8/26/2026 1:35:52 PM","8/26/2026 1:35:52 PM",
"1466","18.50548","8/26/2026 1:35:52 PM","8/26/2026 1:35:52 PM",
"1467","18.50469","8/26/2026 1:35:52 PM","8/26/2026 1:35:52 PM",
"1468","18.50469","8/26/2026 1:35:52 PM","8/26/2026 1:35:52 PM",
"1469","18.50564","8/26/2026 1:35:52 PM","8/26/2026 1:35:52 PM",
"1470","18.50564","8/26/2026 1:35:52 PM","8/26/2026 1:35:52 PM",
"1471","18.50374","8/26/2026 1:35:52 PM","8/26/2026 1:35:52 PM",
"1472","18.50374","8/26/2026 1:35:52 PM","8/26/2026 1:35:52 PM",
"1473","18.50422","8/26/2026 1:35:52 PM","8/26/2026 1:35:52 PM",
"1474","18.50422","8/26/2026 1:35:52 PM","8/26/2026 1:35:52 PM",
"1475","18.50343","8/26/2026 1:35:52 PM","8/26/2026 1:35:52 PM",
"1476","18.50343","8/26/2026 1:35:52 PM","8/26/2026 1:35:52 PM",
"1477","18.50352","8/26/2026 1:35:52 PM","8/26/2026 1:35:52 PM",
"1478","18.50352","8/26/2026 1:35:52 PM","8/26/2026 1:35:52 PM",
"1479","18.50275","8/26/2026 1:35:52 PM","8/26/2026 1:35:52 PM",
"1480","18.50275","8/26/2026 1:35:52 PM","8/26/2026 1:35:52 PM",
"1481","18.5025","8/26/2026 1:35:52 PM","8/26/2026 1:35:52 PM",
"1482","18.5025","8/26/2026 1:35:52 PM","8/26/2026 1:35:52 PM",
"1483","18.50208","8/26/2026 1:35:52 PM","8/26/2026 1:35:52 PM",
"1484","18.50208","8/26/2026 1:35:52 PM","8/26/2026 1:35:52 PM",
"1485","18.50315","8/26/2026 1:35:52 PM","8/26/2026 1:35:52 PM",
"1486","18.50315","8/26/2026 1:35:52 PM","8/26/2026 1:35:52 PM",
"1487","18.50096","8/26/2026 1:35:52 PM","8/26/2026 1:35:52 PM",
"1488","18.50096","8/26/2026 1:35:52 PM","8/26/2026 1:35:52 PM",
"1489","18.49991","8/26/2026 1:35:52 PM","8/26/2026 1:35:52 PM",
"1490","18.49991","8/26/2026 1:35:52 PM","8/26/2026 1:35:52 PM",
"1491","18.49974","8/26/2026 1:35:52 PM","8/26/2026 1:35:52 PM",
"1492","18.49974","8/26/2026 1:35:52 PM","8/26/2026 1:35:52 PM",
"1493","18.49875","8/26/2026 1:35:52 PM","8/26/2026 1:35:52 PM",
"1494","18.49875","8/26/2026 1:35:52 PM","8/26/2026 1:35:52 PM",
"1495","18.49858","8/26/2026 1:35:52 PM","8/26/2026 1:35:52 PM",
"1496","18.49858","8/26/2026 1:35:52 PM","8/26/2026 1:35:52 PM",
"1497","18.49779","8/26/2026 1:35:52 PM","8/26/2026 1:35:52 PM",
"1498","18.49779","8/26/2026 1:35:52 PM","8/26/2026 1:35:52 PM",
"1499","18.4955","8/26/2026 1:35:52 PM","8/26/2026 1:35:52 PM",
"1500","18.4955","8/26/2026 1:35:52 PM","8/26/2026 1:35:52 PM",
"1501","18.49514","8/26/2026 1:35:52 PM","8/26/2026 1:35:52 PM",
"1502","18.49514","8/26/2026 1:35:52 PM","8/26/2026 1:35:52 PM",
"1503","18.49605","8/26/2026 1:35:52 PM","8/26/2026 1:35:52 PM",
"1504","18.49605","8/26/2026 1:35:52 PM","8/26/2026 1:35:52 PM",
"1505","18.4936","8/26/2026 1:35:52 PM","8/26/2026 1:35:52 PM",
"1506","18.4936","8/26/2026 1:35:52 PM","8/26/2026 1:35:52 PM",
"1507","18.49278","8/26/2026 1:35:53 PM","8/26/2026 1:35:53 PM",
"1508","18.49278","8/26/2026 1:35:53 PM","8/26/2026 1:35:53 PM",
"1509","18.49324","8/26/2026 1:35:53 PM","8/26/2026 1:35:53 PM",
"1510","18.49324","8/26/2026 1:35:53 PM","8/26/2026 1:35:53 PM",
"1511","18.49294","8/26/2026 1:35:53 PM","8/26/2026 1:35:53 PM",
"1512","18.49294","8/26/2026 1:35:53 PM","8/26/2026 1:35:53 PM",
"1513","18.4901","8/26/2026 1:35:53 PM","8/26/2026 1:35:53 PM",
"1514","18.4901","8/26/2026 1:35:53 PM","8/26/2026 1:35:53 PM",
"1515","18.4907","8/26/2026 1:35:53 PM","8/26/2026 1:35:53 PM",
"1516","18.4907","8/26/2026 1:35:53 PM","8/26/2026 1:35:53 PM",
"1517","18.48884","8/26/2026 1:35:53 PM","8/26/2026 1:35:53 PM",
"1518","18.48884","8/26/2026 1:35:53 PM","8/26/2026 1:35:53 PM",
"1519","18.488","8/26/2026 1:35:53 PM","8/26/2026 1:35:53 PM",
"1520","18.488","8/26/2026 1:35:53 PM","8/26/2026 1:35:53 PM",
"1521","18.48692","8/26/2026 1:35:53 PM","8/26/2026 1:35:53 PM",
"1522","18.48692","8/26/2026 1:35:53 PM","8/26/2026 1:35:53 PM",
"1523","18.48775","8/26/2026 1:35:53 PM","8/26/2026 1:35:53 PM",
"1524","18.48775","8/26/2026 1:35:53 PM","8/26/2026 1:35:53 PM",
"1525","18.48628","8/26/2026 1:35:53 PM","8/26/2026 1:35:53 PM",
"1526","18.48628","8/26/2026 1:35:53 PM","8/26/2026 1:35:53 PM",
"1527","18.48515","8/26/2026 1:35:53 PM","8/26/2026 1:35:53 PM",
"1528","18.48515","8/26/2026 1:35:53 PM","8/26/2026 1:35:53 PM",
"1529","18.48365","8/26/2026 1:35:53 PM","8/26/2026 1:35:53 PM",
"1530","18.48365","8/26/2026 1:35:53 PM","8/26/2026 1:35:53 PM",
"1531","18.48254","8/26/2026 1:35:53 PM","8/26/2026 1:35:53 PM",
"1532","18.48254","8/26/2026 1:35:53 PM","8/26/2026 1:35:53 PM",
"1533","18.48277","8/26/2026 1:35:53 PM","8/26/2026 1:35:53 PM",
"1534","18.48277","8/26/2026 1:35:53 PM","8/26/2026 1:35:53 PM",
"1535","18.48222","8/26/2026 1:35:53 PM","8/26/2026 1:35:53 PM",
"1536","18.48222","8/26/2026 1:35:53 PM","8/26/2026 1:35:53 PM",
"1537","18.48106","8/26/2026 1:35:53 PM","8/26/2026 1:35:53 PM",
"1538","18.48106","8/26/2026 1:35:53 PM","8/26/2026 1:35:53 PM",
"1539","18.4808","8/26/2026 1:35:53 PM","8/26/2026 1:35:53 PM",
"1540","18.4808","8/26/2026 1:35:53 PM","8/26/2026 1:35:53 PM",
"1541","18.48041","8/26/2026 1:35:53 PM","8/26/2026 1:35:53 PM",
"1542","18.48041","8/26/2026 1:35:53 PM","8/26/2026 1:35:53 PM",
"1543","18.47834","8/26/2026 1:35:53 PM","8/26/2026 1:35:53 PM",
"1544","18.47834","8/26/2026 1:35:53 PM","8/26/2026 1:35:53 PM",
"1545","18.47681","8/26/2026 1:35:53 PM","8/26/2026 1:35:53 PM",
"1546","18.47681","8/26/2026 1:35:53 PM","8/26/2026 1:35:53 PM",
"1547","18.47666","8/26/2026 1:35:53 PM","8/26/2026 1:35:53 PM",
"1548","18.47666","8/26/2026 1:35:53 PM","8/26/2026 1:35:53 PM",
"1549","18.47635","8/26/2026 1:35:53 PM","8/26/2026 1:35:53 PM",
"1550","18.47635","8/26/2026 1:35:53 PM","8/26/2026 1:35:53 PM",
"1551","18.47625","8/26/2026 1:35:53 PM","8/26/2026 1:35:53 PM",
"1552","18.47625","8/26/2026 1:35:53 PM","8/26/2026 1:35:53 PM",
"1553","18.47508","8/26/2026 1:35:53 PM","8/26/2026 1:35:53 PM",
"1554","18.47508","8/26/2026 1:35:53 PM","8/26/2026 1:35:53 PM",
"1555","18.47367","8/26/2026 1:35:53 PM","8/26/2026 1:35:53 PM",
"1556","18.47367","8/26/2026 1:35:53 PM","8/26/2026 1:35:53 PM",
"1557","18.47251","8/26/2026 1:35:53 PM","8/26/2026 1:35:53 PM",
"1558","18.47251","8/26/2026 1:35:53 PM","8/26/2026 1:35:53 PM",
"1559","18.47084","8/26/2026 1:35:53 PM","8/26/2026 1:35:53 PM",
"1560","18.47084","8/26/2026 1:35:53 PM","8/26/2026 1:35:53 PM",
"1561","18.47187","8/26/2026 1:35:53 PM","8/26/2026 1:35:53 PM",
"1562","18.47187","8/26/2026 1:35:53 PM","8/26/2026 1:35:53 PM",
"1563","18.47098","8/26/2026 1:35:53 PM","8/26/2026 1:35:53 PM",
"1564","18.47098","8/26/2026 1:35:53 PM","8/26/2026 1:35:53 PM",
"1565","18.471","8/26/2026 1:35:53 PM","8/26/2026 1:35:53 PM",
"1566","18.471","8/26/2026 1:35:53 PM","8/26/2026 1:35:53 PM",
"1567","18.46989","8/26/2026 1:35:53 PM","8/26/2026 1:35:53 PM",
"1568","18.46989","8/26/2026 1:35:53 PM","8/26/2026 1:35:53 PM",
"1569","18.46891","8/26/2026 1:35:53 PM","8/26/2026 1:35:53 PM",
"1570","18.46891","8/26/2026 1:35:53 PM","8/26/2026 1:35:53 PM",
"1571","18.46852","8/26/2026 1:35:53 PM","8/26/2026 1:35:53 PM",
"1572","18.46852","8/26/2026 1:35:53 PM","8/26/2026 1:35:53 PM",
"1573","18.46789","8/26/2026 1:35:53 PM","8/26/2026 1:35:53 PM",
"1574","18.46789","8/26/2026 1:35:53 PM","8/26/2026 1:35:53 PM",
"1575","18.46579","8/26/2026 1:35:53 PM","8/26/2026 1:35:53 PM",
"1576","18.46579","8/26/2026 1:35:53 PM","8/26/2026 1:35:53 PM",
"1577","18.46614","8/26/2026 1:35:53 PM","8/26/2026 1:35:53 PM",
"1578","18.46614","8/26/2026 1:35:53 PM","8/26/2026 1:35:53 PM",
"1579","18.46546","8/26/2026 1:35:53 PM","8/26/2026 1:35:53 PM",
"1580","18.46546","8/26/2026 1:35:53 PM","8/26/2026 1:35:53 PM",
"1581","18.46619","8/26/2026 1:35:53 PM","8/26/2026 1:35:53 PM",
"1582","18.46619","8/26/2026 1:35:53 PM","8/26/2026 1:35:53 PM",
"1583","18.46538","8/26/2026 1:35:53 PM","8/26/2026 1:35:53 PM",
"1584","18.46538","8/26/2026 1:35:53 PM","8/26/2026 1:35:53 PM",
"1585","18.465","8/26/2026 1:35:53 PM","8/26/2026 1:35:53 PM",
"1586","18.465","8/26/2026 1:35:53 PM","8/26/2026 1:35:53 PM",
"1587","18.46384","8/26/2026 1:35:53 PM","8/26/2026 1:35:53 PM",
"1588","18.46384","8/26/2026 1:35:53 PM","8/26/2026 1:35:53 PM",
"1589","18.46478","8/26/2026 1:35:53 PM","8/26/2026 1:35:53 PM",
"1590","18.46478","8/26/2026 1:35:53 PM","8/26/2026 1:35:53 PM",
"1591","18.46523","8/26/2026 1:35:53 PM","8/26/2026 1:35:53 PM",
"1592","18.46523","8/26/2026 1:35:53 PM","8/26/2026 1:35:53 PM",
"1593","18.46372","8/26/2026 1:35:53 PM","8/26/2026 1:35:53 PM",
"1594","18.46372","8/26/2026 1:35:53 PM","8/26/2026 1:35:53 PM",
"1595","18.46378","8/26/2026 1:35:53 PM","8/26/2026 1:35:53 PM",
"1596","18.46378","8/26/2026 1:35:53 PM","8/26/2026 1:35:53 PM",
"1597","18.46099","8/26/2026 1:35:53 PM","8/26/2026 1:35:53 PM",
"1598","18.46099","8/26/2026 1:35:53 PM","8/26/2026 1:35:53 PM",
"1599","18.46505","8/26/2026 1:35:53 PM","8/26/2026 1:35:53 PM",
"1600","18.46505","8/26/2026 1:35:53 PM","8/26/2026 1:35:53 PM",
"1601","18.46014","8/26/2026 1:35:53 PM","8/26/2026 1:35:53 PM",
"1602","18.46014","8/26/2026 1:35:53 PM","8/26/2026 1:35:53 PM",
"1603","18.46545","8/26/2026 1:35:53 PM","8/26/2026 1:35:53 PM",
"1604","18.46545","8/26/2026 1:35:53 PM","8/26/2026 1:35:53 PM",
"1605","18.46057","8/26/2026 1:35:53 PM","8/26/2026 1:35:53 PM",
"1606","18.46057","8/26/2026 1:35:53 PM","8/26/2026 1:35:53 PM",
"1607","18.46575","8/26/2026 1:35:54 PM","8/26/2026 1:35:54 PM",
"1608","18.46575","8/26/2026 1:35:54 PM","8/26/2026 1:35:54 PM",
"1609","18.46142","8/26/2026 1:35:54 PM","8/26/2026 1:35:54 PM",
"1610","18.46142","8/26/2026 1:35:54 PM","8/26/2026 1:35:54 PM",
"1611","18.46591","8/26/2026 1:35:54 PM","8/26/2026 1:35:54 PM",
"1612","18.46591","8/26/2026 1:35:54 PM","8/26/2026 1:35:54 PM",
"1613","18.46117","8/26/2026 1:35:54 PM","8/26/2026 1:35:54 PM",
"1614","18.46117","8/26/2026 1:35:54 PM","8/26/2026 1:35:54 PM",
"1615","18.4657","8/26/2026 1:35:54 PM","8/26/2026 1:35:54 PM",
"1616","18.4657","8/26/2026 1:35:54 PM","8/26/2026 1:35:54 PM",
"1617","18.46222","8/26/2026 1:35:54 PM","8/26/2026 1:35:54 PM",
"1618","18.46222","8/26/2026 1:35:54 PM","8/26/2026 1:35:54 PM",
"1619","18.46524","8/26/2026 1:35:54 PM","8/26/2026 1:35:54 PM",
"1620","18.46524","8/26/2026 1:35:54 PM","8/26/2026 1:35:54 PM",
"1621","18.46211","8/26/2026 1:35:54 PM","8/26/2026 1:35:54 PM",
"1622","18.46211","8/26/2026 1:35:54 PM","8/26/2026 1:35:54 PM",
"1623","18.46504","8/26/2026 1:35:54 PM","8/26/2026 1:35:54 PM",
"1624","18.46504","8/26/2026 1:35:54 PM","8/26/2026 1:35:54 PM",
"1625","18.46183","8/26/2026 1:35:54 PM","8/26/2026 1:35:54 PM",
"1626","18.46183","8/26/2026 1:35:54 PM","8/26/2026 1:35:54 PM",
"1627","18.46425","8/26/2026 1:35:54 PM","8/26/2026 1:35:54 PM",
"1628","18.46425","8/26/2026 1:35:54 PM","8/26/2026 1:35:54 PM",
"1629","18.46194","8/26/2026 1:35:54 PM","8/26/2026 1:35:54 PM",
"1630","18.46194","8/26/2026 1:35:54 PM","8/26/2026 1:35:54 PM",
"1631","18.46475","8/26/2026 1:35:54 PM","8/26/2026 1:35:54 PM",
"1632","18.46475","8/26/2026 1:35:54 PM","8/26/2026 1:35:54 PM",
"1633","18.46276","8/26/2026 1:35:54 PM","8/26/2026 1:35:54 PM",
"1634","18.46276","8/26/2026 1:35:54 PM","8/26/2026 1:35:54 PM",
"1635","18.46406","8/26/2026 1:35:54 PM","8/26/2026 1:35:54 PM",
"1636","18.46406","8/26/2026 1:35:54 PM","8/26/2026 1:35:54 PM",
"1637","18.46191","8/26/2026 1:35:54 PM","8/26/2026 1:35:54 PM",
"1638","18.46191","8/26/2026 1:35:54 PM","8/26/2026 1:35:54 PM",
"1639","18.46403","8/26/2026 1:35:54 PM","8/26/2026 1:35:54 PM",
"1640","18.46403","8/26/2026 1:35:54 PM","8/26/2026 1:35:54 PM",
"1641","18.46205","8/26/2026 1:35:54 PM","8/26/2026 1:35:54 PM",
"1642","18.46205","8/26/2026 1:35:54 PM","8/26/2026 1:35:54 PM",
"1643","18.463","8/26/2026 1:35:54 PM","8/26/2026 1:35:54 PM",
"1644","18.463","8/26/2026 1:35:54 PM","8/26/2026 1:35:54 PM",
"1645","18.46276","8/26/2026 1:35:54 PM","8/26/2026 1:35:54 PM",
"1646","18.46276","8/26/2026 1:35:54 PM","8/26/2026 1:35:54 PM",
"1647","18.46189","8/26/2026 1:35:54 PM","8/26/2026 1:35:54 PM",
"1648","18.46189","8/26/2026 1:35:54 PM","8/26/2026 1:35:54 PM",
"1649","18.45987","8/26/2026 1:35:54 PM","8/26/2026 1:35:54 PM",
"1650","18.45987","8/26/2026 1:35:54 PM","8/26/2026 1:35:54 PM",
"1651","18.46092","8/26/2026 1:35:54 PM","8/26/2026 1:35:54 PM",
"1652","18.46092","8/26/2026 1:35:54 PM","8/26/2026 1:35:54 PM",
"1653","18.45964","8/26/2026 1:35:54 PM","8/26/2026 1:35:54 PM",
"1654","18.45964","8/26/2026 1:35:54 PM","8/26/2026 1:35:54 PM",
"1655","18.45972","8/26/2026 1:35:54 PM","8/26/2026 1:35:54 PM",
"1656","18.45972","8/26/2026 1:35:54 PM","8/26/2026 1:35:54 PM",
"1657","18.45983","8/26/2026 1:35:54 PM","8/26/2026 1:35:54 PM",
"1658","18.45983","8/26/2026 1:35:54 PM","8/26/2026 1:35:54 PM",
"1659","18.45874","8/26/2026 1:35:54 PM","8/26/2026 1:35:54 PM",
"1660","18.45874","8/26/2026 1:35:54 PM","8/26/2026 1:35:54 PM",
"1661","18.45812","8/26/2026 1:35:54 PM","8/26/2026 1:35:54 PM",
"1662","18.45812","8/26/2026 1:35:54 PM","8/26/2026 1:35:54 PM",
"1663","18.45824","8/26/2026 1:35:54 PM","8/26/2026 1:35:54 PM",
"1664","18.45824","8/26/2026 1:35:54 PM","8/26/2026 1:35:54 PM",
"1665","18.45528","8/26/2026 1:35:54 PM","8/26/2026 1:35:54 PM",
"1666","18.45528","8/26/2026 1:35:54 PM","8/26/2026 1:35:54 PM",
"1667","18.45589","8/26/2026 1:35:54 PM","8/26/2026 1:35:54 PM",
"1668","18.45589","8/26/2026 1:35:54 PM","8/26/2026 1:35:54 PM",
"1669","18.45461","8/26/2026 1:35:54 PM","8/26/2026 1:35:54 PM",
"1670","18.45461","8/26/2026 1:35:54 PM","8/26/2026 1:35:54 PM",
"1671","18.45435","8/26/2026 1:35:54 PM","8/26/2026 1:35:54 PM",
"1672","18.45435","8/26/2026 1:35:54 PM","8/26/2026 1:35:54 PM",
"1673","18.4519","8/26/2026 1:35:54 PM","8/26/2026 1:35:54 PM",
"1674","18.4519","8/26/2026 1:35:54 PM","8/26/2026 1:35:54 PM",
"1675","18.45173","8/26/2026 1:35:54 PM","8/26/2026 1:35:54 PM",
"1676","18.45173","8/26/2026 1:35:54 PM","8/26/2026 1:35:54 PM",
"1677","18.45017","8/26/2026 1:35:54 PM","8/26/2026 1:35:54 PM",
"1678","18.45017","8/26/2026 1:35:54 PM","8/26/2026 1:35:54 PM",
"1679","18.45029","8/26/2026 1:35:54 PM","8/26/2026 1:35:54 PM",
"1680","18.45029","8/26/2026 1:35:54 PM","8/26/2026 1:35:54 PM",
"1681","18.44949","8/26/2026 1:35:54 PM","8/26/2026 1:35:54 PM",
"1682","18.44949","8/26/2026 1:35:54 PM","8/26/2026 1:35:54 PM",
"1683","18.44762","8/26/2026 1:35:54 PM","8/26/2026 1:35:54 PM",
"1684","18.44762","8/26/2026 1:35:54 PM","8/26/2026 1:35:54 PM",
"1685","18.44753","8/26/2026 1:35:54 PM","8/26/2026 1:35:54 PM",
"1686","18.44753","8/26/2026 1:35:54 PM","8/26/2026 1:35:54 PM",
"1687","18.44673","8/26/2026 1:35:54 PM","8/26/2026 1:35:54 PM",
"1688","18.44673","8/26/2026 1:35:54 PM","8/26/2026 1:35:54 PM",
"1689","18.44703","8/26/2026 1:35:54 PM","8/26/2026 1:35:54 PM",
"1690","18.44703","8/26/2026 1:35:54 PM","8/26/2026 1:35:54 PM",
"1691","18.44497","8/26/2026 1:35:54 PM","8/26/2026 1:35:54 PM",
"1692","18.44497","8/26/2026 1:35:54 PM","8/26/2026 1:35:54 PM",
"1693","18.44461","8/26/2026 1:35:54 PM","8/26/2026 1:35:54 PM",
"1694","18.44461","8/26/2026 1:35:54 PM","8/26/2026 1:35:54 PM",
"1695","18.44286","8/26/2026 1:35:54 PM","8/26/2026 1:35:54 PM",
"1696","18.44286","8/26/2026 1:35:54 PM","8/26/2026 1:35:54 PM",
"1697","18.44288","8/26/2026 1:35:54 PM","8/26/2026 1:35:54 PM",
"1698","18.44288","8/26/2026 1:35:54 PM","8/26/2026 1:35:54 PM",
"1699","18.44182","8/26/2026 1:35:54 PM","8/26/2026 1:35:54 PM",
"1700","18.44182","8/26/2026 1:35:54 PM","8/26/2026 1:35:54 PM",
"1701","18.44162","8/26/2026 1:35:54 PM","8/26/2026 1:35:54 PM",
"1702","18.44162","8/26/2026 1:35:54 PM","8/26/2026 1:35:54 PM",
"1703","18.44033","8/26/2026 1:35:54 PM","8/26/2026 1:35:54 PM",
"1704","18.44033","8/26/2026 1:35:54 PM","8/26/2026 1:35:54 PM",
"1705","18.44012","8/26/2026 1:35:54 PM","8/26/2026 1:35:54 PM",
"1706","18.44012","8/26/2026 1:35:54 PM","8/26/2026 1:35:54 PM",
"1707","18.43896","8/26/2026 1:35:55 PM","8/26/2026 1:35:55 PM",
"1708","18.43896","8/26/2026 1:35:55 PM","8/26/2026 1:35:55 PM",
"1709","18.43971","8/26/2026 1:35:55 PM","8/26/2026 1:35:55 PM",
"1710","18.43971","8/26/2026 1:35:55 PM","8/26/2026 1:35:55 PM",
"1711","18.43635","8/26/2026 1:35:55 PM","8/26/2026 1:35:55 PM",
"1712","18.43635","8/26/2026 1:35:55 PM","8/26/2026 1:35:55 PM",
"1713","18.43742","8/26/2026 1:35:55 PM","8/26/2026 1:35:55 PM",
"1714","18.43742","8/26/2026 1:35:55 PM","8/26/2026 1:35:55 PM",
"1715","18.43664","8/26/2026 1:35:55 PM","8/26/2026 1:35:55 PM",
"1716","18.43664","8/26/2026 1:35:55 PM","8/26/2026 1:35:55 PM",
"1717","18.43524","8/26/2026 1:35:55 PM","8/26/2026 1:35:55 PM",
"1718","18.43524","8/26/2026 1:35:55 PM","8/26/2026 1:35:55 PM",
"1719","18.43371","8/26/2026 1:35:55 PM","8/26/2026 1:35:55 PM",
"1720","18.43371","8/26/2026 1:35:55 PM","8/26/2026 1:35:55 PM",
"1721","18.43497","8/26/2026 1:35:55 PM","8/26/2026 1:35:55 PM",
"1722","18.43497","8/26/2026 1:35:55 PM","8/26/2026 1:35:55 PM",
"1723","18.43546","8/26/2026 1:35:55 PM","8/26/2026 1:35:55 PM",
"1724","18.43546","8/26/2026 1:35:55 PM","8/26/2026 1:35:55 PM",
"1725","18.43535","8/26/2026 1:35:55 PM","8/26/2026 1:35:55 PM",
"1726","18.43535","8/26/2026 1:35:55 PM","8/26/2026 1:35:55 PM",
"1727","18.43337","8/26/2026 1:35:55 PM","8/26/2026 1:35:55 PM",
"1728","18.43337","8/26/2026 1:35:55 PM","8/26/2026 1:35:55 PM",
"1729","18.43131","8/26/2026 1:35:55 PM","8/26/2026 1:35:55 PM",
"1730","18.43131","8/26/2026 1:35:55 PM","8/26/2026 1:35:55 PM",
"1731","18.43213","8/26/2026 1:35:55 PM","8/26/2026 1:35:55 PM",
"1732","18.43213","8/26/2026 1:35:55 PM","8/26/2026 1:35:55 PM",
"1733","18.43213","8/26/2026 1:35:55 PM","8/26/2026 1:35:55 PM",
"1734","18.43213","8/26/2026 1:35:55 PM","8/26/2026 1:35:55 PM",
"1735","18.4308","8/26/2026 1:35:55 PM","8/26/2026 1:35:55 PM",
"1736","18.4308","8/26/2026 1:35:55 PM","8/26/2026 1:35:55 PM",
"1737","18.43038","8/26/2026 1:35:55 PM","8/26/2026 1:35:55 PM",
"1738","18.43038","8/26/2026 1:35:55 PM","8/26/2026 1:35:55 PM",
"1739","18.43047","8/26/2026 1:35:55 PM","8/26/2026 1:35:55 PM",
"1740","18.43047","8/26/2026 1:35:55 PM","8/26/2026 1:35:55 PM",
"1741","18.43163","8/26/2026 1:35:55 PM","8/26/2026 1:35:55 PM",
"1742","18.43163","8/26/2026 1:35:55 PM","8/26/2026 1:35:55 PM",
"1743","18.43196","8/26/2026 1:35:55 PM","8/26/2026 1:35:55 PM",
"1744","18.43196","8/26/2026 1:35:55 PM","8/26/2026 1:35:55 PM",
"1745","18.43247","8/26/2026 1:35:55 PM","8/26/2026 1:35:55 PM",
"1746","18.43247","8/26/2026 1:35:55 PM","8/26/2026 1:35:55 PM",
"1747","18.4283","8/26/2026 1:35:55 PM","8/26/2026 1:35:55 PM",
"1748","18.4283","8/26/2026 1:35:55 PM","8/26/2026 1:35:55 PM",
"1749","18.42967","8/26/2026 1:35:55 PM","8/26/2026 1:35:55 PM",
"1750","18.42967","8/26/2026 1:35:55 PM","8/26/2026 1:35:55 PM",
"1751","18.42711","8/26/2026 1:35:55 PM","8/26/2026 1:35:55 PM",
"1752","18.42711","8/26/2026 1:35:55 PM","8/26/2026 1:35:55 PM",
"1753","18.43017","8/26/2026 1:35:55 PM","8/26/2026 1:35:55 PM",
"1754","18.43017","8/26/2026 1:35:55 PM","8/26/2026 1:35:55 PM",
"1755","18.42832","8/26/2026 1:35:55 PM","8/26/2026 1:35:55 PM",
"1756","18.42832","8/26/2026 1:35:55 PM","8/26/2026 1:35:55 PM",
"1757","18.43036","8/26/2026 1:35:55 PM","8/26/2026 1:35:55 PM",
"1758","18.43036","8/26/2026 1:35:55 PM","8/26/2026 1:35:55 PM",
"1759","18.42809","8/26/2026 1:35:55 PM","8/26/2026 1:35:55 PM",
"1760","18.42809","8/26/2026 1:35:55 PM","8/26/2026 1:35:55 PM",
"1761","18.43037","8/26/2026 1:35:55 PM","8/26/2026 1:35:55 PM",
"1762","18.43037","8/26/2026 1:35:55 PM","8/26/2026 1:35:55 PM",
"1763","18.42827","8/26/2026 1:35:55 PM","8/26/2026 1:35:55 PM",
"1764","18.42827","8/26/2026 1:35:55 PM","8/26/2026 1:35:55 PM",
"1765","18.4294","8/26/2026 1:35:55 PM","8/26/2026 1:35:55 PM",
"1766","18.4294","8/26/2026 1:35:55 PM","8/26/2026 1:35:55 PM",
"1767","18.42794","8/26/2026 1:35:55 PM","8/26/2026 1:35:55 PM",
"1768","18.42794","8/26/2026 1:35:55 PM","8/26/2026 1:35:55 PM",
"1769","18.42931","8/26/2026 1:35:55 PM","8/26/2026 1:35:55 PM",
"1770","18.42931","8/26/2026 1:35:55 PM","8/26/2026 1:35:55 PM",
"1771","18.42822","8/26/2026 1:35:55 PM","8/26/2026 1:35:55 PM",
"1772","18.42822","8/26/2026 1:35:55 PM","8/26/2026 1:35:55 PM",
"1773","18.4302","8/26/2026 1:35:55 PM","8/26/2026 1:35:55 PM",
"1774","18.4302","8/26/2026 1:35:55 PM","8/26/2026 1:35:55 PM",
"1775","18.42902","8/26/2026 1:35:55 PM","8/26/2026 1:35:55 PM",
"1776","18.42902","8/26/2026 1:35:55 PM","8/26/2026 1:35:55 PM",
"1777","18.42971","8/26/2026 1:35:55 PM","8/26/2026 1:35:55 PM",
"1778","18.42971","8/26/2026 1:35:55 PM","8/26/2026 1:35:55 PM",
"1779","18.42948","8/26/2026 1:35:55 PM","8/26/2026 1:35:55 PM",
"1780","18.42948","8/26/2026 1:35:55 PM","8/26/2026 1:35:55 PM",
"1781","18.42964","8/26/2026 1:35:55 PM","8/26/2026 1:35:55 PM",
"1782","18.42964","8/26/2026 1:35:55 PM","8/26/2026 1:35:55 PM",
"1783","18.42849","8/26/2026 1:35:55 PM","8/26/2026 1:35:55 PM",
"1784","18.42849","8/26/2026 1:35:55 PM","8/26/2026 1:35:55 PM",
"1785","18.43142","8/26/2026 1:35:55 PM","8/26/2026 1:35:55 PM",
"1786","18.43142","8/26/2026 1:35:55 PM","8/26/2026 1:35:55 PM",
"1787","18.42792","8/26/2026 1:35:55 PM","8/26/2026 1:35:55 PM",
"1788","18.42792","8/26/2026 1:35:55 PM","8/26/2026 1:35:55 PM",
"1789","18.42968","8/26/2026 1:35:55 PM","8/26/2026 1:35:55 PM",
"1790","18.42968","8/26/2026 1:35:55 PM","8/26/2026 1:35:55 PM",
"1791","18.42989","8/26/2026 1:35:55 PM","8/26/2026 1:35:55 PM",
"1792","18.42989","8/26/2026 1:35:55 PM","8/26/2026 1:35:55 PM",
"1793","18.42935","8/26/2026 1:35:55 PM","8/26/2026 1:35:55 PM",
"1794","18.42935","8/26/2026 1:35:55 PM","8/26/2026 1:35:55 PM",
"1795","18.42715","8/26/2026 1:35:55 PM","8/26/2026 1:35:55 PM",
"1796","18.42715","8/26/2026 1:35:55 PM","8/26/2026 1:35:55 PM",
"1797","18.42673","8/26/2026 1:35:55 PM","8/26/2026 1:35:55 PM",
"1798","18.42673","8/26/2026 1:35:55 PM","8/26/2026 1:35:55 PM",
"1799","18.42751","8/26/2026 1:35:55 PM","8/26/2026 1:35:55 PM",
"1800","18.42751","8/26/2026 1:35:55 PM","8/26/2026 1:35:55 PM",
"1801","18.42739","8/26/2026 1:35:55 PM","8/26/2026 1:35:55 PM",
"1802","18.42739","8/26/2026 1:35:55 PM","8/26/2026 1:35:55 PM",
"1803","18.4283","8/26/2026 1:35:55 PM","8/26/2026 1:35:55 PM",
"1804","18.4283","8/26/2026 1:35:55 PM","8/26/2026 1:35:55 PM",
"1805","18.42559","8/26/2026 1:35:55 PM","8/26/2026 1:35:55 PM",
"1806","18.42559","8/26/2026 1:35:55 PM","8/26/2026 1:35:55 PM",
"1807","18.42542","8/26/2026 1:35:56 PM","8/26/2026 1:35:56 PM",
"1808","18.42542","8/26/2026 1:35:56 PM","8/26/2026 1:35:56 PM",
"1809","18.42642","8/26/2026 1:35:56 PM","8/26/2026 1:35:56 PM",
"1810","18.42642","8/26/2026 1:35:56 PM","8/26/2026 1:35:56 PM",
"1811","18.42575","8/26/2026 1:35:56 PM","8/26/2026 1:35:56 PM",
"1812","18.42575","8/26/2026 1:35:56 PM","8/26/2026 1:35:56 PM",
"1813","18.4247","8/26/2026 1:35:56 PM","8/26/2026 1:35:56 PM",
"1814","18.4247","8/26/2026 1:35:56 PM","8/26/2026 1:35:56 PM",
"1815","18.42786","8/26/2026 1:35:56 PM","8/26/2026 1:35:56 PM",
"1816","18.42786","8/26/2026 1:35:56 PM","8/26/2026 1:35:56 PM",
"1817","18.43037","8/26/2026 1:35:56 PM","8/26/2026 1:35:56 PM",
"1818","18.43037","8/26/2026 1:35:56 PM","8/26/2026 1:35:56 PM",
"1819","18.42953","8/26/2026 1:35:56 PM","8/26/2026 1:35:56 PM",
"1820","18.42953","8/26/2026 1:35:56 PM","8/26/2026 1:35:56 PM",
"1821","18.42957","8/26/2026 1:35:56 PM","8/26/2026 1:35:56 PM",
"1822","18.42957","8/26/2026 1:35:56 PM","8/26/2026 1:35:56 PM",
"1823","18.428","8/26/2026 1:35:56 PM","8/26/2026 1:35:56 PM",
"1824","18.428","8/26/2026 1:35:56 PM","8/26/2026 1:35:56 PM",
"1825","18.42748","8/26/2026 1:35:56 PM","8/26/2026 1:35:56 PM",
"1826","18.42748","8/26/2026 1:35:56 PM","8/26/2026 1:35:56 PM",
"1827","18.42674","8/26/2026 1:35:56 PM","8/26/2026 1:35:56 PM",
"1828","18.42674","8/26/2026 1:35:56 PM","8/26/2026 1:35:56 PM",
"1829","18.42573","8/26/2026 1:35:56 PM","8/26/2026 1:35:56 PM",
"1830","18.42573","8/26/2026 1:35:56 PM","8/26/2026 1:35:56 PM",
"1831","18.42432","8/26/2026 1:35:56 PM","8/26/2026 1:35:56 PM",
"1832","18.42432","8/26/2026 1:35:56 PM","8/26/2026 1:35:56 PM",
"1833","18.42473","8/26/2026 1:35:56 PM","8/26/2026 1:35:56 PM",
"1834","18.42473","8/26/2026 1:35:56 PM","8/26/2026 1:35:56 PM",
"1835","18.42367","8/26/2026 1:35:56 PM","8/26/2026 1:35:56 PM",
"1836","18.42367","8/26/2026 1:35:56 PM","8/26/2026 1:35:56 PM",
"1837","18.42364","8/26/2026 1:35:56 PM","8/26/2026 1:35:56 PM",
"1838","18.42364","8/26/2026 1:35:56 PM","8/26/2026 1:35:56 PM",
"1839","18.42277","8/26/2026 1:35:56 PM","8/26/2026 1:35:56 PM",
"1840","18.42277","8/26/2026 1:35:56 PM","8/26/2026 1:35:56 PM",
"1841","18.42347","8/26/2026 1:35:56 PM","8/26/2026 1:35:56 PM",
"1842","18.42347","8/26/2026 1:35:56 PM","8/26/2026 1:35:56 PM",
"1843","18.42147","8/26/2026 1:35:56 PM","8/26/2026 1:35:56 PM",
"1844","18.42147","8/26/2026 1:35:56 PM","8/26/2026 1:35:56 PM",
"1845","18.42227","8/26/2026 1:35:56 PM","8/26/2026 1:35:56 PM",
"1846","18.42227","8/26/2026 1:35:56 PM","8/26/2026 1:35:56 PM",
"1847","18.42227","8/26/2026 1:35:56 PM","8/26/2026 1:35:56 PM",
"1848","18.42227","8/26/2026 1:35:56 PM","8/26/2026 1:35:56 PM",
"1849","18.42216","8/26/2026 1:35:56 PM","8/26/2026 1:35:56 PM",
"1850","18.42216","8/26/2026 1:35:56 PM","8/26/2026 1:35:56 PM",
"1851","18.42064","8/26/2026 1:35:56 PM","8/26/2026 1:35:56 PM",
"1852","18.42064","8/26/2026 1:35:56 PM","8/26/2026 1:35:56 PM",
"1853","18.42165","8/26/2026 1:35:56 PM","8/26/2026 1:35:56 PM",
"1854","18.42165","8/26/2026 1:35:56 PM","8/26/2026 1:35:56 PM",
"1855","18.42098","8/26/2026 1:35:56 PM","8/26/2026 1:35:56 PM",
"1856","18.42098","8/26/2026 1:35:56 PM","8/26/2026 1:35:56 PM",
"1857","18.42125","8/26/2026 1:35:56 PM","8/26/2026 1:35:56 PM",
"1858","18.42125","8/26/2026 1:35:56 PM","8/26/2026 1:35:56 PM",
"1859","18.4213","8/26/2026 1:35:56 PM","8/26/2026 1:35:56 PM",
"1860","18.4213","8/26/2026 1:35:56 PM","8/26/2026 1:35:56 PM",
"1861","18.4213","8/26/2026 1:35:56 PM","8/26/2026 1:35:56 PM",
"1862","18.42233","8/26/2026 1:35:56 PM","8/26/2026 1:35:56 PM",
"1863","18.42233","8/26/2026 1:35:56 PM","8/26/2026 1:35:56 PM",
"1864","18.42243","8/26/2026 1:35:56 PM","8/26/2026 1:35:56 PM",
"1865","18.42243","8/26/2026 1:35:56 PM","8/26/2026 1:35:56 PM",
"1866","18.4223","8/26/2026 1:35:56 PM","8/26/2026 1:35:56 PM",
"1867","18.4223","8/26/2026 1:35:56 PM","8/26/2026 1:35:56 PM",
"1868","18.42148","8/26/2026 1:35:56 PM","8/26/2026 1:35:56 PM",
"1869","18.42148","8/26/2026 1:35:56 PM","8/26/2026 1:35:56 PM",
"1870","18.4224","8/26/2026 1:35:56 PM","8/26/2026 1:35:56 PM",
"1871","18.42239","8/26/2026 1:35:56 PM","8/26/2026 1:35:56 PM",
"1872","18.42239","8/26/2026 1:35:56 PM","8/26/2026 1:35:56 PM",
"1873","18.42201","8/26/2026 1:35:56 PM","8/26/2026 1:35:56 PM",
"1874","18.42201","8/26/2026 1:35:56 PM","8/26/2026 1:35:56 PM",
"1875","18.42116","8/26/2026 1:35:56 PM","8/26/2026 1:35:56 PM",
"1876","18.42116","8/26/2026 1:35:56 PM","8/26/2026 1:35:56 PM",
"1877","18.42166","8/26/2026 1:35:56 PM","8/26/2026 1:35:56 PM",
"1878","18.42166","8/26/2026 1:35:56 PM","8/26/2026 1:35:56 PM",
"1879","18.42245","8/26/2026 1:35:56 PM","8/26/2026 1:35:56 PM",
"1880","18.42245","8/26/2026 1:35:56 PM","8/26/2026 1:35:56 PM",
"1881","18.4229","8/26/2026 1:35:56 PM","8/26/2026 1:35:56 PM",
"1882","18.4229","8/26/2026 1:35:56 PM","8/26/2026 1:35:56 PM",
"1883","18.42254","8/26/2026 1:35:56 PM","8/26/2026 1:35:56 PM",
"1884","18.42254","8/26/2026 1:35:56 PM","8/26/2026 1:35:56 PM",
"1885","18.42264","8/26/2026 1:35:56 PM","8/26/2026 1:35:56 PM",
"1886","18.42264","8/26/2026 1:35:56 PM","8/26/2026 1:35:56 PM",
"1887","18.42258","8/26/2026 1:35:56 PM","8/26/2026 1:35:56 PM",
"1888","18.42258","8/26/2026 1:35:56 PM","8/26/2026 1:35:56 PM",
"1889","18.42293","8/26/2026 1:35:56 PM","8/26/2026 1:35:56 PM",
"1890","18.42293","8/26/2026 1:35:56 PM","8/26/2026 1:35:56 PM",
"1891","18.42293","8/26/2026 1:35:56 PM","8/26/2026 1:35:56 PM",
"1892","18.42201","8/26/2026 1:35:56 PM","8/26/2026 1:35:56 PM",
"1893","18.42201","8/26/2026 1:35:56 PM","8/26/2026 1:35:56 PM",
"1894","18.42256","8/26/2026 1:35:56 PM","8/26/2026 1:35:56 PM",
"1895","18.42256","8/26/2026 1:35:56 PM","8/26/2026 1:35:56 PM",
"1896","18.42349","8/26/2026 1:35:56 PM","8/26/2026 1:35:56 PM",
"1897","18.42349","8/26/2026 1:35:56 PM","8/26/2026 1:35:56 PM",
"1898","18.42281","8/26/2026 1:35:56 PM","8/26/2026 1:35:56 PM",
"1899","18.42281","8/26/2026 1:35:56 PM","8/26/2026 1:35:56 PM",
"1900","18.42407","8/26/2026 1:35:56 PM","8/26/2026 1:35:56 PM",
"1901","18.42407","8/26/2026 1:35:56 PM","8/26/2026 1:35:56 PM",
"1902","18.42347","8/26/2026 1:35:56 PM","8/26/2026 1:35:56 PM",
"1903","18.42347","8/26/2026 1:35:56 PM","8/26/2026 1:35:56 PM",
"1904","18.42435","8/26/2026 1:35:56 PM","8/26/2026 1:35:56 PM",
"1905","18.42435","8/26/2026 1:35:56 PM","8/26/2026 1:35:56 PM",
"1906","18.42352","8/26/2026 1:35:56 PM","8/26/2026 1:35:56 PM",
"1907","18.42352","8/26/2026 1:35:57 PM","8/26/2026 1:35:57 PM",
"1908","18.42347","8/26/2026 1:35:57 PM","8/26/2026 1:35:57 PM",
"1909","18.42347","8/26/2026 1:35:57 PM","8/26/2026 1:35:57 PM",
"1910","18.42213","8/26/2026 1:35:57 PM","8/26/2026 1:35:57 PM",
"1911","18.42213","8/26/2026 1:35:57 PM","8/26/2026 1:35:57 PM",
"1912","18.4225","8/26/2026 1:35:57 PM","8/26/2026 1:35:57 PM",
"1913","18.4225","8/26/2026 1:35:57 PM","8/26/2026 1:35:57 PM",
"1914","18.42261","8/26/2026 1:35:57 PM","8/26/2026 1:35:57 PM",
"1915","18.42261","8/26/2026 1:35:57 PM","8/26/2026 1:35:57 PM",
"1916","18.42292","8/26/2026 1:35:57 PM","8/26/2026 1:35:57 PM",
"1917","18.42292","8/26/2026 1:35:57 PM","8/26/2026 1:35:57 PM",
"1918","18.42262","8/26/2026 1:35:57 PM","8/26/2026 1:35:57 PM",
"1919","18.42262","8/26/2026 1:35:57 PM","8/26/2026 1:35:57 PM",
"1920","18.42263","8/26/2026 1:35:57 PM","8/26/2026 1:35:57 PM",
"1921","18.42263","8/26/2026 1:35:57 PM","8/26/2026 1:35:57 PM",
"1922","18.42267","8/26/2026 1:35:57 PM","8/26/2026 1:35:57 PM",
"1923","18.42267","8/26/2026 1:35:57 PM","8/26/2026 1:35:57 PM",
"1924","18.42239","8/26/2026 1:35:57 PM","8/26/2026 1:35:57 PM",
"1925","18.42239","8/26/2026 1:35:57 PM","8/26/2026 1:35:57 PM",
"1926","18.42296","8/26/2026 1:35:57 PM","8/26/2026 1:35:57 PM",
"1927","18.42296","8/26/2026 1:35:57 PM","8/26/2026 1:35:57 PM",
"1928","18.42455","8/26/2026 1:35:57 PM","8/26/2026 1:35:57 PM",
"1929","18.42455","8/26/2026 1:35:57 PM","8/26/2026 1:35:57 PM",
"1930","18.42321","8/26/2026 1:35:57 PM","8/26/2026 1:35:57 PM",
"1931","18.42321","8/26/2026 1:35:57 PM","8/26/2026 1:35:57 PM",
"1932","18.4235","8/26/2026 1:35:57 PM","8/26/2026 1:35:57 PM",
"1933","18.4235","8/26/2026 1:35:57 PM","8/26/2026 1:35:57 PM",
"1934","18.42349","8/26/2026 1:35:57 PM","8/26/2026 1:35:57 PM",
"1935","18.42349","8/26/2026 1:35:57 PM","8/26/2026 1:35:57 PM",
"1936","18.42254","8/26/2026 1:35:57 PM","8/26/2026 1:35:57 PM",
"1937","18.42254","8/26/2026 1:35:57 PM","8/26/2026 1:35:57 PM",
"1938","18.42174","8/26/2026 1:35:57 PM","8/26/2026 1:35:57 PM",
"1939","18.42174","8/26/2026 1:35:57 PM","8/26/2026 1:35:57 PM",
"1940","18.42247","8/26/2026 1:35:57 PM","8/26/2026 1:35:57 PM",
"1941","18.42247","8/26/2026 1:35:57 PM","8/26/2026 1:35:57 PM",
"1942","18.42287","8/26/2026 1:35:57 PM","8/26/2026 1:35:57 PM",
"1943","18.42287","8/26/2026 1:35:57 PM","8/26/2026 1:35:57 PM",
"1944","18.42344","8/26/2026 1:35:57 PM","8/26/2026 1:35:57 PM",
"1945","18.42344","8/26/2026 1:35:57 PM","8/26/2026 1:35:57 PM",
"1946","18.42271","8/26/2026 1:35:57 PM","8/26/2026 1:35:57 PM",
"1947","18.42271","8/26/2026 1:35:57 PM","8/26/2026 1:35:57 PM",
"1948","18.42187","8/26/2026 1:35:57 PM","8/26/2026 1:35:57 PM",
"1949","18.42187","8/26/2026 1:35:57 PM","8/26/2026 1:35:57 PM",
"1950","18.42286","8/26/2026 1:35:57 PM","8/26/2026 1:35:57 PM",
"1951","18.42286","8/26/2026 1:35:57 PM","8/26/2026 1:35:57 PM",
"1952","18.4226","8/26/2026 1:35:57 PM","8/26/2026 1:35:57 PM",
"1953","18.4226","8/26/2026 1:35:57 PM","8/26/2026 1:35:57 PM",
"1954","18.42289","8/26/2026 1:35:57 PM","8/26/2026 1:35:57 PM",
"1955","18.42289","8/26/2026 1:35:57 PM","8/26/2026 1:35:57 PM",
"1956","18.42188","8/26/2026 1:35:57 PM","8/26/2026 1:35:57 PM",
"1957","18.42188","8/26/2026 1:35:57 PM","8/26/2026 1:35:57 PM",
"1958","18.42214","8/26/2026 1:35:57 PM","8/26/2026 1:35:57 PM",
"1959","18.42214","8/26/2026 1:35:57 PM","8/26/2026 1:35:57 PM",
"1960","18.42121","8/26/2026 1:35:57 PM","8/26/2026 1:35:57 PM",
"1961","18.42121","8/26/2026 1:35:57 PM","8/26/2026 1:35:57 PM",
"1962","18.42328","8/26/2026 1:35:57 PM","8/26/2026 1:35:57 PM",
"1963","18.42328","8/26/2026 1:35:57 PM","8/26/2026 1:35:57 PM",
"1964","18.42212","8/26/2026 1:35:57 PM","8/26/2026 1:35:57 PM",
"1965","18.42212","8/26/2026 1:35:57 PM","8/26/2026 1:35:57 PM",
"1966","18.42347","8/26/2026 1:35:57 PM","8/26/2026 1:35:57 PM",
"1967","18.42347","8/26/2026 1:35:57 PM","8/26/2026 1:35:57 PM",
"1968","18.423","8/26/2026 1:35:57 PM","8/26/2026 1:35:57 PM",
"1969","18.423","8/26/2026 1:35:57 PM","8/26/2026 1:35:57 PM",
"1970","18.42421","8/26/2026 1:35:57 PM","8/26/2026 1:35:57 PM",
"1971","18.42421","8/26/2026 1:35:57 PM","8/26/2026 1:35:57 PM",
"1972","18.42308","8/26/2026 1:35:57 PM","8/26/2026 1:35:57 PM",
"1973","18.42308","8/26/2026 1:35:57 PM","8/26/2026 1:35:57 PM",
"1974","18.42313","8/26/2026 1:35:57 PM","8/26/2026 1:35:57 PM",
"1975","18.42313","8/26/2026 1:35:57 PM","8/26/2026 1:35:57 PM",
"1976","18.42259","8/26/2026 1:35:57 PM","8/26/2026 1:35:57 PM",
"1977","18.42259","8/26/2026 1:35:57 PM","8/26/2026 1:35:57 PM",
"1978","18.4219","8/26/2026 1:35:57 PM","8/26/2026 1:35:57 PM",
"1979","18.4219","8/26/2026 1:35:57 PM","8/26/2026 1:35:57 PM",
"1980","18.42319","8/26/2026 1:35:57 PM","8/26/2026 1:35:57 PM",
"1981","18.42319","8/26/2026 1:35:57 PM","8/26/2026 1:35:57 PM",
"1982","18.4233","8/26/2026 1:35:57 PM","8/26/2026 1:35:57 PM",
"1983","18.4233","8/26/2026 1:35:57 PM","8/26/2026 1:35:57 PM",
"1984","18.42432","8/26/2026 1:35:57 PM","8/26/2026 1:35:57 PM",
"1985","18.42432","8/26/2026 1:35:57 PM","8/26/2026 1:35:57 PM",
"1986","18.42225","8/26/2026 1:35:57 PM","8/26/2026 1:35:57 PM",
"1987","18.42225","8/26/2026 1:35:57 PM","8/26/2026 1:35:57 PM",
"1988","18.42311","8/26/2026 1:35:57 PM","8/26/2026 1:35:57 PM",
"1989","18.42311","8/26/2026 1:35:57 PM","8/26/2026 1:35:57 PM",
"1990","18.42226","8/26/2026 1:35:57 PM","8/26/2026 1:35:57 PM",
"1991","18.42226","8/26/2026 1:35:57 PM","8/26/2026 1:35:57 PM",
"1992","18.42246","8/26/2026 1:35:57 PM","8/26/2026 1:35:57 PM",
"1993","18.42246","8/26/2026 1:35:57 PM","8/26/2026 1:35:57 PM",
"1994","18.42341","8/26/2026 1:35:57 PM","8/26/2026 1:35:57 PM",
"1995","18.42341","8/26/2026 1:35:57 PM","8/26/2026 1:35:57 PM",
"1996","18.42083","8/26/2026 1:35:57 PM","8/26/2026 1:35:57 PM",
"1997","18.42083","8/26/2026 1:35:57 PM","8/26/2026 1:35:57 PM",
"1998","18.42328","8/26/2026 1:35:57 PM","8/26/2026 1:35:57 PM",
"1999","18.42328","8/26/2026 1:35:57 PM","8/26/2026 1:35:57 PM",
"2000","18.42431","8/26/2026 1:35:57 PM","8/26/2026 1:35:57 PM",
"2001","18.42431","8/26/2026 1:35:57 PM","8/26/2026 1:35:57 PM",
"2002","18.42386","8/26/2026 1:35:57 PM","8/26/2026 1:35:57 PM",
"2003","18.42386","8/26/2026 1:35:57 PM","8/26/2026 1:35:57 PM",
"2004","18.42377","8/26/2026 1:35:57 PM","8/26/2026 1:35:57 PM",
"2005","18.42377","8/26/2026 1:35:57 PM","8/26/2026 1:35:57 PM",
"2006","18.42347","8/26/2026 1:35:57 PM","8/26/2026 1:35:57 PM",
"2007","18.42347","8/26/2026 1:35:58 PM","8/26/2026 1:35:58 PM",
"2008","18.42261","8/26/2026 1:35:58 PM","8/26/2026 1:35:58 PM",
"2009","18.42261","8/26/2026 1:35:58 PM","8/26/2026 1:35:58 PM",
"2010","18.4228","8/26/2026 1:35:58 PM","8/26/2026 1:35:58 PM",
"2011","18.4228","8/26/2026 1:35:58 PM","8/26/2026 1:35:58 PM",
"2012","18.42271","8/26/2026 1:35:58 PM","8/26/2026 1:35:58 PM",
"2013","18.42271","8/26/2026 1:35:58 PM","8/26/2026 1:35:58 PM",
"2014","18.423","8/26/2026 1:35:58 PM","8/26/2026 1:35:58 PM",
"2015","18.423","8/26/2026 1:35:58 PM","8/26/2026 1:35:58 PM",
"2016","18.42397","8/26/2026 1:35:58 PM","8/26/2026 1:35:58 PM",
"2017","18.42397","8/26/2026 1:35:58 PM","8/26/2026 1:35:58 PM",
"2018","18.42249","8/26/2026 1:35:58 PM","8/26/2026 1:35:58 PM",
"2019","18.42249","8/26/2026 1:35:58 PM","8/26/2026 1:35:58 PM",
"2020","18.4238","8/26/2026 1:35:58 PM","8/26/2026 1:35:58 PM",
"2021","18.4238","8/26/2026 1:35:58 PM","8/26/2026 1:35:58 PM",
"2022","18.42273","8/26/2026 1:35:58 PM","8/26/2026 1:35:58 PM",
"2023","18.42273","8/26/2026 1:35:58 PM","8/26/2026 1:35:58 PM",
"2024","18.42314","8/26/2026 1:35:58 PM","8/26/2026 1:35:58 PM",
"2025","18.42314","8/26/2026 1:35:58 PM","8/26/2026 1:35:58 PM",
"2026","18.42248","8/26/2026 1:35:58 PM","8/26/2026 1:35:58 PM",
"2027","18.42248","8/26/2026 1:35:58 PM","8/26/2026 1:35:58 PM",
"2028","18.42084","8/26/2026 1:35:58 PM","8/26/2026 1:35:58 PM",
"2029","18.42084","8/26/2026 1:35:58 PM","8/26/2026 1:35:58 PM",
"2030","18.42278","8/26/2026 1:35:58 PM","8/26/2026 1:35:58 PM",
"2031","18.42278","8/26/2026 1:35:58 PM","8/26/2026 1:35:58 PM",
"2032","18.4288","8/26/2026 1:35:58 PM","8/26/2026 1:35:58 PM",
"2033","18.4288","8/26/2026 1:35:58 PM","8/26/2026 1:35:58 PM",
"2034","18.41652","8/26/2026 1:35:58 PM","8/26/2026 1:35:58 PM",
"2035","18.41652","8/26/2026 1:35:58 PM","8/26/2026 1:35:58 PM",
"2036","18.42365","8/26/2026 1:35:58 PM","8/26/2026 1:35:58 PM",
"2037","18.42365","8/26/2026 1:35:58 PM","8/26/2026 1:35:58 PM",
"2038","18.42457","8/26/2026 1:35:58 PM","8/26/2026 1:35:58 PM",
"2039","18.42457","8/26/2026 1:35:58 PM","8/26/2026 1:35:58 PM",
"2040","18.42297","8/26/2026 1:35:58 PM","8/26/2026 1:35:58 PM",
"2041","18.42297","8/26/2026 1:35:58 PM","8/26/2026 1:35:58 PM",
"2042","18.42341","8/26/2026 1:35:58 PM","8/26/2026 1:35:58 PM",
"2043","18.42341","8/26/2026 1:35:58 PM","8/26/2026 1:35:58 PM",
"2044","18.42209","8/26/2026 1:35:58 PM","8/26/2026 1:35:58 PM",
"2045","18.42209","8/26/2026 1:35:58 PM","8/26/2026 1:35:58 PM",
"2046","18.42365","8/26/2026 1:35:58 PM","8/26/2026 1:35:58 PM",
"2047","18.42365","8/26/2026 1:35:58 PM","8/26/2026 1:35:58 PM",
"2048","18.42079","8/26/2026 1:35:58 PM","8/26/2026 1:35:58 PM",
"2049","18.42079","8/26/2026 1:35:58 PM","8/26/2026 1:35:58 PM",
"2050","18.42511","8/26/2026 1:35:58 PM","8/26/2026 1:35:58 PM",
"2051","18.42511","8/26/2026 1:35:58 PM","8/26/2026 1:35:58 PM",
"2052","18.42201","8/26/2026 1:35:58 PM","8/26/2026 1:35:58 PM",
"2053","18.42201","8/26/2026 1:35:58 PM","8/26/2026 1:35:58 PM",
"2054","18.42286","8/26/2026 1:35:58 PM","8/26/2026 1:35:58 PM",
"2055","18.42286","8/26/2026 1:35:58 PM","8/26/2026 1:35:58 PM",
"2056","18.42173","8/26/2026 1:35:58 PM","8/26/2026 1:35:58 PM",
"2057","18.42173","8/26/2026 1:35:58 PM","8/26/2026 1:35:58 PM",
"2058","18.42311","8/26/2026 1:35:58 PM","8/26/2026 1:35:58 PM",
"2059","18.42311","8/26/2026 1:35:58 PM","8/26/2026 1:35:58 PM",
"2060","18.42351","8/26/2026 1:35:58 PM","8/26/2026 1:35:58 PM",
"2061","18.42351","8/26/2026 1:35:58 PM","8/26/2026 1:35:58 PM",
"2062","18.42419","8/26/2026 1:35:58 PM","8/26/2026 1:35:58 PM",
"2063","18.42419","8/26/2026 1:35:58 PM","8/26/2026 1:35:58 PM",
"2064","18.42285","8/26/2026 1:35:58 PM","8/26/2026 1:35:58 PM",
"2065","18.42285","8/26/2026 1:35:58 PM","8/26/2026 1:35:58 PM",
"2066","18.42341","8/26/2026 1:35:58 PM","8/26/2026 1:35:58 PM",
"2067","18.42341","8/26/2026 1:35:58 PM","8/26/2026 1:35:58 PM",
"2068","18.42375","8/26/2026 1:35:58 PM","8/26/2026 1:35:58 PM",
"2069","18.42375","8/26/2026 1:35:58 PM","8/26/2026 1:35:58 PM",
"2070","18.42249","8/26/2026 1:35:58 PM","8/26/2026 1:35:58 PM",
"2071","18.42249","8/26/2026 1:35:58 PM","8/26/2026 1:35:58 PM",
"2072","18.42371","8/26/2026 1:35:58 PM","8/26/2026 1:35:58 PM",
"2073","18.42371","8/26/2026 1:35:58 PM","8/26/2026 1:35:58 PM",
"2074","18.42368","8/26/2026 1:35:58 PM","8/26/2026 1:35:58 PM",
"2075","18.42368","8/26/2026 1:35:58 PM","8/26/2026 1:35:58 PM",
"2076","18.42257","8/26/2026 1:35:58 PM","8/26/2026 1:35:58 PM",
"2077","18.42257","8/26/2026 1:35:58 PM","8/26/2026 1:35:58 PM",
"2078","18.42272","8/26/2026 1:35:58 PM","8/26/2026 1:35:58 PM",
"2079","18.42272","8/26/2026 1:35:58 PM","8/26/2026 1:35:58 PM",
"2080","18.42356","8/26/2026 1:35:58 PM","8/26/2026 1:35:58 PM",
"2081","18.42356","8/26/2026 1:35:58 PM","8/26/2026 1:35:58 PM",
"2082","18.42282","8/26/2026 1:35:58 PM","8/26/2026 1:35:58 PM",
"2083","18.42282","8/26/2026 1:35:58 PM","8/26/2026 1:35:58 PM",
"2084","18.42243","8/26/2026 1:35:58 PM","8/26/2026 1:35:58 PM",
"2085","18.42243","8/26/2026 1:35:58 PM","8/26/2026 1:35:58 PM",
"2086","18.42436","8/26/2026 1:35:58 PM","8/26/2026 1:35:58 PM",
"2087","18.42436","8/26/2026 1:35:58 PM","8/26/2026 1:35:58 PM",
"2088","18.42202","8/26/2026 1:35:58 PM","8/26/2026 1:35:58 PM",
"2089","18.42202","8/26/2026 1:35:58 PM","8/26/2026 1:35:58 PM",
"2090","18.42359","8/26/2026 1:35:58 PM","8/26/2026 1:35:58 PM",
"2091","18.42359","8/26/2026 1:35:58 PM","8/26/2026 1:35:58 PM",
"2092","18.4218","8/26/2026 1:35:58 PM","8/26/2026 1:35:58 PM",
"2093","18.4218","8/26/2026 1:35:58 PM","8/26/2026 1:35:58 PM",
"2094","18.42319","8/26/2026 1:35:58 PM","8/26/2026 1:35:58 PM",
"2095","18.42319","8/26/2026 1:35:58 PM","8/26/2026 1:35:58 PM",
"2096","18.4235","8/26/2026 1:35:58 PM","8/26/2026 1:35:58 PM",
"2097","18.4235","8/26/2026 1:35:58 PM","8/26/2026 1:35:58 PM",
"2098","18.42442","8/26/2026 1:35:58 PM","8/26/2026 1:35:58 PM",
"2099","18.42442","8/26/2026 1:35:58 PM","8/26/2026 1:35:58 PM",
"2100","18.4236","8/26/2026 1:35:58 PM","8/26/2026 1:35:58 PM",
"2101","18.4236","8/26/2026 1:35:58 PM","8/26/2026 1:35:58 PM",
"2102","18.42407","8/26/2026 1:35:58 PM","8/26/2026 1:35:58 PM",
"2103","18.42407","8/26/2026 1:35:58 PM","8/26/2026 1:35:58 PM",
"2104","18.42336","8/26/2026 1:35:58 PM","8/26/2026 1:35:58 PM",
"2105","18.42336","8/26/2026 1:35:58 PM","8/26/2026 1:35:58 PM",
"2106","18.42348","8/26/2026 1:35:58 PM","8/26/2026 1:35:58 PM",
"2107","18.42348","8/26/2026 1:35:59 PM","8/26/2026 1:35:59 PM",
"2108","18.42383","8/26/2026 1:35:59 PM","8/26/2026 1:35:59 PM",
"2109","18.42383","8/26/2026 1:35:59 PM","8/26/2026 1:35:59 PM",
"2110","18.4233","8/26/2026 1:35:59 PM","8/26/2026 1:35:59 PM",
"2111","18.4233","8/26/2026 1:35:59 PM","8/26/2026 1:35:59 PM",
"2112","18.42411","8/26/2026 1:35:59 PM","8/26/2026 1:35:59 PM",
"2113","18.42411","8/26/2026 1:35:59 PM","8/26/2026 1:35:59 PM",
"2114","18.42387","8/26/2026 1:35:59 PM","8/26/2026 1:35:59 PM",
"2115","18.42387","8/26/2026 1:35:59 PM","8/26/2026 1:35:59 PM",
"2116","18.42323","8/26/2026 1:35:59 PM","8/26/2026 1:35:59 PM",
"2117","18.42323","8/26/2026 1:35:59 PM","8/26/2026 1:35:59 PM",
"2118","18.4236","8/26/2026 1:35:59 PM","8/26/2026 1:35:59 PM",
"2119","18.4236","8/26/2026 1:35:59 PM","8/26/2026 1:35:59 PM",
"2120","18.42284","8/26/2026 1:35:59 PM","8/26/2026 1:35:59 PM",
"2121","18.42284","8/26/2026 1:35:59 PM","8/26/2026 1:35:59 PM",
"2122","18.42233","8/26/2026 1:35:59 PM","8/26/2026 1:35:59 PM",
"2123","18.42233","8/26/2026 1:35:59 PM","8/26/2026 1:35:59 PM",
"2124","18.4236","8/26/2026 1:35:59 PM","8/26/2026 1:35:59 PM",
"2125","18.4236","8/26/2026 1:35:59 PM","8/26/2026 1:35:59 PM",
"2126","18.42357","8/26/2026 1:35:59 PM","8/26/2026 1:35:59 PM",
"2127","18.42357","8/26/2026 1:35:59 PM","8/26/2026 1:35:59 PM",
"2128","18.42294","8/26/2026 1:35:59 PM","8/26/2026 1:35:59 PM",
"2129","18.42294","8/26/2026 1:35:59 PM","8/26/2026 1:35:59 PM",
"2130","18.4238","8/26/2026 1:35:59 PM","8/26/2026 1:35:59 PM",
"2131","18.4238","8/26/2026 1:35:59 PM","8/26/2026 1:35:59 PM",
"2132","18.42385","8/26/2026 1:35:59 PM","8/26/2026 1:35:59 PM",
"2133","18.42385","8/26/2026 1:35:59 PM","8/26/2026 1:35:59 PM",
"2134","18.42423","8/26/2026 1:35:59 PM","8/26/2026 1:35:59 PM",
"2135","18.42423","8/26/2026 1:35:59 PM","8/26/2026 1:35:59 PM",
"2136","18.42285","8/26/2026 1:35:59 PM","8/26/2026 1:35:59 PM",
"2137","18.42285","8/26/2026 1:35:59 PM","8/26/2026 1:35:59 PM",
"2138","18.42436","8/26/2026 1:35:59 PM","8/26/2026 1:35:59 PM",
"2139","18.42436","8/26/2026 1:35:59 PM","8/26/2026 1:35:59 PM",
"2140","18.42306","8/26/2026 1:35:59 PM","8/26/2026 1:35:59 PM",
"2141","18.42306","8/26/2026 1:35:59 PM","8/26/2026 1:35:59 PM",
"2142","18.42394","8/26/2026 1:35:59 PM","8/26/2026 1:35:59 PM",
"2143","18.42394","8/26/2026 1:35:59 PM","8/26/2026 1:35:59 PM",
"2144","18.42379","8/26/2026 1:35:59 PM","8/26/2026 1:35:59 PM",
"2145","18.42379","8/26/2026 1:35:59 PM","8/26/2026 1:35:59 PM",
"2146","18.42321","8/26/2026 1:35:59 PM","8/26/2026 1:35:59 PM",

